trade_date,signal_date,rebalance_number,action,symbol,quantity,price,trade_value,entry_date,entry_price,average_cost_before,average_cost_after,position_after,realized_pnl,pnl_vs_entry_price,cash_after,reason
2010-05-17,2010-05-14,1,ENTRY,ADANIENT,266.00,75.0309,19958.21,2010-05-17,75.0309,0.0000,75.0309,266.00,,,80041.79,Entered: rank 5 of 101 (top.n=5)
2010-05-17,2010-05-14,1,ENTRY,BAJAJFINSV,391.00,51.1496,19999.49,2010-05-17,51.1496,0.0000,51.1496,391.00,,,60042.30,Entered: rank 3 of 101 (top.n=5)
2010-05-17,2010-05-14,1,ENTRY,COROMANDEL,135.00,148.1105,19994.91,2010-05-17,148.1105,0.0000,148.1105,135.00,,,40047.39,Entered: rank 1 of 101 (top.n=5)
2010-05-17,2010-05-14,1,ENTRY,SUPREMEIND,252.00,79.0798,19928.12,2010-05-17,79.0798,0.0000,79.0798,252.00,,,20119.26,"Entered: rank 6 of 101 (top.n=5, higher-ranked names skipped by sector cap)"
2010-05-17,2010-05-14,1,ENTRY,TITAN,192.00,104.0244,19972.69,2010-05-17,104.0244,0.0000,104.0244,192.00,,,146.57,Entered: rank 2 of 101 (top.n=5)
2010-06-14,2010-06-11,2,EXIT,ADANIENT,266.00,69.4258,18467.27,2010-05-17,75.0309,75.0309,0.0000,0.00,-1490.94,-1490.94,18613.84,"Rank 34 of 102, below exit rank 5"
2010-06-14,2010-06-11,2,EXIT,BAJAJFINSV,391.00,45.1661,17659.93,2010-05-17,51.1496,51.1496,0.0000,0.00,-2339.56,-2339.56,36273.77,"Rank 5 of 102, within exit rank 5 but not reselected (sector cap or book capacity)"
2010-06-14,2010-06-11,2,EXIT,SUPREMEIND,252.00,81.9267,20645.53,2010-05-17,79.0798,79.0798,0.0000,0.00,717.41,717.41,56919.30,"Rank 29 of 102, below exit rank 5"
2010-06-14,2010-06-11,2,TRIM,COROMANDEL,13.00,161.1829,2095.38,2010-05-17,148.1105,148.1105,148.1105,122.00,169.94,,59014.68,"Re-sized to target allocation (rank 3 of 102, in top.n selection)"
2010-06-14,2010-06-11,2,TRIM,TITAN,3.00,103.8359,311.51,2010-05-17,104.0244,104.0244,104.0244,189.00,-0.57,,59326.19,"Re-sized to target allocation (rank 8 of 102, in top.n selection)"
2010-06-14,2010-06-11,2,ENTRY,BAJFINANCE,4735.00,4.1649,19720.57,2010-06-14,4.1649,0.0000,4.1649,4735.00,,,39605.62,Entered: rank 2 of 102 (top.n=5)
2010-06-14,2010-06-11,2,ENTRY,DRREDDY,76.00,256.2977,19478.63,2010-06-14,256.2977,0.0000,256.2977,76.00,,,20126.99,"Entered: rank 12 of 102 (top.n=5, higher-ranked names skipped by sector cap)"
2010-06-14,2010-06-11,2,ENTRY,EICHERMOT,263.00,74.7134,19649.62,2010-06-14,74.7134,0.0000,74.7134,263.00,,,477.37,Entered: rank 1 of 102 (top.n=5)
2010-07-12,2010-07-09,3,EXIT,DRREDDY,76.00,264.6699,20114.91,2010-06-14,256.2977,256.2977,0.0000,0.00,636.28,636.28,20592.28,"Rank 22 of 103, below exit rank 5"
2010-07-12,2010-07-09,3,EXIT,TITAN,189.00,116.1288,21948.34,2010-05-17,104.0244,104.0244,0.0000,0.00,2287.72,2287.72,42540.62,"Rank 9 of 103, below exit rank 5"
2010-07-12,2010-07-09,3,ADD,BAJFINANCE,7.00,4.5452,31.82,2010-06-14,4.1649,4.1649,4.1654,4742.00,,,42508.81,"Re-sized to target allocation (rank 2 of 103, in top.n selection)"
2010-07-12,2010-07-09,3,TRIM,COROMANDEL,2.00,178.2093,356.42,2010-05-17,148.1105,148.1105,148.1105,120.00,60.20,,42865.22,"Re-sized to target allocation (rank 1 of 103, in top.n selection)"
2010-07-12,2010-07-09,3,TRIM,EICHERMOT,6.00,83.5745,501.45,2010-06-14,74.7134,74.7134,74.7134,257.00,53.17,,43366.67,"Re-sized to target allocation (rank 7 of 103, in top.n selection)"
2010-07-12,2010-07-09,3,ENTRY,HINDPETRO,611.00,35.2312,21526.28,2010-07-12,35.2312,0.0000,35.2312,611.00,,,21840.39,"Entered: rank 6 of 103 (top.n=5, higher-ranked names skipped by sector cap)"
2010-07-12,2010-07-09,3,ENTRY,JUBLFOOD,664.00,32.4501,21546.89,2010-07-12,32.4501,0.0000,32.4501,664.00,,,293.50,Entered: rank 5 of 103 (top.n=5)
2010-08-09,2010-08-06,4,EXIT,HINDPETRO,611.00,32.0676,19593.32,2010-07-12,35.2312,35.2312,0.0000,0.00,-1932.97,-1932.97,19886.81,"Rank 8 of 103, below exit rank 5"
2010-08-09,2010-08-06,4,EXIT,JUBLFOOD,664.00,40.3681,26804.44,2010-07-12,32.4501,32.4501,0.0000,0.00,5257.55,5257.55,46691.25,"Rank 18 of 103, below exit rank 5"
2010-08-09,2010-08-06,4,TRIM,BAJFINANCE,243.00,5.2820,1283.52,2010-06-14,4.1649,4.1654,4.1654,4499.00,271.33,,47974.78,"Re-sized to target allocation (rank 1 of 103, in top.n selection)"
2010-08-09,2010-08-06,4,TRIM,COROMANDEL,3.00,201.4451,604.34,2010-05-17,148.1105,148.1105,148.1105,117.00,160.00,,48579.11,"Re-sized to target allocation (rank 2 of 103, in top.n selection)"
2010-08-09,2010-08-06,4,ADD,EICHERMOT,9.00,89.2311,803.08,2010-06-14,74.7134,74.7134,75.2046,266.00,,,47776.03,"Re-sized to target allocation (rank 5 of 103, in top.n selection)"
2010-08-09,2010-08-06,4,ENTRY,PAGEIND,22.00,1056.0856,23233.88,2010-08-09,1056.0856,0.0000,1056.0856,22.00,,,24542.15,Entered: rank 4 of 103 (top.n=5)
2010-08-09,2010-08-06,4,ENTRY,TITAN,182.00,130.4714,23745.80,2010-08-09,130.4714,0.0000,130.4714,182.00,,,796.35,"Entered: rank 6 of 103 (top.n=5, higher-ranked names skipped by sector cap)"
2010-09-06,2010-09-03,5,EXIT,BAJFINANCE,4499.00,5.8590,26359.71,2010-06-14,4.1649,4.1654,0.0000,0.00,7619.52,7622.05,27156.06,"Rank 6 of 104, below exit rank 5"
2010-09-06,2010-09-03,5,EXIT,PAGEIND,22.00,1051.1284,23124.82,2010-08-09,1056.0856,1056.0856,0.0000,0.00,-109.06,-109.06,50280.88,"Rank 8 of 104, below exit rank 5"
2010-09-06,2010-09-03,5,EXIT,TITAN,182.00,139.2620,25345.69,2010-08-09,130.4714,130.4714,0.0000,0.00,1599.89,1599.89,75626.57,"Rank 12 of 104, below exit rank 5"
2010-09-06,2010-09-03,5,ADD,COROMANDEL,2.00,219.3386,438.68,2010-05-17,148.1105,148.1105,149.3076,119.00,,,75187.89,"Re-sized to target allocation (rank 5 of 104, in top.n selection)"
2010-09-06,2010-09-03,5,TRIM,EICHERMOT,35.00,113.4864,3972.02,2010-06-14,74.7134,75.2046,75.2046,231.00,1339.86,,79159.92,"Re-sized to target allocation (rank 3 of 104, in top.n selection)"
2010-09-06,2010-09-03,5,ENTRY,GODREJPROP,74.00,350.8498,25962.88,2010-09-06,350.8498,0.0000,350.8498,74.00,,,53197.03,Entered: rank 4 of 104 (top.n=5)
2010-09-06,2010-09-03,5,ENTRY,HINDPETRO,675.00,38.9023,26259.03,2010-09-06,38.9023,0.0000,38.9023,675.00,,,26938.00,Entered: rank 2 of 104 (top.n=5)
2010-09-06,2010-09-03,5,ENTRY,TRENT,237.00,110.5883,26209.44,2010-09-06,110.5883,0.0000,110.5883,237.00,,,728.56,Entered: rank 1 of 104 (top.n=5)
2010-10-05,2010-10-04,6,EXIT,GODREJPROP,74.00,331.7913,24552.56,2010-09-06,350.8498,350.8498,0.0000,0.00,-1410.33,-1410.33,25281.12,"Rank 20 of 104, below exit rank 5"
2010-10-05,2010-10-04,6,EXIT,HINDPETRO,675.00,38.2549,25822.05,2010-09-06,38.9023,38.9023,0.0000,0.00,-436.99,-436.99,51103.17,"Rank 16 of 104, below exit rank 5"
2010-10-05,2010-10-04,6,EXIT,TRENT,237.00,100.3863,23791.54,2010-09-06,110.5883,110.5883,0.0000,0.00,-2417.90,-2417.90,74894.71,"Rank 11 of 104, below exit rank 5"
2010-10-05,2010-10-04,6,TRIM,COROMANDEL,8.00,235.7824,1886.26,2010-05-17,148.1105,149.3076,149.3076,111.00,691.80,,76780.97,"Re-sized to target allocation (rank 10 of 104, in top.n selection)"
2010-10-05,2010-10-04,6,TRIM,EICHERMOT,16.00,121.5420,1944.67,2010-06-14,74.7134,75.2046,75.2046,215.00,741.40,,78725.64,"Re-sized to target allocation (rank 7 of 104, in top.n selection)"
2010-10-05,2010-10-04,6,ENTRY,ASTRAL,1669.00,15.6940,26193.24,2010-10-05,15.6940,0.0000,15.6940,1669.00,,,52532.40,Entered: rank 5 of 104 (top.n=5)
2010-10-05,2010-10-04,6,ENTRY,BAJFINANCE,3808.00,6.8808,26202.05,2010-10-05,6.8808,0.0000,6.8808,3808.00,,,26330.35,Entered: rank 1 of 104 (top.n=5)
2010-10-05,2010-10-04,6,ENTRY,JUBLFOOD,554.00,47.2745,26190.06,2010-10-05,47.2745,0.0000,47.2745,554.00,,,140.29,Entered: rank 2 of 104 (top.n=5)
2010-11-02,2010-11-01,7,EXIT,ASTRAL,1669.00,15.7332,26258.69,2010-10-05,15.6940,15.6940,0.0000,0.00,65.45,65.45,26398.98,"Rank 15 of 104, below exit rank 5"
2010-11-02,2010-11-01,7,EXIT,COROMANDEL,111.00,246.0645,27313.16,2010-05-17,148.1105,149.3076,0.0000,0.00,10740.02,10872.90,53712.14,"Rank 25 of 104, below exit rank 5"
2010-11-02,2010-11-01,7,EXIT,EICHERMOT,215.00,117.0229,25159.93,2010-06-14,74.7134,75.2046,0.0000,0.00,8990.94,9096.55,78872.06,"Rank 12 of 104, below exit rank 5"
2010-11-02,2010-11-01,7,TRIM,BAJFINANCE,28.00,7.1462,200.09,2010-10-05,6.8808,6.8808,6.8808,3780.00,7.43,,79072.16,"Re-sized to target allocation (rank 2 of 104, in top.n selection)"
2010-11-02,2010-11-01,7,TRIM,JUBLFOOD,38.00,52.3327,1988.64,2010-10-05,47.2745,47.2745,47.2745,516.00,192.21,,81060.80,"Re-sized to target allocation (rank 1 of 104, in top.n selection)"
2010-11-02,2010-11-01,7,ENTRY,SRF,414.00,65.2188,27000.58,2010-11-02,65.2188,0.0000,65.2188,414.00,,,54060.22,Entered: rank 3 of 104 (top.n=5)
2010-11-02,2010-11-01,7,ENTRY,TITAN,152.00,177.1057,26920.06,2010-11-02,177.1057,0.0000,177.1057,152.00,,,27140.16,Entered: rank 5 of 104 (top.n=5)
2010-11-02,2010-11-01,7,ENTRY,TMPV,125.00,215.6713,26958.91,2010-11-02,215.6713,0.0000,215.6713,125.00,,,181.25,"Entered: rank 7 of 104 (top.n=5, higher-ranked names skipped by sector cap)"
2010-12-02,2010-12-01,8,EXIT,BAJFINANCE,3780.00,6.3739,24093.33,2010-10-05,6.8808,6.8808,0.0000,0.00,-1916.06,-1916.06,24274.58,"Rank 14 of 104, below exit rank 5"
2010-12-02,2010-12-01,8,EXIT,TITAN,152.00,177.1403,26925.33,2010-11-02,177.1057,177.1057,0.0000,0.00,5.27,5.27,51199.91,"Rank 12 of 104, below exit rank 5"
2010-12-02,2010-12-01,8,TRIM,JUBLFOOD,72.00,60.7808,4376.22,2010-10-05,47.2745,47.2745,47.2745,444.00,972.45,,55576.13,"Re-sized to target allocation (rank 1 of 104, in top.n selection)"
2010-12-02,2010-12-01,8,ADD,SRF,77.00,54.9386,4230.27,2010-11-02,65.2188,65.2188,63.6066,491.00,,,51345.86,"Re-sized to target allocation (rank 6 of 104, in top.n selection)"
2010-12-02,2010-12-01,8,TRIM,TMPV,12.00,238.3542,2860.25,2010-11-02,215.6713,215.6713,215.6713,113.00,272.19,,54206.11,"Re-sized to target allocation (rank 2 of 104, in top.n selection)"
2010-12-02,2010-12-01,8,ENTRY,M&MFIN,342.00,78.9335,26995.27,2010-12-02,78.9335,0.0000,78.9335,342.00,,,27210.85,Entered: rank 4 of 104 (top.n=5)
2010-12-02,2010-12-01,8,ENTRY,PAGEIND,22.00,1212.6306,26677.87,2010-12-02,1212.6306,0.0000,1212.6306,22.00,,,532.97,Entered: rank 3 of 104 (top.n=5)
2010-12-31,2010-12-30,9,EXIT,JUBLFOOD,444.00,60.9899,27079.53,2010-10-05,47.2745,47.2745,0.0000,0.00,6089.65,6089.65,27612.50,"Rank 27 of 104, below exit rank 5"
2010-12-31,2010-12-30,9,EXIT,M&MFIN,342.00,71.7069,24523.75,2010-12-02,78.9335,78.9335,0.0000,0.00,-2471.52,-2471.52,52136.25,"Rank 18 of 104, below exit rank 5"
2010-12-31,2010-12-30,9,EXIT,PAGEIND,22.00,1225.3060,26956.73,2010-12-02,1212.6306,1212.6306,0.0000,0.00,278.86,278.86,79092.98,"Rank 11 of 104, below exit rank 5"
2010-12-31,2010-12-30,9,EXIT,TMPV,113.00,239.6756,27083.34,2010-11-02,215.6713,215.6713,0.0000,0.00,2712.48,2712.48,106176.32,"Rank 7 of 104, below exit rank 5"
2010-12-31,2010-12-30,9,TRIM,SRF,10.00,55.4360,554.36,2010-11-02,65.2188,63.6066,63.6066,481.00,-81.71,,106730.68,"Re-sized to target allocation (rank 4 of 104, in top.n selection)"
2010-12-31,2010-12-30,9,ENTRY,HINDALCO,123.00,215.5756,26515.80,2010-12-31,215.5756,0.0000,215.5756,123.00,,,80214.88,Entered: rank 1 of 104 (top.n=5)
2010-12-31,2010-12-30,9,ENTRY,NESTLEIND,170.00,156.9036,26673.61,2010-12-31,156.9036,0.0000,156.9036,170.00,,,53541.27,Entered: rank 5 of 104 (top.n=5)
2010-12-31,2010-12-30,9,ENTRY,SUNPHARMA,122.00,217.0804,26483.81,2010-12-31,217.0804,0.0000,217.0804,122.00,,,27057.46,Entered: rank 2 of 104 (top.n=5)
2010-12-31,2010-12-30,9,ENTRY,TCS,64.00,412.3878,26392.82,2010-12-31,412.3878,0.0000,412.3878,64.00,,,664.64,Entered: rank 3 of 104 (top.n=5)
2011-01-31,2011-01-28,10,EXIT,NESTLEIND,170.00,145.9675,24814.48,2010-12-31,156.9036,156.9036,0.0000,0.00,-1859.13,-1859.13,25479.12,"Rank 16 of 104, below exit rank 5"
2011-01-31,2011-01-28,10,ADD,HINDALCO,4.00,193.7758,775.10,2010-12-31,215.5756,215.5756,214.8890,127.00,,,24704.02,"Re-sized to target allocation (rank 4 of 104, in top.n selection)"
2011-01-31,2011-01-28,10,ADD,SRF,7.00,50.5327,353.73,2010-11-02,65.2188,63.6066,63.4191,488.00,,,24350.29,"Re-sized to target allocation (rank 3 of 104, in top.n selection)"
2011-01-31,2011-01-28,10,ADD,SUNPHARMA,6.00,191.6693,1150.02,2010-12-31,217.0804,217.0804,215.8893,128.00,,,23200.27,"Re-sized to target allocation (rank 6 of 104, in top.n selection)"
2011-01-31,2011-01-28,10,TRIM,TCS,5.00,411.8499,2059.25,2010-12-31,412.3878,412.3878,412.3878,59.00,-2.69,,25259.52,"Re-sized to target allocation (rank 1 of 104, in top.n selection)"
2011-01-31,2011-01-28,10,ENTRY,PAGEIND,19.00,1284.4583,24404.71,2011-01-31,1284.4583,0.0000,1284.4583,19.00,,,854.81,Entered: rank 2 of 104 (top.n=5)
2011-02-28,2011-02-25,11,EXIT,HINDALCO,127.00,177.4811,22540.09,2010-12-31,215.5756,214.8890,0.0000,0.00,-4750.81,-4838.01,23394.91,"Rank 15 of 104, below exit rank 5"
2011-02-28,2011-02-25,11,EXIT,SRF,488.00,50.7301,24756.31,2010-11-02,65.2188,63.4191,0.0000,0.00,-6192.20,-7070.46,48151.22,"Rank 43 of 104, below exit rank 5"
2011-02-28,2011-02-25,11,EXIT,SUNPHARMA,128.00,187.9752,24060.82,2010-12-31,217.0804,215.8893,0.0000,0.00,-3573.00,-3725.47,72212.04,"Rank 9 of 104, below exit rank 5"
2011-02-28,2011-02-25,11,TRIM,PAGEIND,1.00,1333.5872,1333.59,2011-01-31,1284.4583,1284.4583,1284.4583,18.00,49.13,,73545.63,"Re-sized to target allocation (rank 1 of 104, in top.n selection)"
2011-02-28,2011-02-25,11,ADD,TCS,3.00,387.9631,1163.89,2010-12-31,412.3878,412.3878,411.2059,62.00,,,72381.74,"Re-sized to target allocation (rank 2 of 104, in top.n selection)"
2011-02-28,2011-02-25,11,ENTRY,NATIONALUM,476.00,50.6040,24087.50,2011-02-28,50.6040,0.0000,50.6040,476.00,,,48294.24,Entered: rank 3 of 104 (top.n=5)
2011-02-28,2011-02-25,11,ENTRY,NESTLEIND,160.00,150.2626,24042.02,2011-02-28,150.2626,0.0000,150.2626,160.00,,,24252.22,Entered: rank 4 of 104 (top.n=5)
2011-02-28,2011-02-25,11,ENTRY,TITAN,155.00,155.2147,24058.28,2011-02-28,155.2147,0.0000,155.2147,155.00,,,193.94,"Entered: rank 6 of 104 (top.n=5, higher-ranked names skipped by sector cap)"
2011-03-29,2011-03-28,12,EXIT,NATIONALUM,476.00,46.2262,22003.65,2011-02-28,50.6040,50.6040,0.0000,0.00,-2083.85,-2083.85,22197.59,"Rank 13 of 107, below exit rank 5"
2011-03-29,2011-03-28,12,EXIT,NESTLEIND,160.00,154.0235,24643.76,2011-02-28,150.2626,150.2626,0.0000,0.00,601.74,601.74,46841.35,"Rank 25 of 107, below exit rank 5"
2011-03-29,2011-03-28,12,EXIT,TCS,62.00,394.5866,24464.37,2010-12-31,412.3878,411.2059,0.0000,0.00,-1030.40,-1103.67,71305.72,"Rank 7 of 107, below exit rank 5"
2011-03-29,2011-03-28,12,EXIT,TITAN,155.00,164.2459,25458.11,2011-02-28,155.2147,155.2147,0.0000,0.00,1399.83,1399.83,96763.83,"Rank 35 of 107, below exit rank 5"
2011-03-29,2011-03-28,12,ENTRY,BAJAJFINSV,479.00,50.3023,24094.80,2011-03-29,50.3023,0.0000,50.3023,479.00,,,72669.03,Entered: rank 3 of 107 (top.n=5)
2011-03-29,2011-03-28,12,ENTRY,COALINDIA,209.00,115.3548,24109.16,2011-03-29,115.3548,0.0000,115.3548,209.00,,,48559.87,"Entered: rank 6 of 107 (top.n=5, higher-ranked names skipped by sector cap)"
2011-03-29,2011-03-28,12,ENTRY,GRASIM,70.00,342.7457,23992.20,2011-03-29,342.7457,0.0000,342.7457,70.00,,,24567.67,Entered: rank 5 of 107 (top.n=5)
2011-03-29,2011-03-28,12,ENTRY,HCLTECH,298.00,80.9050,24109.70,2011-03-29,80.9050,0.0000,80.9050,298.00,,,457.97,Entered: rank 1 of 107 (top.n=5)
2011-04-29,2011-04-28,13,EXIT,BAJAJFINSV,479.00,52.7207,25253.19,2011-03-29,50.3023,50.3023,0.0000,0.00,1158.40,1158.40,25711.16,"Rank 5 of 107, within exit rank 5 but not reselected (sector cap or book capacity)"
2011-04-29,2011-04-28,13,EXIT,GRASIM,70.00,339.0037,23730.26,2011-03-29,342.7457,342.7457,0.0000,0.00,-261.94,-261.94,49441.42,"Rank 19 of 107, below exit rank 5"
2011-04-29,2011-04-28,13,EXIT,PAGEIND,18.00,1402.1726,25239.11,2011-01-31,1284.4583,1284.4583,0.0000,0.00,2118.86,2118.86,74680.53,"Rank 10 of 107, below exit rank 5"
2011-04-29,2011-04-28,13,TRIM,COALINDIA,5.00,123.4494,617.25,2011-03-29,115.3548,115.3548,115.3548,204.00,40.47,,75297.78,"Re-sized to target allocation (rank 6 of 107, in top.n selection)"
2011-04-29,2011-04-28,13,TRIM,HCLTECH,8.00,86.8982,695.19,2011-03-29,80.9050,80.9050,80.9050,290.00,47.95,,75992.96,"Re-sized to target allocation (rank 7 of 107, in top.n selection)"
2011-04-29,2011-04-28,13,ENTRY,JUBLFOOD,384.00,65.6590,25213.06,2011-04-29,65.6590,0.0000,65.6590,384.00,,,50779.90,Entered: rank 1 of 107 (top.n=5)
2011-04-29,2011-04-28,13,ENTRY,LICHSGFIN,144.00,174.7499,25163.98,2011-04-29,174.7499,0.0000,174.7499,144.00,,,25615.92,Entered: rank 2 of 107 (top.n=5)
2011-04-29,2011-04-28,13,ENTRY,TITAN,131.00,191.9132,25140.63,2011-04-29,191.9132,0.0000,191.9132,131.00,,,475.30,Entered: rank 4 of 107 (top.n=5)
2011-05-27,2011-05-26,14,EXIT,HCLTECH,290.00,84.8126,24595.67,2011-03-29,80.9050,80.9050,0.0000,0.00,1133.21,1133.21,25070.97,"Rank 27 of 107, below exit rank 5"
2011-05-27,2011-05-26,14,ADD,COALINDIA,2.00,127.6441,255.29,2011-03-29,115.3548,115.3548,115.4741,206.00,,,24815.68,"Re-sized to target allocation (rank 3 of 107, in top.n selection)"
2011-05-27,2011-05-26,14,TRIM,JUBLFOOD,54.00,79.6954,4303.55,2011-04-29,65.6590,65.6590,65.6590,330.00,757.97,,29119.23,"Re-sized to target allocation (rank 1 of 107, in top.n selection)"
2011-05-27,2011-05-26,14,ADD,LICHSGFIN,12.00,168.9378,2027.25,2011-04-29,174.7499,174.7499,174.3028,156.00,,,27091.98,"Re-sized to target allocation (rank 2 of 107, in top.n selection)"
2011-05-27,2011-05-26,14,ADD,TITAN,2.00,196.8637,393.73,2011-04-29,191.9132,191.9132,191.9876,133.00,,,26698.25,"Re-sized to target allocation (rank 4 of 107, in top.n selection)"
2011-05-27,2011-05-26,14,ENTRY,FORTIS,167.00,157.0430,26226.18,2011-05-27,157.0430,0.0000,157.0430,167.00,,,472.07,Entered: rank 5 of 107 (top.n=5)
2011-06-24,2011-06-23,15,EXIT,COALINDIA,206.00,124.0720,25558.84,2011-03-29,115.3548,115.4741,0.0000,0.00,1771.16,1795.74,26030.91,"Rank 8 of 107, below exit rank 5"
2011-06-24,2011-06-23,15,EXIT,FORTIS,167.00,153.3700,25612.80,2011-05-27,157.0430,157.0430,0.0000,0.00,-613.38,-613.38,51643.71,"Rank 53 of 107, below exit rank 5"
2011-06-24,2011-06-23,15,EXIT,LICHSGFIN,156.00,172.8125,26958.75,2011-04-29,174.7499,174.3028,0.0000,0.00,-232.48,-302.23,78602.46,"Rank 10 of 107, below exit rank 5"
2011-06-24,2011-06-23,15,ADD,JUBLFOOD,7.00,78.7908,551.54,2011-04-29,65.6590,65.6590,65.9318,337.00,,,78050.92,"Re-sized to target allocation (rank 1 of 107, in top.n selection)"
2011-06-24,2011-06-23,15,TRIM,TITAN,9.00,212.8256,1915.43,2011-04-29,191.9132,191.9876,191.9876,124.00,187.54,,79966.35,"Re-sized to target allocation (rank 2 of 107, in top.n selection)"
2011-06-24,2011-06-23,15,ENTRY,ASTRAL,1709.00,15.5522,26578.69,2011-06-24,15.5522,0.0000,15.5522,1709.00,,,53387.66,Entered: rank 3 of 107 (top.n=5)
2011-06-24,2011-06-23,15,ENTRY,COROMANDEL,103.00,255.8467,26352.21,2011-06-24,255.8467,0.0000,255.8467,103.00,,,27035.45,"Entered: rank 6 of 107 (top.n=5, higher-ranked names skipped by sector cap)"
2011-06-24,2011-06-23,15,ENTRY,GODFRYPHLP,208.00,127.7191,26565.57,2011-06-24,127.7191,0.0000,127.7191,208.00,,,469.88,Entered: rank 5 of 107 (top.n=5)
2011-07-22,2011-07-21,16,EXIT,COROMANDEL,103.00,262.1588,27002.36,2011-06-24,255.8467,255.8467,0.0000,0.00,650.14,650.14,27472.24,"Rank 26 of 107, below exit rank 5"
2011-07-22,2011-07-21,16,EXIT,TITAN,124.00,208.5280,25857.48,2011-04-29,191.9132,191.9876,0.0000,0.00,2051.01,2060.24,53329.72,"Rank 11 of 107, below exit rank 5"
2011-07-22,2011-07-21,16,TRIM,ASTRAL,53.00,17.6996,938.08,2011-06-24,15.5522,15.5522,15.5522,1656.00,113.81,,54267.79,"Re-sized to target allocation (rank 2 of 107, in top.n selection)"
2011-07-22,2011-07-21,16,TRIM,GODFRYPHLP,32.00,166.0348,5313.11,2011-06-24,127.7191,127.7191,127.7191,176.00,1226.10,,59580.91,"Re-sized to target allocation (rank 1 of 107, in top.n selection)"
2011-07-22,2011-07-21,16,ADD,JUBLFOOD,9.00,84.6272,761.64,2011-04-29,65.6590,65.9318,66.4181,346.00,,,58819.26,"Re-sized to target allocation (rank 3 of 107, in top.n selection)"
2011-07-22,2011-07-21,16,ENTRY,GODREJPROP,81.00,359.5296,29121.90,2011-07-22,359.5296,0.0000,359.5296,81.00,,,29697.37,"Entered: rank 7 of 107 (top.n=5, higher-ranked names skipped by sector cap)"
2011-07-22,2011-07-21,16,ENTRY,PAGEIND,15.00,1888.0648,28320.97,2011-07-22,1888.0648,0.0000,1888.0648,15.00,,,1376.40,Entered: rank 4 of 107 (top.n=5)
2011-08-22,2011-08-19,17,EXIT,ASTRAL,1656.00,15.9511,26415.05,2011-06-24,15.5522,15.5522,0.0000,0.00,660.62,660.62,27791.44,"Rank 6 of 107, below exit rank 5"
2011-08-22,2011-08-19,17,EXIT,GODREJPROP,81.00,303.3306,24569.78,2011-07-22,359.5296,359.5296,0.0000,0.00,-4552.12,-4552.12,52361.22,"Rank 33 of 107, below exit rank 5"
2011-08-22,2011-08-19,17,TRIM,GODFRYPHLP,4.00,170.8775,683.51,2011-06-24,127.7191,127.7191,127.7191,172.00,172.63,,53044.73,"Re-sized to target allocation (rank 1 of 107, in top.n selection)"
2011-08-22,2011-08-19,17,TRIM,JUBLFOOD,22.00,90.9304,2000.47,2011-04-29,65.6590,66.4181,66.4181,324.00,539.27,,55045.20,"Re-sized to target allocation (rank 2 of 107, in top.n selection)"
2011-08-22,2011-08-19,17,TRIM,PAGEIND,2.00,2251.5672,4503.13,2011-07-22,1888.0648,1888.0648,1888.0648,13.00,727.00,,59548.33,"Re-sized to target allocation (rank 3 of 107, in top.n selection)"
2011-08-22,2011-08-19,17,ENTRY,IDEA,529.00,55.8026,29519.58,2011-08-22,55.8026,0.0000,55.8026,529.00,,,30028.75,Entered: rank 4 of 107 (top.n=5)
2011-08-22,2011-08-19,17,ENTRY,SUPREMEIND,176.00,166.9067,29375.59,2011-08-22,166.9067,0.0000,166.9067,176.00,,,653.16,Entered: rank 5 of 107 (top.n=5)
2011-09-21,2011-09-20,18,TRIM,GODFRYPHLP,13.00,190.7217,2479.38,2011-06-24,127.7191,127.7191,127.7191,159.00,819.03,,3132.55,"Re-sized to target allocation (rank 1 of 107, in top.n selection)"
2011-09-21,2011-09-20,18,TRIM,IDEA,7.00,58.3256,408.28,2011-08-22,55.8026,55.8026,55.8026,522.00,17.66,,3540.83,"Re-sized to target allocation (rank 3 of 107, in top.n selection)"
2011-09-21,2011-09-20,18,ADD,JUBLFOOD,16.00,89.4811,1431.70,2011-04-29,65.6590,66.4181,67.5034,340.00,,,2109.13,"Re-sized to target allocation (rank 5 of 107, in top.n selection)"
2011-09-21,2011-09-20,18,ADD,SUPREMEIND,3.00,169.7516,509.25,2011-08-22,166.9067,166.9067,166.9544,179.00,,,1599.87,"Re-sized to target allocation (rank 4 of 107, in top.n selection)"
2011-10-20,2011-10-19,19,EXIT,JUBLFOOD,340.00,86.5726,29434.69,2011-04-29,65.6590,67.5034,0.0000,0.00,6483.54,7110.63,31034.57,"Rank 11 of 107, below exit rank 5"
2011-10-20,2011-10-19,19,EXIT,SUPREMEIND,179.00,158.1044,28300.69,2011-08-22,166.9067,166.9544,0.0000,0.00,-1584.15,-1575.61,59335.26,"Rank 14 of 107, below exit rank 5"
2011-10-20,2011-10-19,19,TRIM,GODFRYPHLP,6.00,190.2381,1141.43,2011-06-24,127.7191,127.7191,127.7191,153.00,375.11,,60476.69,"Re-sized to target allocation (rank 1 of 107, in top.n selection)"
2011-10-20,2011-10-19,19,ADD,IDEA,6.00,55.1793,331.08,2011-08-22,55.8026,55.8026,55.7955,528.00,,,60145.61,"Re-sized to target allocation (rank 3 of 107, in top.n selection)"
2011-10-20,2011-10-19,19,ENTRY,BAJAJ-AUTO,25.00,1131.8092,28295.23,2011-10-20,1131.8092,0.0000,1131.8092,25.00,,,31850.38,Entered: rank 4 of 107 (top.n=5)
2011-10-20,2011-10-19,19,ENTRY,COFORGE,840.00,34.6806,29131.70,2011-10-20,34.6806,0.0000,34.6806,840.00,,,2718.68,Entered: rank 5 of 107 (top.n=5)
2011-11-23,2011-11-22,20,EXIT,BAJAJ-AUTO,25.00,1101.4991,27537.48,2011-10-20,1131.8092,1131.8092,0.0000,0.00,-757.75,-757.75,30256.16,"Rank 10 of 108, below exit rank 5"
2011-11-23,2011-11-22,20,EXIT,COFORGE,840.00,32.6406,27418.06,2011-10-20,34.6806,34.6806,0.0000,0.00,-1713.63,-1713.63,57674.23,"Rank 8 of 108, below exit rank 5"
2011-11-23,2011-11-22,20,EXIT,GODFRYPHLP,153.00,161.1650,24658.24,2011-06-24,127.7191,127.7191,0.0000,0.00,5117.22,5117.22,82332.47,"Rank 19 of 108, below exit rank 5"
2011-11-23,2011-11-22,20,TRIM,IDEA,41.00,58.3256,2391.35,2011-08-22,55.8026,55.7955,55.7955,487.00,103.73,,84723.81,"Re-sized to target allocation (rank 4 of 108, in top.n selection)"
2011-11-23,2011-11-22,20,TRIM,PAGEIND,1.00,2244.8826,2244.88,2011-07-22,1888.0648,1888.0648,1888.0648,12.00,356.82,,86968.70,"Re-sized to target allocation (rank 1 of 108, in top.n selection)"
2011-11-23,2011-11-22,20,ENTRY,EICHERMOT,195.00,145.8074,28432.44,2011-11-23,145.8074,0.0000,145.8074,195.00,,,58536.26,Entered: rank 3 of 108 (top.n=5)
2011-11-23,2011-11-22,20,ENTRY,HINDUNILVR,96.00,295.3344,28352.11,2011-11-23,295.3344,0.0000,295.3344,96.00,,,30184.15,Entered: rank 5 of 108 (top.n=5)
2011-11-23,2011-11-22,20,ENTRY,PIIND,309.00,91.8947,28395.46,2011-11-23,91.8947,0.0000,91.8947,309.00,,,1788.69,Entered: rank 2 of 108 (top.n=5)
2011-12-22,2011-12-21,21,EXIT,EICHERMOT,195.00,130.5200,25451.40,2011-11-23,145.8074,145.8074,0.0000,0.00,-2981.04,-2981.04,27240.09,"Rank 10 of 108, below exit rank 5"
2011-12-22,2011-12-21,21,EXIT,IDEA,487.00,48.9757,23851.16,2011-08-22,55.8026,55.7955,0.0000,0.00,-3321.26,-3324.71,51091.25,"Rank 51 of 108, below exit rank 5"
2011-12-22,2011-12-21,21,EXIT,PIIND,309.00,96.3774,29780.61,2011-11-23,91.8947,91.8947,0.0000,0.00,1385.15,1385.15,80871.87,"Rank 13 of 108, below exit rank 5"
2011-12-22,2011-12-21,21,TRIM,HINDUNILVR,9.00,308.6101,2777.49,2011-11-23,295.3344,295.3344,295.3344,87.00,119.48,,83649.36,"Re-sized to target allocation (rank 1 of 108, in top.n selection)"
2011-12-22,2011-12-21,21,ADD,PAGEIND,1.00,1992.6004,1992.60,2011-07-22,1888.0648,1888.0648,1896.1060,13.00,,,81656.76,"Re-sized to target allocation (rank 2 of 108, in top.n selection)"
2011-12-22,2011-12-21,21,ENTRY,BAJAJ-AUTO,24.00,1095.9881,26303.71,2011-12-22,1095.9881,0.0000,1095.9881,24.00,,,55353.04,Entered: rank 3 of 108 (top.n=5)
2011-12-22,2011-12-21,21,ENTRY,GRASIM,80.00,332.3714,26589.71,2011-12-22,332.3714,0.0000,332.3714,80.00,,,28763.33,Entered: rank 4 of 108 (top.n=5)
2011-12-22,2011-12-21,21,ENTRY,WIPRO,436.00,61.5370,26830.12,2011-12-22,61.5370,0.0000,61.5370,436.00,,,1933.21,"Entered: rank 6 of 108 (top.n=5, higher-ranked names skipped by sector cap)"
2012-01-19,2012-01-18,22,EXIT,BAJAJ-AUTO,24.00,1010.2239,24245.37,2011-12-22,1095.9881,1095.9881,0.0000,0.00,-2058.34,-2058.34,26178.58,"Rank 64 of 109, below exit rank 5"
2012-01-19,2012-01-18,22,EXIT,GRASIM,80.00,349.0604,27924.83,2011-12-22,332.3714,332.3714,0.0000,0.00,1335.12,1335.12,54103.41,"Rank 11 of 109, below exit rank 5"
2012-01-19,2012-01-18,22,EXIT,PAGEIND,13.00,2180.7436,28349.67,2011-07-22,1888.0648,1896.1060,0.0000,0.00,3700.29,3804.82,82453.08,"Rank 36 of 109, below exit rank 5"
2012-01-19,2012-01-18,22,ADD,HINDUNILVR,2.00,303.2229,606.45,2011-11-23,295.3344,295.3344,295.5117,89.00,,,81846.63,"Re-sized to target allocation (rank 2 of 109, in top.n selection)"
2012-01-19,2012-01-18,22,TRIM,WIPRO,4.00,63.0830,252.33,2011-12-22,61.5370,61.5370,61.5370,432.00,6.18,,82098.97,"Re-sized to target allocation (rank 3 of 109, in top.n selection)"
2012-01-19,2012-01-18,22,ENTRY,APOLLOHOSP,45.00,604.2524,27191.36,2012-01-19,604.2524,0.0000,604.2524,45.00,,,54907.61,Entered: rank 4 of 109 (top.n=5)
2012-01-19,2012-01-18,22,ENTRY,HAVELLS,365.00,74.5433,27208.30,2012-01-19,74.5433,0.0000,74.5433,365.00,,,27699.31,Entered: rank 5 of 109 (top.n=5)
2012-01-19,2012-01-18,22,ENTRY,TMPV,134.00,203.1211,27218.22,2012-01-19,203.1211,0.0000,203.1211,134.00,,,481.09,Entered: rank 1 of 109 (top.n=5)
2012-02-17,2012-02-16,23,EXIT,APOLLOHOSP,45.00,585.2778,26337.50,2012-01-19,604.2524,604.2524,0.0000,0.00,-853.86,-853.86,26818.59,"Rank 39 of 109, below exit rank 5"
2012-02-17,2012-02-16,23,EXIT,HINDUNILVR,89.00,296.7198,26408.07,2011-11-23,295.3344,295.5117,0.0000,0.00,107.52,123.30,53226.65,"Rank 38 of 109, below exit rank 5"
2012-02-17,2012-02-16,23,EXIT,WIPRO,432.00,69.4769,30014.00,2011-12-22,61.5370,61.5370,0.0000,0.00,3430.03,3430.03,83240.65,"Rank 12 of 109, below exit rank 5"
2012-02-17,2012-02-16,23,TRIM,HAVELLS,46.00,96.0932,4420.29,2012-01-19,74.5433,74.5433,74.5433,319.00,991.30,,87660.94,"Re-sized to target allocation (rank 2 of 109, in top.n selection)"
2012-02-17,2012-02-16,23,TRIM,TMPV,18.00,263.4022,4741.24,2012-01-19,203.1211,203.1211,203.1211,116.00,1085.06,,92402.18,"Re-sized to target allocation (rank 1 of 109, in top.n selection)"
2012-02-17,2012-02-16,23,ENTRY,JSWSTEEL,417.00,73.6445,30709.75,2012-02-17,73.6445,0.0000,73.6445,417.00,,,61692.43,Entered: rank 4 of 109 (top.n=5)
2012-02-17,2012-02-16,23,ENTRY,JUBLFOOD,303.00,101.1635,30652.54,2012-02-17,101.1635,0.0000,101.1635,303.00,,,31039.90,Entered: rank 3 of 109 (top.n=5)
2012-02-17,2012-02-16,23,ENTRY,TATACONSUM,303.00,101.1529,30649.33,2012-02-17,101.1529,0.0000,101.1529,303.00,,,390.57,"Entered: rank 6 of 109 (top.n=5, higher-ranked names skipped by sector cap)"
2012-03-20,2012-03-19,24,EXIT,JSWSTEEL,417.00,61.7389,25745.12,2012-02-17,73.6445,73.6445,0.0000,0.00,-4964.63,-4964.63,26135.68,"Rank 47 of 109, below exit rank 5"
2012-03-20,2012-03-19,24,EXIT,TATACONSUM,303.00,90.7836,27507.43,2012-02-17,101.1529,101.1529,0.0000,0.00,-3141.90,-3141.90,53643.11,"Rank 10 of 109, below exit rank 5"
2012-03-20,2012-03-19,24,TRIM,HAVELLS,32.00,103.1450,3300.64,2012-01-19,74.5433,74.5433,74.5433,287.00,915.25,,56943.75,"Re-sized to target allocation (rank 3 of 109, in top.n selection)"
2012-03-20,2012-03-19,24,TRIM,JUBLFOOD,14.00,102.5691,1435.97,2012-02-17,101.1635,101.1635,101.1635,289.00,19.68,,58379.71,"Re-sized to target allocation (rank 5 of 109, in top.n selection)"
2012-03-20,2012-03-19,24,TRIM,TMPV,5.00,265.5551,1327.78,2012-01-19,203.1211,203.1211,203.1211,111.00,312.17,,59707.49,"Re-sized to target allocation (rank 1 of 109, in top.n selection)"
2012-03-20,2012-03-19,24,ENTRY,JSWENERGY,530.00,55.9750,29666.73,2012-03-20,55.9750,0.0000,55.9750,530.00,,,30040.76,"Entered: rank 6 of 109 (top.n=5, higher-ranked names skipped by sector cap)"
2012-03-20,2012-03-19,24,ENTRY,MOTILALOFS,258.00,114.9807,29665.03,2012-03-20,114.9807,0.0000,114.9807,258.00,,,375.73,Entered: rank 4 of 109 (top.n=5)
2012-04-19,2012-04-18,25,EXIT,HAVELLS,287.00,102.5485,29431.43,2012-01-19,74.5433,74.5433,0.0000,0.00,8037.51,8037.51,29807.16,"Rank 18 of 109, below exit rank 5"
2012-04-19,2012-04-18,25,EXIT,JSWENERGY,530.00,46.4829,24635.92,2012-03-20,55.9750,55.9750,0.0000,0.00,-5030.82,-5030.82,54443.08,"Rank 17 of 109, below exit rank 5"
2012-04-19,2012-04-18,25,EXIT,MOTILALOFS,258.00,100.9851,26054.17,2012-03-20,114.9807,114.9807,0.0000,0.00,-3610.86,-3610.86,80497.24,"Rank 21 of 109, below exit rank 5"
2012-04-19,2012-04-18,25,TRIM,JUBLFOOD,33.00,113.5901,3748.47,2012-02-17,101.1635,101.1635,101.1635,256.00,410.08,,84245.72,"Re-sized to target allocation (rank 7 of 109, in top.n selection)"
2012-04-19,2012-04-18,25,TRIM,TMPV,12.00,291.4366,3497.24,2012-01-19,203.1211,203.1211,203.1211,99.00,1059.79,,87742.95,"Re-sized to target allocation (rank 1 of 109, in top.n selection)"
2012-04-19,2012-04-18,25,ENTRY,BAJAJFINSV,423.00,68.8480,29122.70,2012-04-19,68.8480,0.0000,68.8480,423.00,,,58620.25,Entered: rank 2 of 109 (top.n=5)
2012-04-19,2012-04-18,25,ENTRY,GMRAIRPORT,1088.00,26.7578,29112.44,2012-04-19,26.7578,0.0000,26.7578,1088.00,,,29507.81,Entered: rank 4 of 109 (top.n=5)
2012-04-19,2012-04-18,25,ENTRY,PRESTIGE,247.00,117.7269,29078.54,2012-04-19,117.7269,0.0000,117.7269,247.00,,,429.28,Entered: rank 3 of 109 (top.n=5)
2012-05-18,2012-05-17,26,EXIT,GMRAIRPORT,1088.00,17.0237,18521.78,2012-04-19,26.7578,26.7578,0.0000,0.00,-10590.66,-10590.66,18951.06,"Rank 104 of 110, below exit rank 5"
2012-05-18,2012-05-17,26,EXIT,PRESTIGE,247.00,94.2184,23271.95,2012-04-19,117.7269,117.7269,0.0000,0.00,-5806.59,-5806.59,42223.01,"Rank 10 of 110, below exit rank 5"
2012-05-18,2012-05-17,26,EXIT,TMPV,99.00,248.0511,24557.06,2012-01-19,203.1211,203.1211,0.0000,0.00,4448.07,4448.07,66780.06,"Rank 12 of 110, below exit rank 5"
2012-05-18,2012-05-17,26,TRIM,BAJAJFINSV,60.00,67.8686,4072.12,2012-04-19,68.8480,68.8480,68.8480,363.00,-58.76,,70852.18,"Re-sized to target allocation (rank 1 of 110, in top.n selection)"
2012-05-18,2012-05-17,26,TRIM,JUBLFOOD,30.00,108.9259,3267.78,2012-02-17,101.1635,101.1635,101.1635,226.00,232.87,,74119.96,"Re-sized to target allocation (rank 3 of 110, in top.n selection)"
2012-05-18,2012-05-17,26,ENTRY,ASTRAL,1513.00,16.3079,24673.81,2012-05-18,16.3079,0.0000,16.3079,1513.00,,,49446.14,"Entered: rank 6 of 110 (top.n=5, higher-ranked names skipped by sector cap)"
2012-05-18,2012-05-17,26,ENTRY,COFORGE,544.00,45.3515,24671.24,2012-05-18,45.3515,0.0000,45.3515,544.00,,,24774.90,Entered: rank 2 of 110 (top.n=5)
2012-05-18,2012-05-17,26,ENTRY,MRF,2.00,9978.9164,19957.83,2012-05-18,9978.9164,0.0000,9978.9164,2.00,,,4817.07,Entered: rank 4 of 110 (top.n=5)
2012-06-15,2012-06-14,27,EXIT,ASTRAL,1513.00,18.8127,28463.65,2012-05-18,16.3079,16.3079,0.0000,0.00,3789.84,3789.84,33280.72,"Rank 7 of 110, below exit rank 5"
2012-06-15,2012-06-14,27,ADD,BAJAJFINSV,42.00,63.2092,2654.79,2012-04-19,68.8480,68.8480,68.2632,405.00,,,30625.93,"Re-sized to target allocation (rank 3 of 110, in top.n selection)"
2012-06-15,2012-06-14,27,ADD,COFORGE,27.00,44.8259,1210.30,2012-05-18,45.3515,45.3515,45.3267,571.00,,,29415.63,"Re-sized to target allocation (rank 1 of 110, in top.n selection)"
2012-06-15,2012-06-14,27,TRIM,JUBLFOOD,13.00,120.1317,1561.71,2012-02-17,101.1635,101.1635,101.1635,213.00,246.59,,30977.34,"Re-sized to target allocation (rank 5 of 110, in top.n selection)"
2012-06-15,2012-06-14,27,ENTRY,ASIANPAINT,74.00,344.6274,25502.43,2012-06-15,344.6274,0.0000,344.6274,74.00,,,5474.91,Entered: rank 2 of 110 (top.n=5)
2012-07-13,2012-07-12,28,EXIT,ASIANPAINT,74.00,328.8578,24335.48,2012-06-15,344.6274,344.6274,0.0000,0.00,-1166.95,-1166.95,29810.39,"Rank 15 of 110, below exit rank 5"
2012-07-13,2012-07-12,28,EXIT,BAJAJFINSV,405.00,67.7383,27433.99,2012-04-19,68.8480,68.2632,0.0000,0.00,-212.62,-449.45,57244.38,"Rank 25 of 110, below exit rank 5"
2012-07-13,2012-07-12,28,EXIT,COFORGE,571.00,45.7781,26139.32,2012-05-18,45.3515,45.3267,0.0000,0.00,257.78,243.58,83383.70,"Rank 8 of 110, below exit rank 5"
2012-07-13,2012-07-12,28,EXIT,MRF,2.00,10069.2476,20138.50,2012-05-18,9978.9164,9978.9164,0.0000,0.00,180.66,180.66,103522.19,"Rank 41 of 110, below exit rank 5"
2012-07-13,2012-07-12,28,ENTRY,ASTRAL,1253.00,20.6452,25868.46,2012-07-13,20.6452,0.0000,20.6452,1253.00,,,77653.73,Entered: rank 4 of 110 (top.n=5)
2012-07-13,2012-07-12,28,ENTRY,BAJFINANCE,2913.00,8.8806,25869.24,2012-07-13,8.8806,0.0000,8.8806,2913.00,,,51784.49,Entered: rank 3 of 110 (top.n=5)
2012-07-13,2012-07-12,28,ENTRY,GLENMARK,69.00,370.1410,25539.73,2012-07-13,370.1410,0.0000,370.1410,69.00,,,26244.76,Entered: rank 2 of 110 (top.n=5)
2012-07-13,2012-07-12,28,ENTRY,PERSISTENT,307.00,84.2472,25863.90,2012-07-13,84.2472,0.0000,84.2472,307.00,,,380.86,Entered: rank 5 of 110 (top.n=5)
2012-08-10,2012-08-09,29,EXIT,ASTRAL,1253.00,23.2663,29152.73,2012-07-13,20.6452,20.6452,0.0000,0.00,3284.27,3284.27,29533.59,"Rank 6 of 111, below exit rank 5"
2012-08-10,2012-08-09,29,EXIT,BAJFINANCE,2913.00,10.1976,29705.67,2012-07-13,8.8806,8.8806,0.0000,0.00,3836.42,3836.42,59239.26,"Rank 3 of 111, within exit rank 5 but not reselected (sector cap or book capacity)"
2012-08-10,2012-08-09,29,EXIT,JUBLFOOD,213.00,116.7466,24867.02,2012-02-17,101.1635,101.1635,0.0000,0.00,3319.20,3319.20,84106.28,"Rank 52 of 111, below exit rank 5"
2012-08-10,2012-08-09,29,TRIM,GLENMARK,1.00,397.1948,397.19,2012-07-13,370.1410,370.1410,370.1410,68.00,27.05,,84503.47,"Re-sized to target allocation (rank 1 of 111, in top.n selection)"
2012-08-10,2012-08-09,29,ADD,PERSISTENT,33.00,80.0064,2640.21,2012-07-13,84.2472,84.2472,83.8356,340.00,,,81863.26,"Re-sized to target allocation (rank 9 of 111, in top.n selection)"
2012-08-10,2012-08-09,29,ENTRY,BAJAJFINSV,316.00,85.9981,27175.40,2012-08-10,85.9981,0.0000,85.9981,316.00,,,54687.86,Entered: rank 2 of 111 (top.n=5)
2012-08-10,2012-08-09,29,ENTRY,HINDUNILVR,72.00,377.4858,27178.98,2012-08-10,377.4858,0.0000,377.4858,72.00,,,27508.88,Entered: rank 5 of 111 (top.n=5)
2012-08-10,2012-08-09,29,ENTRY,SUPREMEIND,123.00,220.5285,27125.01,2012-08-10,220.5285,0.0000,220.5285,123.00,,,383.88,Entered: rank 4 of 111 (top.n=5)
2012-09-11,2012-09-10,30,EXIT,BAJAJFINSV,316.00,76.4005,24142.55,2012-08-10,85.9981,85.9981,0.0000,0.00,-3032.85,-3032.85,24526.43,"Rank 34 of 111, below exit rank 5"
2012-09-11,2012-09-10,30,EXIT,HINDUNILVR,72.00,415.0364,29882.62,2012-08-10,377.4858,377.4858,0.0000,0.00,2703.64,2703.64,54409.05,"Rank 9 of 111, below exit rank 5"
2012-09-11,2012-09-10,30,EXIT,PERSISTENT,340.00,82.7327,28129.13,2012-07-13,84.2472,83.8356,0.0000,0.00,-374.98,-514.93,82538.18,"Rank 62 of 111, below exit rank 5"
2012-09-11,2012-09-10,30,EXIT,SUPREMEIND,123.00,241.3232,29682.75,2012-08-10,220.5285,220.5285,0.0000,0.00,2557.75,2557.75,112220.93,"Rank 2 of 111, within exit rank 5 but not reselected (sector cap or book capacity)"
2012-09-11,2012-09-10,30,ENTRY,ASTRAL,1094.00,25.5577,27960.16,2012-09-11,25.5577,0.0000,25.5577,1094.00,,,84260.77,Entered: rank 1 of 111 (top.n=5)
2012-09-11,2012-09-10,30,ENTRY,BAJFINANCE,2925.00,9.5620,27968.81,2012-09-11,9.5620,0.0000,9.5620,2925.00,,,56291.96,"Entered: rank 6 of 111 (top.n=5, higher-ranked names skipped by sector cap)"
2012-09-11,2012-09-10,30,ENTRY,TECHM,186.00,149.9869,27897.56,2012-09-11,149.9869,0.0000,149.9869,186.00,,,28394.40,Entered: rank 3 of 111 (top.n=5)
2012-09-11,2012-09-10,30,ENTRY,ULTRACEMCO,16.00,1658.8739,26541.98,2012-09-11,1658.8739,0.0000,1658.8739,16.00,,,1852.42,Entered: rank 4 of 111 (top.n=5)
2012-10-11,2012-10-10,31,EXIT,ASTRAL,1094.00,26.8753,29401.55,2012-09-11,25.5577,25.5577,0.0000,0.00,1441.39,1441.39,31253.96,"Rank 9 of 111, below exit rank 5"
2012-10-11,2012-10-10,31,EXIT,BAJFINANCE,2925.00,11.0217,32238.36,2012-09-11,9.5620,9.5620,0.0000,0.00,4269.55,4269.55,63492.33,"Rank 8 of 111, below exit rank 5"
2012-10-11,2012-10-10,31,EXIT,GLENMARK,68.00,398.8168,27119.54,2012-07-13,370.1410,370.1410,0.0000,0.00,1949.95,1949.95,90611.87,"Rank 42 of 111, below exit rank 5"
2012-10-11,2012-10-10,31,EXIT,ULTRACEMCO,16.00,1905.7145,30491.43,2012-09-11,1658.8739,1658.8739,0.0000,0.00,3949.45,3949.45,121103.30,"Rank 11 of 111, below exit rank 5"
2012-10-11,2012-10-10,31,ENTRY,GRASIM,64.00,467.9981,29951.88,2012-10-11,467.9981,0.0000,467.9981,64.00,,,91151.42,Entered: rank 3 of 111 (top.n=5)
2012-10-11,2012-10-10,31,ENTRY,JSWENERGY,584.00,51.7133,30200.57,2012-10-11,51.7133,0.0000,51.7133,584.00,,,60950.85,Entered: rank 2 of 111 (top.n=5)
2012-10-11,2012-10-10,31,ENTRY,MCX,129.00,233.4797,30118.88,2012-10-11,233.4797,0.0000,233.4797,129.00,,,30831.97,Entered: rank 4 of 111 (top.n=5)
2012-10-11,2012-10-10,31,ENTRY,TATACONSUM,228.00,132.2542,30153.95,2012-10-11,132.2542,0.0000,132.2542,228.00,,,678.02,Entered: rank 1 of 111 (top.n=5)
2012-11-12,2012-11-09,32,EXIT,GRASIM,64.00,476.0623,30467.99,2012-10-11,467.9981,467.9981,0.0000,0.00,516.11,516.11,31146.01,"Rank 16 of 111, below exit rank 5"
2012-11-12,2012-11-09,32,EXIT,JSWENERGY,584.00,50.2311,29334.95,2012-10-11,51.7133,51.7133,0.0000,0.00,-865.62,-865.62,60480.96,"Rank 39 of 111, below exit rank 5"
2012-11-12,2012-11-09,32,EXIT,MCX,129.00,249.5216,32188.29,2012-10-11,233.4797,233.4797,0.0000,0.00,2069.41,2069.41,92669.25,"Rank 7 of 111, below exit rank 5"
2012-11-12,2012-11-09,32,EXIT,TECHM,186.00,160.5624,29864.61,2012-09-11,149.9869,149.9869,0.0000,0.00,1967.05,1967.05,122533.85,"Rank 10 of 111, below exit rank 5"
2012-11-12,2012-11-09,32,TRIM,TATACONSUM,11.00,142.9649,1572.61,2012-10-11,132.2542,132.2542,132.2542,217.00,117.82,,124106.47,"Re-sized to target allocation (rank 4 of 111, in top.n selection)"
2012-11-12,2012-11-09,32,ENTRY,ASTRAL,926.00,33.4894,31011.23,2012-11-12,33.4894,0.0000,33.4894,926.00,,,93095.24,Entered: rank 1 of 111 (top.n=5)
2012-11-12,2012-11-09,32,ENTRY,AUROPHARMA,391.00,79.1801,30959.42,2012-11-12,79.1801,0.0000,79.1801,391.00,,,62135.82,Entered: rank 2 of 111 (top.n=5)
2012-11-12,2012-11-09,32,ENTRY,M&MFIN,317.00,97.6574,30957.40,2012-11-12,97.6574,0.0000,97.6574,317.00,,,31178.42,Entered: rank 3 of 111 (top.n=5)
2012-11-12,2012-11-09,32,ENTRY,PRESTIGE,205.00,151.0516,30965.59,2012-11-12,151.0516,0.0000,151.0516,205.00,,,212.83,"Entered: rank 8 of 111 (top.n=5, higher-ranked names skipped by sector cap)"
2012-12-13,2012-12-12,33,EXIT,M&MFIN,317.00,105.9434,33584.05,2012-11-12,97.6574,97.6574,0.0000,0.00,2626.65,2626.65,33796.88,"Rank 5 of 111, within exit rank 5 but not reselected (sector cap or book capacity)"
2012-12-13,2012-12-12,33,EXIT,PRESTIGE,205.00,150.7714,30908.14,2012-11-12,151.0516,151.0516,0.0000,0.00,-57.45,-57.45,64705.02,"Rank 8 of 111, below exit rank 5"
2012-12-13,2012-12-12,33,ADD,ASTRAL,52.00,33.2230,1727.60,2012-11-12,33.4894,33.4894,33.4753,978.00,,,62977.43,"Re-sized to target allocation (rank 4 of 111, in top.n selection)"
2012-12-13,2012-12-12,33,TRIM,AUROPHARMA,31.00,90.1103,2793.42,2012-11-12,79.1801,79.1801,79.1801,360.00,338.84,,65770.84,"Re-sized to target allocation (rank 2 of 111, in top.n selection)"
2012-12-13,2012-12-12,33,ADD,TATACONSUM,4.00,146.9020,587.61,2012-10-11,132.2542,132.2542,132.5193,221.00,,,65183.24,"Re-sized to target allocation (rank 7 of 111, in top.n selection)"
2012-12-13,2012-12-12,33,ENTRY,ADANIENT,875.00,37.1304,32489.11,2012-12-13,37.1304,0.0000,37.1304,875.00,,,32694.13,Entered: rank 3 of 111 (top.n=5)
2012-12-13,2012-12-12,33,ENTRY,LTF,435.00,74.6902,32490.22,2012-12-13,74.6902,0.0000,74.6902,435.00,,,203.90,Entered: rank 1 of 111 (top.n=5)
2013-01-11,2013-01-10,34,EXIT,ASTRAL,978.00,33.9776,33230.09,2012-11-12,33.4894,33.4753,0.0000,0.00,491.26,477.41,33433.99,"Rank 11 of 111, below exit rank 5"
2013-01-11,2013-01-10,34,EXIT,TATACONSUM,221.00,136.6570,30201.19,2012-10-11,132.2542,132.5193,0.0000,0.00,914.43,973.02,63635.18,"Rank 38 of 111, below exit rank 5"
2013-01-11,2013-01-10,34,TRIM,ADANIENT,2.00,36.4510,72.90,2012-12-13,37.1304,37.1304,37.1304,873.00,-1.36,,63708.08,"Re-sized to target allocation (rank 2 of 111, in top.n selection)"
2013-01-11,2013-01-10,34,TRIM,AUROPHARMA,1.00,88.6483,88.65,2012-11-12,79.1801,79.1801,79.1801,359.00,9.47,,63796.73,"Re-sized to target allocation (rank 3 of 111, in top.n selection)"
2013-01-11,2013-01-10,34,ENTRY,NHPC,2293.00,13.8884,31846.12,2013-01-11,13.8884,0.0000,13.8884,2293.00,,,31950.61,"Entered: rank 6 of 111 (top.n=5, higher-ranked names skipped by sector cap)"
2013-01-11,2013-01-10,34,ENTRY,PHOENIXLTD,256.00,124.3068,31822.53,2013-01-11,124.3068,0.0000,124.3068,256.00,,,128.08,Entered: rank 4 of 111 (top.n=5)
2013-02-08,2013-02-07,35,EXIT,ADANIENT,873.00,32.8456,28674.22,2012-12-13,37.1304,37.1304,0.0000,0.00,-3740.63,-3740.63,28802.31,"Rank 19 of 111, below exit rank 5"
2013-02-08,2013-02-07,35,TRIM,AUROPHARMA,9.00,88.0217,792.20,2012-11-12,79.1801,79.1801,79.1801,350.00,79.57,,29594.50,"Re-sized to target allocation (rank 6 of 111, in top.n selection)"
2013-02-08,2013-02-07,35,ADD,LTF,53.00,63.0968,3344.13,2012-12-13,74.6902,74.6902,73.4311,488.00,,,26250.37,"Re-sized to target allocation (rank 1 of 111, in top.n selection)"
2013-02-08,2013-02-07,35,TRIM,NHPC,220.00,14.8766,3272.86,2013-01-11,13.8884,13.8884,13.8884,2073.00,217.41,,29523.22,"Re-sized to target allocation (rank 2 of 111, in top.n selection)"
2013-02-08,2013-02-07,35,TRIM,PHOENIXLTD,12.00,126.2046,1514.45,2013-01-11,124.3068,124.3068,124.3068,244.00,22.77,,31037.68,"Re-sized to target allocation (rank 4 of 111, in top.n selection)"
2013-02-08,2013-02-07,35,ENTRY,SUZLON,1328.00,23.2308,30850.52,2013-02-08,23.2308,0.0000,23.2308,1328.00,,,187.16,Entered: rank 3 of 111 (top.n=5)
2013-03-08,2013-03-07,36,EXIT,AUROPHARMA,350.00,76.7414,26859.50,2012-11-12,79.1801,79.1801,0.0000,0.00,-853.53,-853.53,27046.66,"Rank 48 of 111, below exit rank 5"
2013-03-08,2013-03-07,36,EXIT,NHPC,2073.00,11.1107,23032.54,2013-01-11,13.8884,13.8884,0.0000,0.00,-5758.13,-5758.13,50079.20,"Rank 73 of 111, below exit rank 5"
2013-03-08,2013-03-07,36,EXIT,SUZLON,1328.00,15.9769,21217.35,2013-02-08,23.2308,23.2308,0.0000,0.00,-9633.16,-9633.16,71296.55,"Rank 38 of 111, below exit rank 5"
2013-03-08,2013-03-07,36,TRIM,LTF,89.00,66.8132,5946.37,2012-12-13,74.6902,73.4311,73.4311,399.00,-588.99,,77242.92,"Re-sized to target allocation (rank 1 of 111, in top.n selection)"
2013-03-08,2013-03-07,36,TRIM,PHOENIXLTD,25.00,121.6261,3040.65,2013-01-11,124.3068,124.3068,124.3068,219.00,-67.02,,80283.58,"Re-sized to target allocation (rank 4 of 111, in top.n selection)"
2013-03-08,2013-03-07,36,ENTRY,GLENMARK,55.00,482.0627,26513.45,2013-03-08,482.0627,0.0000,482.0627,55.00,,,53770.13,"Entered: rank 6 of 111 (top.n=5, higher-ranked names skipped by sector cap)"
2013-03-08,2013-03-07,36,ENTRY,IDEA,395.00,67.4677,26649.75,2013-03-08,67.4677,0.0000,67.4677,395.00,,,27120.38,Entered: rank 2 of 111 (top.n=5)
2013-03-08,2013-03-07,36,ENTRY,WIPRO,375.00,71.1520,26682.00,2013-03-08,71.1520,0.0000,71.1520,375.00,,,438.37,Entered: rank 3 of 111 (top.n=5)
2013-04-09,2013-04-08,37,EXIT,GLENMARK,55.00,470.3748,25870.61,2013-03-08,482.0627,482.0627,0.0000,0.00,-642.83,-642.83,26308.99,"Rank 17 of 111, below exit rank 5"
2013-04-09,2013-04-08,37,EXIT,IDEA,395.00,63.1638,24949.70,2013-03-08,67.4677,67.4677,0.0000,0.00,-1700.05,-1700.05,51258.69,"Rank 21 of 111, below exit rank 5"
2013-04-09,2013-04-08,37,EXIT,LTF,399.00,59.5825,23773.41,2012-12-13,74.6902,73.4311,0.0000,0.00,-5525.58,-6027.97,75032.10,"Rank 39 of 111, below exit rank 5"
2013-04-09,2013-04-08,37,EXIT,WIPRO,375.00,64.5107,24191.52,2013-03-08,71.1520,71.1520,0.0000,0.00,-2490.48,-2490.48,99223.62,"Rank 8 of 111, below exit rank 5"
2013-04-09,2013-04-08,37,TRIM,PHOENIXLTD,10.00,119.5148,1195.15,2013-01-11,124.3068,124.3068,124.3068,209.00,-47.92,,100418.77,"Re-sized to target allocation (rank 6 of 111, in top.n selection)"
2013-04-09,2013-04-08,37,ENTRY,GMRAIRPORT,1333.00,18.8134,25078.21,2013-04-09,18.8134,0.0000,18.8134,1333.00,,,75340.56,Entered: rank 2 of 111 (top.n=5)
2013-04-09,2013-04-08,37,ENTRY,ONGC,222.00,112.5180,24978.99,2013-04-09,112.5180,0.0000,112.5180,222.00,,,50361.56,Entered: rank 1 of 111 (top.n=5)
2013-04-09,2013-04-08,37,ENTRY,PIIND,210.00,119.1955,25031.06,2013-04-09,119.1955,0.0000,119.1955,210.00,,,25330.50,Entered: rank 5 of 111 (top.n=5)
2013-04-09,2013-04-08,37,ENTRY,SUNPHARMA,64.00,391.1860,25035.90,2013-04-09,391.1860,0.0000,391.1860,64.00,,,294.60,Entered: rank 4 of 111 (top.n=5)
2013-05-10,2013-05-09,38,EXIT,GMRAIRPORT,1333.00,18.9443,25252.77,2013-04-09,18.8134,18.8134,0.0000,0.00,174.56,174.56,25547.37,"Rank 18 of 112, below exit rank 5"
2013-05-10,2013-05-09,38,EXIT,ONGC,222.00,115.8374,25715.89,2013-04-09,112.5180,112.5180,0.0000,0.00,736.90,736.90,51263.27,"Rank 4 of 112, within exit rank 5 but not reselected (sector cap or book capacity)"
2013-05-10,2013-05-09,38,EXIT,PHOENIXLTD,209.00,127.8889,26728.77,2013-01-11,124.3068,124.3068,0.0000,0.00,748.66,748.66,77992.04,"Rank 36 of 112, below exit rank 5"
2013-05-10,2013-05-09,38,EXIT,PIIND,210.00,125.8645,26431.54,2013-04-09,119.1955,119.1955,0.0000,0.00,1400.48,1400.48,104423.58,"Rank 8 of 112, below exit rank 5"
2013-05-10,2013-05-09,38,TRIM,SUNPHARMA,4.00,433.7535,1735.01,2013-04-09,391.1860,391.1860,391.1860,60.00,170.27,,106158.59,"Re-sized to target allocation (rank 1 of 112, in top.n selection)"
2013-05-10,2013-05-09,38,ENTRY,CONCOR,129.00,203.9743,26312.68,2013-05-10,203.9743,0.0000,203.9743,129.00,,,79845.91,"Entered: rank 6 of 112 (top.n=5, higher-ranked names skipped by sector cap)"
2013-05-10,2013-05-09,38,ENTRY,DABUR,192.00,137.2422,26350.50,2013-05-10,137.2422,0.0000,137.2422,192.00,,,53495.41,Entered: rank 5 of 112 (top.n=5)
2013-05-10,2013-05-09,38,ENTRY,HCLTECH,195.00,135.2484,26373.43,2013-05-10,135.2484,0.0000,135.2484,195.00,,,27121.98,Entered: rank 2 of 112 (top.n=5)
2013-05-10,2013-05-09,38,ENTRY,OIL,276.00,95.5601,26374.59,2013-05-10,95.5601,0.0000,95.5601,276.00,,,747.40,Entered: rank 3 of 112 (top.n=5)
2013-06-07,2013-06-06,39,EXIT,DABUR,192.00,137.9800,26492.16,2013-05-10,137.2422,137.2422,0.0000,0.00,141.66,141.66,27239.56,"Rank 9 of 112, below exit rank 5"
2013-06-07,2013-06-06,39,EXIT,HCLTECH,195.00,129.5657,25265.31,2013-05-10,135.2484,135.2484,0.0000,0.00,-1108.12,-1108.12,52504.86,"Rank 27 of 112, below exit rank 5"
2013-06-07,2013-06-06,39,EXIT,OIL,276.00,99.5722,27481.93,2013-05-10,95.5601,95.5601,0.0000,0.00,1107.35,1107.35,79986.79,"Rank 28 of 112, below exit rank 5"
2013-06-07,2013-06-06,39,TRIM,CONCOR,2.00,210.7490,421.50,2013-05-10,203.9743,203.9743,203.9743,127.00,13.55,,80408.29,"Re-sized to target allocation (rank 6 of 112, in top.n selection)"
2013-06-07,2013-06-06,39,TRIM,SUNPHARMA,2.00,457.4426,914.89,2013-04-09,391.1860,391.1860,391.1860,58.00,132.51,,81323.18,"Re-sized to target allocation (rank 2 of 112, in top.n selection)"
2013-06-07,2013-06-06,39,ENTRY,ASTRAL,584.00,46.0948,26919.37,2013-06-07,46.0948,0.0000,46.0948,584.00,,,54403.81,Entered: rank 1 of 112 (top.n=5)
2013-06-07,2013-06-06,39,ENTRY,EICHERMOT,85.00,316.4715,26900.08,2013-06-07,316.4715,0.0000,316.4715,85.00,,,27503.73,Entered: rank 3 of 112 (top.n=5)
2013-06-07,2013-06-06,39,ENTRY,HINDUNILVR,57.00,469.3786,26754.58,2013-06-07,469.3786,0.0000,469.3786,57.00,,,749.15,"Entered: rank 7 of 112 (top.n=5, higher-ranked names skipped by sector cap)"
2013-07-05,2013-07-04,40,EXIT,CONCOR,127.00,210.5476,26739.54,2013-05-10,203.9743,203.9743,0.0000,0.00,834.81,834.81,27488.69,"Rank 15 of 112, below exit rank 5"
2013-07-05,2013-07-04,40,EXIT,EICHERMOT,85.00,323.8841,27530.15,2013-06-07,316.4715,316.4715,0.0000,0.00,630.07,630.07,55018.84,"Rank 6 of 112, below exit rank 5"
2013-07-05,2013-07-04,40,EXIT,SUNPHARMA,58.00,471.9646,27373.94,2013-04-09,391.1860,391.1860,0.0000,0.00,4685.16,4685.16,82392.78,"Rank 7 of 112, below exit rank 5"
2013-07-05,2013-07-04,40,TRIM,ASTRAL,24.00,49.8809,1197.14,2013-06-07,46.0948,46.0948,46.0948,560.00,90.87,,83589.92,"Re-sized to target allocation (rank 1 of 112, in top.n selection)"
2013-07-05,2013-07-04,40,TRIM,HINDUNILVR,1.00,495.9655,495.97,2013-06-07,469.3786,469.3786,469.3786,56.00,26.59,,84085.89,"Re-sized to target allocation (rank 4 of 112, in top.n selection)"
2013-07-05,2013-07-04,40,ENTRY,LUPIN,35.00,785.7574,27501.51,2013-07-05,785.7574,0.0000,785.7574,35.00,,,56584.38,Entered: rank 2 of 112 (top.n=5)
2013-07-05,2013-07-04,40,ENTRY,M&MFIN,204.00,136.8839,27924.32,2013-07-05,136.8839,0.0000,136.8839,204.00,,,28660.06,Entered: rank 3 of 112 (top.n=5)
2013-07-05,2013-07-04,40,ENTRY,PAGEIND,7.00,3782.3129,26476.19,2013-07-05,3782.3129,0.0000,3782.3129,7.00,,,2183.86,Entered: rank 5 of 112 (top.n=5)
2013-08-02,2013-08-01,41,EXIT,M&MFIN,204.00,125.6472,25632.03,2013-07-05,136.8839,136.8839,0.0000,0.00,-2292.29,-2292.29,27815.90,"Rank 9 of 112, below exit rank 5"
2013-08-02,2013-08-01,41,ADD,ASTRAL,16.00,48.6043,777.67,2013-06-07,46.0948,46.0948,46.1645,576.00,,,27038.23,"Re-sized to target allocation (rank 2 of 112, in top.n selection)"
2013-08-02,2013-08-01,41,TRIM,HINDUNILVR,2.00,512.1727,1024.35,2013-06-07,469.3786,469.3786,469.3786,54.00,85.59,,28062.57,"Re-sized to target allocation (rank 4 of 112, in top.n selection)"
2013-08-02,2013-08-01,41,TRIM,LUPIN,1.00,818.7969,818.80,2013-07-05,785.7574,785.7574,785.7574,34.00,33.04,,28881.37,"Re-sized to target allocation (rank 3 of 112, in top.n selection)"
2013-08-02,2013-08-01,41,ENTRY,IDEA,268.00,104.4815,28001.04,2013-08-02,104.4815,0.0000,104.4815,268.00,,,880.33,Entered: rank 1 of 112 (top.n=5)
2013-09-03,2013-09-02,42,EXIT,LUPIN,34.00,766.1421,26048.83,2013-07-05,785.7574,785.7574,0.0000,0.00,-666.92,-666.92,26929.16,"Rank 13 of 112, below exit rank 5"
2013-09-03,2013-09-02,42,EXIT,PAGEIND,7.00,3510.4889,24573.42,2013-07-05,3782.3129,3782.3129,0.0000,0.00,-1902.77,-1902.77,51502.59,"Rank 18 of 112, below exit rank 5"
2013-09-03,2013-09-02,42,TRIM,ASTRAL,7.00,45.9269,321.49,2013-06-07,46.0948,46.1645,46.1645,569.00,-1.66,,51824.07,"Re-sized to target allocation (rank 6 of 112, in top.n selection)"
2013-09-03,2013-09-02,42,TRIM,HINDUNILVR,4.00,514.5811,2058.32,2013-06-07,469.3786,469.3786,469.3786,50.00,180.81,,53882.40,"Re-sized to target allocation (rank 7 of 112, in top.n selection)"
2013-09-03,2013-09-02,42,ADD,IDEA,11.00,93.4397,1027.84,2013-08-02,104.4815,104.4815,104.0461,279.00,,,52854.56,"Re-sized to target allocation (rank 8 of 112, in top.n selection)"
2013-09-03,2013-09-02,42,ENTRY,HEROMOTOCO,19.00,1331.6750,25301.82,2013-09-03,1331.6750,0.0000,1331.6750,19.00,,,27552.74,"Entered: rank 9 of 112 (top.n=5, higher-ranked names skipped by sector cap)"
2013-09-03,2013-09-02,42,ENTRY,TCS,34.00,756.2823,25713.60,2013-09-03,756.2823,0.0000,756.2823,34.00,,,1839.14,Entered: rank 1 of 112 (top.n=5)
2013-10-03,2013-10-01,43,EXIT,ASTRAL,569.00,48.8428,27791.58,2013-06-07,46.0948,46.1645,0.0000,0.00,1523.97,1563.64,29630.72,"Rank 39 of 112, below exit rank 5"
2013-10-03,2013-10-01,43,EXIT,HINDUNILVR,50.00,497.7227,24886.13,2013-06-07,469.3786,469.3786,0.0000,0.00,1417.20,1417.20,54516.85,"Rank 29 of 112, below exit rank 5"
2013-10-03,2013-10-01,43,EXIT,TCS,34.00,727.3973,24731.51,2013-09-03,756.2823,756.2823,0.0000,0.00,-982.09,-982.09,79248.36,"Rank 5 of 112, within exit rank 5 but not reselected (sector cap or book capacity)"
2013-10-03,2013-10-01,43,TRIM,IDEA,19.00,102.8958,1955.02,2013-08-02,104.4815,104.0461,104.0461,260.00,-21.86,,81203.38,"Re-sized to target allocation (rank 4 of 112, in top.n selection)"
2013-10-03,2013-10-01,43,ENTRY,BIOCON,499.00,53.5137,26703.34,2013-10-03,53.5137,0.0000,53.5137,499.00,,,54500.04,"Entered: rank 9 of 112 (top.n=5, higher-ranked names skipped by sector cap)"
2013-10-03,2013-10-01,43,ENTRY,COROMANDEL,134.00,199.0379,26671.07,2013-10-03,199.0379,0.0000,199.0379,134.00,,,27828.97,"Entered: rank 6 of 112 (top.n=5, higher-ranked names skipped by sector cap)"
2013-10-03,2013-10-01,43,ENTRY,HCLTECH,141.00,188.8405,26626.51,2013-10-03,188.8405,0.0000,188.8405,141.00,,,1202.46,Entered: rank 1 of 112 (top.n=5)
2013-11-01,2013-10-31,44,EXIT,BIOCON,499.00,54.7999,27345.17,2013-10-03,53.5137,53.5137,0.0000,0.00,641.83,641.83,28547.63,"Rank 17 of 112, below exit rank 5"
2013-11-01,2013-10-31,44,EXIT,COROMANDEL,134.00,186.0755,24934.12,2013-10-03,199.0379,199.0379,0.0000,0.00,-1736.95,-1736.95,53481.75,"Rank 15 of 112, below exit rank 5"
2013-11-01,2013-10-31,44,EXIT,HCLTECH,141.00,192.1238,27089.46,2013-10-03,188.8405,188.8405,0.0000,0.00,462.95,462.95,80571.21,"Rank 7 of 112, below exit rank 5"
2013-11-01,2013-10-31,44,EXIT,HEROMOTOCO,19.00,1400.2762,26605.25,2013-09-03,1331.6750,1331.6750,0.0000,0.00,1303.42,1303.42,107176.46,"Rank 13 of 112, below exit rank 5"
2013-11-01,2013-10-31,44,EXIT,IDEA,260.00,102.3010,26598.26,2013-08-02,104.4815,104.0461,0.0000,0.00,-453.73,-566.92,133774.72,"Rank 24 of 112, below exit rank 5"
2013-11-01,2013-10-31,44,ENTRY,BHARATFORG,197.00,135.2577,26645.76,2013-11-01,135.2577,0.0000,135.2577,197.00,,,107128.97,"Entered: rank 9 of 112 (top.n=5, higher-ranked names skipped by sector cap)"
2013-11-01,2013-10-31,44,ENTRY,PERSISTENT,153.00,173.8171,26594.01,2013-11-01,173.8171,0.0000,173.8171,153.00,,,80534.95,Entered: rank 1 of 112 (top.n=5)
2013-11-01,2013-10-31,44,ENTRY,PIIND,137.00,194.7995,26687.53,2013-11-01,194.7995,0.0000,194.7995,137.00,,,53847.43,Entered: rank 2 of 112 (top.n=5)
2013-11-01,2013-10-31,44,ENTRY,RADICO,192.00,139.3315,26751.65,2013-11-01,139.3315,0.0000,139.3315,192.00,,,27095.78,"Entered: rank 6 of 112 (top.n=5, higher-ranked names skipped by sector cap)"
2013-11-01,2013-10-31,44,ENTRY,TATACOMM,195.00,136.6741,26651.45,2013-11-01,136.6741,0.0000,136.6741,195.00,,,444.33,Entered: rank 4 of 112 (top.n=5)
2013-12-03,2013-12-02,45,EXIT,BHARATFORG,197.00,137.6896,27124.85,2013-11-01,135.2577,135.2577,0.0000,0.00,479.09,479.09,27569.18,"Rank 15 of 112, below exit rank 5"
2013-12-03,2013-12-02,45,EXIT,RADICO,192.00,133.1915,25572.76,2013-11-01,139.3315,139.3315,0.0000,0.00,-1178.89,-1178.89,53141.94,"Rank 10 of 112, below exit rank 5"
2013-12-03,2013-12-02,45,TRIM,PERSISTENT,2.00,188.0287,376.06,2013-11-01,173.8171,173.8171,173.8171,151.00,28.42,,53517.99,"Re-sized to target allocation (rank 5 of 112, in top.n selection)"
2013-12-03,2013-12-02,45,TRIM,PIIND,8.00,219.4997,1756.00,2013-11-01,194.7995,194.7995,194.7995,129.00,197.60,,55273.99,"Re-sized to target allocation (rank 3 of 112, in top.n selection)"
2013-12-03,2013-12-02,45,TRIM,TATACOMM,11.00,154.0173,1694.19,2013-11-01,136.6741,136.6741,136.6741,184.00,190.77,,56968.18,"Re-sized to target allocation (rank 1 of 112, in top.n selection)"
2013-12-03,2013-12-02,45,ENTRY,AUROPHARMA,197.00,143.8918,28346.68,2013-12-03,143.8918,0.0000,143.8918,197.00,,,28621.50,Entered: rank 2 of 112 (top.n=5)
2013-12-03,2013-12-02,45,ENTRY,TATASTEEL,1017.00,27.9249,28399.65,2013-12-03,27.9249,0.0000,27.9249,1017.00,,,221.85,Entered: rank 4 of 112 (top.n=5)
2014-01-01,2013-12-31,46,EXIT,PERSISTENT,151.00,213.2817,32205.54,2013-11-01,173.8171,173.8171,0.0000,0.00,5959.16,5959.16,32427.39,"Rank 9 of 112, below exit rank 5"
2014-01-01,2013-12-31,46,EXIT,TATACOMM,184.00,161.1616,29653.74,2013-11-01,136.6741,136.6741,0.0000,0.00,4505.70,4505.70,62081.13,"Rank 6 of 112, below exit rank 5"
2014-01-01,2013-12-31,46,EXIT,TATASTEEL,1017.00,29.1599,29655.66,2013-12-03,27.9249,27.9249,0.0000,0.00,1256.00,1256.00,91736.78,"Rank 13 of 112, below exit rank 5"
2014-01-01,2013-12-31,46,TRIM,AUROPHARMA,26.00,184.9769,4809.40,2013-12-03,143.8918,143.8918,143.8918,171.00,1068.21,,96546.18,"Re-sized to target allocation (rank 2 of 112, in top.n selection)"
2014-01-01,2013-12-31,46,ADD,PIIND,6.00,232.7998,1396.80,2013-11-01,194.7995,194.7995,196.4884,135.00,,,95149.38,"Re-sized to target allocation (rank 5 of 112, in top.n selection)"
2014-01-01,2013-12-31,46,ENTRY,GMRAIRPORT,1447.00,21.8671,31641.62,2014-01-01,21.8671,0.0000,21.8671,1447.00,,,63507.76,Entered: rank 3 of 112 (top.n=5)
2014-01-01,2013-12-31,46,ENTRY,JSWSTEEL,355.00,89.1244,31639.17,2014-01-01,89.1244,0.0000,89.1244,355.00,,,31868.59,Entered: rank 4 of 112 (top.n=5)
2014-01-01,2013-12-31,46,ENTRY,TATAELXSI,176.00,178.9950,31503.13,2014-01-01,178.9950,0.0000,178.9950,176.00,,,365.47,Entered: rank 1 of 112 (top.n=5)
2014-01-29,2014-01-28,47,EXIT,GMRAIRPORT,1447.00,18.3912,26612.07,2014-01-01,21.8671,21.8671,0.0000,0.00,-5029.55,-5029.55,26977.54,"Rank 62 of 112, below exit rank 5"
2014-01-29,2014-01-28,47,EXIT,JSWSTEEL,355.00,81.9100,29078.06,2014-01-01,89.1244,89.1244,0.0000,0.00,-2561.11,-2561.11,56055.60,"Rank 12 of 112, below exit rank 5"
2014-01-29,2014-01-28,47,TRIM,AUROPHARMA,21.00,198.8913,4176.72,2013-12-03,143.8918,143.8918,143.8918,150.00,1154.99,,60232.32,"Re-sized to target allocation (rank 1 of 112, in top.n selection)"
2014-01-29,2014-01-28,47,TRIM,PIIND,1.00,223.2522,223.25,2013-11-01,194.7995,196.4884,196.4884,134.00,26.76,,60455.57,"Re-sized to target allocation (rank 4 of 112, in top.n selection)"
2014-01-29,2014-01-28,47,ENTRY,ADANIENT,880.00,34.0872,29996.75,2014-01-29,34.0872,0.0000,34.0872,880.00,,,30458.82,Entered: rank 3 of 112 (top.n=5)
2014-01-29,2014-01-28,47,ENTRY,NAUKRI,313.00,95.6710,29945.03,2014-01-29,95.6710,0.0000,95.6710,313.00,,,513.79,"Entered: rank 6 of 112 (top.n=5, higher-ranked names skipped by sector cap)"
2014-02-26,2014-02-25,48,EXIT,ADANIENT,880.00,35.3319,31092.07,2014-01-29,34.0872,34.0872,0.0000,0.00,1095.32,1095.32,31605.86,"Rank 10 of 112, below exit rank 5"
2014-02-26,2014-02-25,48,EXIT,PIIND,134.00,239.9433,32152.40,2013-11-01,194.7995,196.4884,0.0000,0.00,5822.96,6049.27,63758.26,"Rank 8 of 112, below exit rank 5"
2014-02-26,2014-02-25,48,TRIM,AUROPHARMA,5.00,244.4421,1222.21,2013-12-03,143.8918,143.8918,143.8918,145.00,502.75,,64980.47,"Re-sized to target allocation (rank 2 of 112, in top.n selection)"
2014-02-26,2014-02-25,48,TRIM,NAUKRI,25.00,122.8016,3070.04,2014-01-29,95.6710,95.6710,95.6710,288.00,678.26,,68050.51,"Re-sized to target allocation (rank 3 of 112, in top.n selection)"
2014-02-26,2014-02-25,48,TRIM,TATAELXSI,14.00,218.0753,3053.05,2014-01-01,178.9950,178.9950,178.9950,162.00,547.12,,71103.56,"Re-sized to target allocation (rank 1 of 112, in top.n selection)"
2014-02-26,2014-02-25,48,ENTRY,KEI,2945.00,12.0330,35437.16,2014-02-26,12.0330,0.0000,12.0330,2945.00,,,35666.40,"Entered: rank 6 of 112 (top.n=5, higher-ranked names skipped by sector cap)"
2014-02-26,2014-02-25,48,ENTRY,VOLTAS,298.00,118.8007,35402.62,2014-02-26,118.8007,0.0000,118.8007,298.00,,,263.79,"Entered: rank 7 of 112 (top.n=5, higher-ranked names skipped by sector cap)"
2014-03-28,2014-03-27,49,EXIT,KEI,2945.00,11.3110,33310.93,2014-02-26,12.0330,12.0330,0.0000,0.00,-2126.24,-2126.24,33574.71,"Rank 13 of 112, below exit rank 5"
2014-03-28,2014-03-27,49,EXIT,NAUKRI,288.00,120.6407,34744.53,2014-01-29,95.6710,95.6710,0.0000,0.00,7191.27,7191.27,68319.24,"Rank 6 of 112, below exit rank 5"
2014-03-28,2014-03-27,49,ADD,AUROPHARMA,5.00,245.8524,1229.26,2013-12-03,143.8918,143.8918,147.2904,150.00,,,67089.98,"Re-sized to target allocation (rank 3 of 112, in top.n selection)"
2014-03-28,2014-03-27,49,TRIM,TATAELXSI,5.00,235.6797,1178.40,2014-01-01,178.9950,178.9950,178.9950,157.00,283.42,,68268.38,"Re-sized to target allocation (rank 1 of 112, in top.n selection)"
2014-03-28,2014-03-27,49,TRIM,VOLTAS,42.00,144.2250,6057.45,2014-02-26,118.8007,118.8007,118.8007,256.00,1067.82,,74325.83,"Re-sized to target allocation (rank 5 of 112, in top.n selection)"
2014-03-28,2014-03-27,49,ENTRY,ASTRAL,348.00,106.1431,36937.78,2014-03-28,106.1431,0.0000,106.1431,348.00,,,37388.04,Entered: rank 4 of 112 (top.n=5)
2014-03-28,2014-03-27,49,ENTRY,SRF,593.00,62.3355,36964.95,2014-03-28,62.3355,0.0000,62.3355,593.00,,,423.09,Entered: rank 2 of 112 (top.n=5)
2014-04-30,2014-04-29,50,EXIT,ASTRAL,348.00,123.2697,42897.85,2014-03-28,106.1431,106.1431,0.0000,0.00,5960.07,5960.07,43320.94,"Rank 3 of 112, within exit rank 5 but not reselected (sector cap or book capacity)"
2014-04-30,2014-04-29,50,EXIT,VOLTAS,256.00,146.5363,37513.29,2014-02-26,118.8007,118.8007,0.0000,0.00,7100.30,7100.30,80834.23,"Rank 15 of 112, below exit rank 5"
2014-04-30,2014-04-29,50,TRIM,AUROPHARMA,1.00,272.6470,272.65,2013-12-03,143.8918,147.2904,147.2904,149.00,125.36,,81106.88,"Re-sized to target allocation (rank 6 of 112, in top.n selection)"
2014-04-30,2014-04-29,50,TRIM,SRF,42.00,73.8840,3103.13,2014-03-28,62.3355,62.3355,62.3355,551.00,485.04,,84210.01,"Re-sized to target allocation (rank 2 of 112, in top.n selection)"
2014-04-30,2014-04-29,50,ADD,TATAELXSI,11.00,242.1823,2664.01,2014-01-01,178.9950,178.9950,183.1323,168.00,,,81546.00,"Re-sized to target allocation (rank 5 of 112, in top.n selection)"
2014-04-30,2014-04-29,50,ENTRY,ADANIENT,660.00,61.6540,40691.65,2014-04-30,61.6540,0.0000,61.6540,660.00,,,40854.35,Entered: rank 4 of 112 (top.n=5)
2014-04-30,2014-04-29,50,ENTRY,KEI,2141.00,19.0121,40704.96,2014-04-30,19.0121,0.0000,19.0121,2141.00,,,149.39,Entered: rank 1 of 112 (top.n=5)
2014-05-29,2014-05-28,51,EXIT,AUROPHARMA,149.00,299.9352,44690.34,2013-12-03,143.8918,147.2904,0.0000,0.00,22744.06,23250.47,44839.73,"Rank 11 of 112, below exit rank 5"
2014-05-29,2014-05-28,51,EXIT,TATAELXSI,168.00,224.0860,37646.45,2014-01-01,178.9950,183.1323,0.0000,0.00,6880.23,7575.29,82486.18,"Rank 40 of 112, below exit rank 5"
2014-05-29,2014-05-28,51,ADD,ADANIENT,18.00,66.7813,1202.06,2014-04-30,61.6540,61.6540,61.7901,678.00,,,81284.12,"Re-sized to target allocation (rank 4 of 112, in top.n selection)"
2014-05-29,2014-05-28,51,TRIM,KEI,330.00,25.0286,8259.45,2014-04-30,19.0121,19.0121,19.0121,1811.00,1985.44,,89543.56,"Re-sized to target allocation (rank 1 of 112, in top.n selection)"
2014-05-29,2014-05-28,51,TRIM,SRF,15.00,84.4335,1266.50,2014-03-28,62.3355,62.3355,62.3355,536.00,331.47,,90810.07,"Re-sized to target allocation (rank 2 of 112, in top.n selection)"
2014-05-29,2014-05-28,51,ENTRY,HINDPETRO,1300.00,34.8675,45327.70,2014-05-29,34.8675,0.0000,34.8675,1300.00,,,45482.37,"Entered: rank 7 of 112 (top.n=5, higher-ranked names skipped by sector cap)"
2014-05-29,2014-05-28,51,ENTRY,MOTILALOFS,294.00,153.7650,45206.92,2014-05-29,153.7650,0.0000,153.7650,294.00,,,275.45,"Entered: rank 8 of 112 (top.n=5, higher-ranked names skipped by sector cap)"
2014-06-26,2014-06-25,52,EXIT,HINDPETRO,1300.00,32.7734,42605.47,2014-05-29,34.8675,34.8675,0.0000,0.00,-2722.23,-2722.23,42880.92,"Rank 21 of 112, below exit rank 5"
2014-06-26,2014-06-25,52,EXIT,KEI,1811.00,28.3979,51428.52,2014-04-30,19.0121,19.0121,0.0000,0.00,16997.56,16997.56,94309.44,"Rank 3 of 112, within exit rank 5 but not reselected (sector cap or book capacity)"
2014-06-26,2014-06-25,52,ADD,ADANIENT,84.00,65.6356,5513.39,2014-04-30,61.6540,61.7901,62.2140,762.00,,,88796.05,"Re-sized to target allocation (rank 7 of 112, in top.n selection)"
2014-06-26,2014-06-25,52,TRIM,MOTILALOFS,52.00,206.6544,10746.03,2014-05-29,153.7650,153.7650,153.7650,242.00,2750.25,,99542.08,"Re-sized to target allocation (rank 2 of 112, in top.n selection)"
2014-06-26,2014-06-25,52,TRIM,SRF,7.00,94.5069,661.55,2014-03-28,62.3355,62.3355,62.3355,529.00,225.20,,100203.63,"Re-sized to target allocation (rank 5 of 112, in top.n selection)"
2014-06-26,2014-06-25,52,ENTRY,BLUESTARCO,402.00,124.4267,50019.52,2014-06-26,124.4267,0.0000,124.4267,402.00,,,50184.11,"Entered: rank 9 of 112 (top.n=5, higher-ranked names skipped by sector cap)"
2014-06-26,2014-06-25,52,ENTRY,SUZLON,1847.00,27.0873,50030.27,2014-06-26,27.0873,0.0000,27.0873,1847.00,,,153.84,Entered: rank 1 of 112 (top.n=5)
2014-07-24,2014-07-23,53,EXIT,ADANIENT,762.00,62.7431,47810.24,2014-04-30,61.6540,62.2140,0.0000,0.00,403.14,829.88,47964.09,"Rank 36 of 112, below exit rank 5"
2014-07-24,2014-07-23,53,EXIT,SUZLON,1847.00,22.8635,42228.93,2014-06-26,27.0873,27.0873,0.0000,0.00,-7801.33,-7801.33,90193.02,"Rank 3 of 112, within exit rank 5 but not reselected (sector cap or book capacity)"
2014-07-24,2014-07-23,53,TRIM,BLUESTARCO,21.00,133.9610,2813.18,2014-06-26,124.4267,124.4267,124.4267,381.00,200.22,,93006.21,"Re-sized to target allocation (rank 8 of 112, in top.n selection)"
2014-07-24,2014-07-23,53,TRIM,MOTILALOFS,13.00,222.8879,2897.54,2014-05-29,153.7650,153.7650,153.7650,229.00,898.60,,95903.75,"Re-sized to target allocation (rank 2 of 112, in top.n selection)"
2014-07-24,2014-07-23,53,TRIM,SRF,59.00,108.5387,6403.78,2014-03-28,62.3355,62.3355,62.3355,470.00,2725.99,,102307.53,"Re-sized to target allocation (rank 4 of 112, in top.n selection)"
2014-07-24,2014-07-23,53,ENTRY,BHARATFORG,161.00,315.3895,50777.71,2014-07-24,315.3895,0.0000,315.3895,161.00,,,51529.82,"Entered: rank 9 of 112 (top.n=5, higher-ranked names skipped by sector cap)"
2014-07-24,2014-07-23,53,ENTRY,KEI,1595.00,32.0078,51052.38,2014-07-24,32.0078,0.0000,32.0078,1595.00,,,477.44,Entered: rank 1 of 112 (top.n=5)
2014-08-25,2014-08-22,54,EXIT,SRF,470.00,124.3163,58428.67,2014-03-28,62.3355,62.3355,0.0000,0.00,29130.98,29130.98,58906.10,"Rank 11 of 113, below exit rank 5"
2014-08-25,2014-08-22,54,TRIM,BHARATFORG,12.00,357.2226,4286.67,2014-07-24,315.3895,315.3895,315.3895,149.00,502.00,,63192.77,"Re-sized to target allocation (rank 2 of 113, in top.n selection)"
2014-08-25,2014-08-22,54,TRIM,BLUESTARCO,21.00,147.7674,3103.12,2014-06-26,124.4267,124.4267,124.4267,360.00,490.16,,66295.89,"Re-sized to target allocation (rank 8 of 113, in top.n selection)"
2014-08-25,2014-08-22,54,ADD,KEI,146.00,30.6119,4469.34,2014-07-24,32.0078,32.0078,31.8907,1741.00,,,61826.55,"Re-sized to target allocation (rank 3 of 113, in top.n selection)"
2014-08-25,2014-08-22,54,ADD,MOTILALOFS,42.00,196.3773,8247.85,2014-05-29,153.7650,153.7650,160.3691,271.00,,,53578.70,"Re-sized to target allocation (rank 1 of 113, in top.n selection)"
2014-08-25,2014-08-22,54,ENTRY,PIIND,126.00,422.6734,53256.85,2014-08-25,422.6734,0.0000,422.6734,126.00,,,321.85,Entered: rank 4 of 113 (top.n=5)
2014-09-23,2014-09-22,55,EXIT,BLUESTARCO,360.00,153.0605,55101.79,2014-06-26,124.4267,124.4267,0.0000,0.00,10308.19,10308.19,55423.64,"Rank 14 of 114, below exit rank 5"
2014-09-23,2014-09-22,55,EXIT,PIIND,126.00,466.5476,58784.99,2014-08-25,422.6734,422.6734,0.0000,0.00,5528.14,5528.14,114208.63,"Rank 5 of 114, within exit rank 5 but not reselected (sector cap or book capacity)"
2014-09-23,2014-09-22,55,TRIM,KEI,70.00,34.2246,2395.72,2014-07-24,32.0078,31.8907,31.8907,1671.00,163.37,,116604.36,"Re-sized to target allocation (rank 4 of 114, in top.n selection)"
2014-09-23,2014-09-22,55,ADD,MOTILALOFS,10.00,203.2410,2032.41,2014-05-29,153.7650,160.3691,161.8948,281.00,,,114571.95,"Re-sized to target allocation (rank 6 of 114, in top.n selection)"
2014-09-23,2014-09-22,55,ENTRY,PHOENIXLTD,312.00,183.1997,57158.29,2014-09-23,183.1997,0.0000,183.1997,312.00,,,57413.65,"Entered: rank 8 of 114 (top.n=5, higher-ranked names skipped by sector cap)"
2014-09-23,2014-09-22,55,ENTRY,SRF,413.00,138.2714,57106.08,2014-09-23,138.2714,0.0000,138.2714,413.00,,,307.57,Entered: rank 3 of 114 (top.n=5)
2014-10-28,2014-10-27,56,EXIT,BHARATFORG,149.00,349.0366,52006.45,2014-07-24,315.3895,315.3895,0.0000,0.00,5013.41,5013.41,52314.02,"Rank 8 of 114, below exit rank 5"
2014-10-28,2014-10-27,56,EXIT,KEI,1671.00,31.8042,53144.79,2014-07-24,32.0078,31.8907,0.0000,0.00,-144.58,-340.18,105458.80,"Rank 20 of 114, below exit rank 5"
2014-10-28,2014-10-27,56,EXIT,MOTILALOFS,281.00,205.9579,57874.17,2014-05-29,153.7650,161.8948,0.0000,0.00,12381.72,14666.20,163332.98,"Rank 80 of 114, below exit rank 5"
2014-10-28,2014-10-27,56,EXIT,PHOENIXLTD,312.00,181.0783,56496.44,2014-09-23,183.1997,183.1997,0.0000,0.00,-661.85,-661.85,219829.42,"Rank 12 of 114, below exit rank 5"
2014-10-28,2014-10-27,56,EXIT,SRF,413.00,126.9839,52444.35,2014-09-23,138.2714,138.2714,0.0000,0.00,-4661.73,-4661.73,272273.76,"Rank 10 of 114, below exit rank 5"
2014-10-28,2014-10-27,56,ENTRY,CIPLA,93.00,582.9148,54211.08,2014-10-28,582.9148,0.0000,582.9148,93.00,,,218062.69,Entered: rank 2 of 114 (top.n=5)
2014-10-28,2014-10-27,56,ENTRY,EICHERMOT,47.00,1136.7107,53425.40,2014-10-28,1136.7107,0.0000,1136.7107,47.00,,,164637.28,Entered: rank 1 of 114 (top.n=5)
2014-10-28,2014-10-27,56,ENTRY,MCX,381.00,142.7019,54369.44,2014-10-28,142.7019,0.0000,142.7019,381.00,,,110267.85,Entered: rank 4 of 114 (top.n=5)
2014-10-28,2014-10-27,56,ENTRY,PAGEIND,7.00,7751.7899,54262.53,2014-10-28,7751.7899,0.0000,7751.7899,7.00,,,56005.32,Entered: rank 3 of 114 (top.n=5)
2014-10-28,2014-10-27,56,ENTRY,PIIND,129.00,419.7975,54153.87,2014-10-28,419.7975,0.0000,419.7975,129.00,,,1851.45,"Entered: rank 6 of 114 (top.n=5, higher-ranked names skipped by sector cap)"
2014-11-27,2014-11-26,57,EXIT,CIPLA,93.00,582.9148,54211.08,2014-10-28,582.9148,582.9148,0.0000,0.00,0.00,0.00,56062.52,"Rank 8 of 114, below exit rank 5"
2014-11-27,2014-11-26,57,EXIT,MCX,381.00,150.7427,57432.98,2014-10-28,142.7019,142.7019,0.0000,0.00,3063.54,3063.54,113495.50,"Rank 36 of 114, below exit rank 5"
2014-11-27,2014-11-26,57,EXIT,PAGEIND,7.00,8298.8060,58091.64,2014-10-28,7751.7899,7751.7899,0.0000,0.00,3829.11,3829.11,171587.14,"Rank 49 of 114, below exit rank 5"
2014-11-27,2014-11-26,57,EXIT,PIIND,129.00,434.8942,56101.35,2014-10-28,419.7975,419.7975,0.0000,0.00,1947.47,1947.47,227688.48,"Rank 11 of 114, below exit rank 5"
2014-11-27,2014-11-26,57,TRIM,EICHERMOT,3.00,1307.7203,3923.16,2014-10-28,1136.7107,1136.7107,1136.7107,44.00,513.03,,231611.65,"Re-sized to target allocation (rank 1 of 114, in top.n selection)"
2014-11-27,2014-11-26,57,ENTRY,ASHOKLEY,2761.00,20.9388,57812.08,2014-11-27,20.9388,0.0000,20.9388,2761.00,,,173799.56,Entered: rank 4 of 114 (top.n=5)
2014-11-27,2014-11-26,57,ENTRY,AUROPHARMA,114.00,506.4385,57733.99,2014-11-27,506.4385,0.0000,506.4385,114.00,,,116065.57,Entered: rank 3 of 114 (top.n=5)
2014-11-27,2014-11-26,57,ENTRY,HINDPETRO,1279.00,45.1940,57803.09,2014-11-27,45.1940,0.0000,45.1940,1279.00,,,58262.48,"Entered: rank 12 of 114 (top.n=5, higher-ranked names skipped by sector cap)"
2014-11-27,2014-11-26,57,ENTRY,SRF,340.00,169.9233,57773.92,2014-11-27,169.9233,0.0000,169.9233,340.00,,,488.57,Entered: rank 2 of 114 (top.n=5)
2014-12-26,2014-12-24,58,EXIT,ASHOKLEY,2761.00,20.3074,56068.71,2014-11-27,20.9388,20.9388,0.0000,0.00,-1743.37,-1743.37,56557.28,"Rank 8 of 114, below exit rank 5"
2014-12-26,2014-12-24,58,EXIT,HINDPETRO,1279.00,47.1571,60313.92,2014-11-27,45.1940,45.1940,0.0000,0.00,2510.82,2510.82,116871.20,"Rank 10 of 114, below exit rank 5"
2014-12-26,2014-12-24,58,EXIT,SRF,340.00,160.8463,54687.74,2014-11-27,169.9233,169.9233,0.0000,0.00,-3086.18,-3086.18,171558.93,"Rank 12 of 114, below exit rank 5"
2014-12-26,2014-12-24,58,TRIM,AUROPHARMA,1.00,511.5382,511.54,2014-11-27,506.4385,506.4385,506.4385,113.00,5.10,,172070.47,"Re-sized to target allocation (rank 6 of 114, in top.n selection)"
2014-12-26,2014-12-24,58,TRIM,EICHERMOT,2.00,1362.5899,2725.18,2014-10-28,1136.7107,1136.7107,1136.7107,42.00,451.76,,174795.65,"Re-sized to target allocation (rank 1 of 114, in top.n selection)"
2014-12-26,2014-12-24,58,ENTRY,BAJFINANCE,1767.00,32.7878,57936.01,2014-12-26,32.7878,0.0000,32.7878,1767.00,,,116859.64,Entered: rank 3 of 114 (top.n=5)
2014-12-26,2014-12-24,58,ENTRY,BEL,2558.00,22.6577,57958.50,2014-12-26,22.6577,0.0000,22.6577,2558.00,,,58901.13,Entered: rank 5 of 114 (top.n=5)
2014-12-26,2014-12-24,58,ENTRY,PAGEIND,5.00,10898.1912,54490.96,2014-12-26,10898.1912,0.0000,10898.1912,5.00,,,4410.18,Entered: rank 2 of 114 (top.n=5)
2015-01-23,2015-01-22,59,EXIT,AUROPHARMA,113.00,560.5059,63337.17,2014-11-27,506.4385,506.4385,0.0000,0.00,6109.62,6109.62,67747.34,"Rank 11 of 114, below exit rank 5"
2015-01-23,2015-01-22,59,EXIT,BEL,2558.00,26.9093,68834.04,2014-12-26,22.6577,22.6577,0.0000,0.00,10875.54,10875.54,136581.39,"Rank 3 of 114, within exit rank 5 but not reselected (sector cap or book capacity)"
2015-01-23,2015-01-22,59,TRIM,BAJFINANCE,86.00,37.3589,3212.87,2014-12-26,32.7878,32.7878,32.7878,1681.00,393.12,,139794.25,"Re-sized to target allocation (rank 5 of 114, in top.n selection)"
2015-01-23,2015-01-22,59,ADD,EICHERMOT,2.00,1405.7536,2811.51,2014-10-28,1136.7107,1136.7107,1148.9400,44.00,,,136982.75,"Re-sized to target allocation (rank 9 of 114, in top.n selection)"
2015-01-23,2015-01-22,59,ENTRY,KEI,1157.00,54.2656,62785.27,2015-01-23,54.2656,0.0000,54.2656,1157.00,,,74197.47,Entered: rank 1 of 114 (top.n=5)
2015-01-23,2015-01-22,59,ENTRY,PERSISTENT,154.00,405.6850,62475.50,2015-01-23,405.6850,0.0000,405.6850,154.00,,,11721.97,"Entered: rank 8 of 114 (top.n=5, higher-ranked names skipped by sector cap)"
2015-02-24,2015-02-23,60,EXIT,EICHERMOT,44.00,1463.1838,64380.09,2014-10-28,1136.7107,1148.9400,0.0000,0.00,13826.73,14364.81,76102.06,"Rank 17 of 114, below exit rank 5"
2015-02-24,2015-02-23,60,EXIT,KEI,1157.00,54.7012,63289.35,2015-01-23,54.2656,54.2656,0.0000,0.00,504.07,504.07,139391.41,"Rank 3 of 114, within exit rank 5 but not reselected (sector cap or book capacity)"
2015-02-24,2015-02-23,60,EXIT,PAGEIND,5.00,10409.0412,52045.21,2014-12-26,10898.1912,10898.1912,0.0000,0.00,-2445.75,-2445.75,191436.61,"Rank 26 of 114, below exit rank 5"
2015-02-24,2015-02-23,60,EXIT,PERSISTENT,154.00,386.3504,59497.96,2015-01-23,405.6850,405.6850,0.0000,0.00,-2977.54,-2977.54,250934.57,"Rank 42 of 114, below exit rank 5"
2015-02-24,2015-02-23,60,TRIM,BAJFINANCE,94.00,40.1003,3769.43,2014-12-26,32.7878,32.7878,32.7878,1587.00,687.38,,254704.00,"Re-sized to target allocation (rank 9 of 114, in top.n selection)"
2015-02-24,2015-02-23,60,ENTRY,BHARATFORG,108.00,584.2495,63098.94,2015-02-24,584.2495,0.0000,584.2495,108.00,,,191605.06,Entered: rank 5 of 114 (top.n=5)
2015-02-24,2015-02-23,60,ENTRY,JSWENERGY,634.00,100.3678,63633.21,2015-02-24,100.3678,0.0000,100.3678,634.00,,,127971.85,"Entered: rank 7 of 114 (top.n=5, higher-ranked names skipped by sector cap)"
2015-02-24,2015-02-23,60,ENTRY,SUZLON,2641.00,24.1031,63656.33,2015-02-24,24.1031,0.0000,24.1031,2641.00,,,64315.52,Entered: rank 1 of 114 (top.n=5)
2015-02-24,2015-02-23,60,ENTRY,TATAELXSI,140.00,453.4572,63484.00,2015-02-24,453.4572,0.0000,453.4572,140.00,,,831.52,Entered: rank 4 of 114 (top.n=5)
2015-03-24,2015-03-23,61,EXIT,BAJFINANCE,1587.00,38.3483,60858.74,2014-12-26,32.7878,32.7878,0.0000,0.00,8824.53,8824.53,61690.27,"Rank 10 of 114, below exit rank 5"
2015-03-24,2015-03-23,61,EXIT,BHARATFORG,108.00,590.5495,63779.34,2015-02-24,584.2495,584.2495,0.0000,0.00,680.40,680.40,125469.61,"Rank 6 of 114, below exit rank 5"
2015-03-24,2015-03-23,61,TRIM,JSWENERGY,13.00,104.7432,1361.66,2015-02-24,100.3678,100.3678,100.3678,621.00,56.88,,126831.27,"Re-sized to target allocation (rank 4 of 114, in top.n selection)"
2015-03-24,2015-03-23,61,TRIM,SUZLON,48.00,25.1132,1205.43,2015-02-24,24.1031,24.1031,24.1031,2593.00,48.48,,128036.70,"Re-sized to target allocation (rank 1 of 114, in top.n selection)"
2015-03-24,2015-03-23,61,TRIM,TATAELXSI,5.00,482.1240,2410.62,2015-02-24,453.4572,453.4572,453.4572,135.00,143.33,,130447.32,"Re-sized to target allocation (rank 2 of 114, in top.n selection)"
2015-03-24,2015-03-23,61,ENTRY,PAGEIND,5.00,12577.1932,62885.97,2015-03-24,12577.1932,0.0000,12577.1932,5.00,,,67561.36,Entered: rank 5 of 114 (top.n=5)
2015-03-24,2015-03-23,61,ENTRY,PIIND,100.00,650.4758,65047.58,2015-03-24,650.4758,0.0000,650.4758,100.00,,,2513.78,Entered: rank 3 of 114 (top.n=5)
2015-04-24,2015-04-23,62,EXIT,JSWENERGY,621.00,101.6495,63124.35,2015-02-24,100.3678,100.3678,0.0000,0.00,795.92,795.92,65638.12,"Rank 15 of 114, below exit rank 5"
2015-04-24,2015-04-23,62,EXIT,PAGEIND,5.00,11468.7832,57343.92,2015-03-24,12577.1932,12577.1932,0.0000,0.00,-5542.05,-5542.05,122982.04,"Rank 21 of 114, below exit rank 5"
2015-04-24,2015-04-23,62,EXIT,PIIND,100.00,626.6074,62660.74,2015-03-24,650.4758,650.4758,0.0000,0.00,-2386.84,-2386.84,185642.78,"Rank 8 of 114, below exit rank 5"
2015-04-24,2015-04-23,62,ADD,SUZLON,45.00,23.7358,1068.11,2015-02-24,24.1031,24.1031,24.0968,2638.00,,,184574.67,"Re-sized to target allocation (rank 2 of 114, in top.n selection)"
2015-04-24,2015-04-23,62,TRIM,TATAELXSI,7.00,488.1831,3417.28,2015-02-24,453.4572,453.4572,453.4572,128.00,243.08,,187991.95,"Re-sized to target allocation (rank 1 of 114, in top.n selection)"
2015-04-24,2015-04-23,62,ENTRY,ADANIENT,645.00,96.9936,62560.85,2015-04-24,96.9936,0.0000,96.9936,645.00,,,125431.10,Entered: rank 5 of 114 (top.n=5)
2015-04-24,2015-04-23,62,ENTRY,FORTIS,387.00,161.6093,62542.81,2015-04-24,161.6093,0.0000,161.6093,387.00,,,62888.28,Entered: rank 4 of 114 (top.n=5)
2015-04-24,2015-04-23,62,ENTRY,UPL,240.00,260.1345,62432.27,2015-04-24,260.1345,0.0000,260.1345,240.00,,,456.01,"Entered: rank 7 of 114 (top.n=5, higher-ranked names skipped by sector cap)"
2015-05-25,2015-05-22,63,TRIM,ADANIENT,40.00,114.0337,4561.35,2015-04-24,96.9936,96.9936,96.9936,605.00,681.60,,5017.36,"Re-sized to target allocation (rank 5 of 114, in top.n selection)"
2015-05-25,2015-05-22,63,ADD,FORTIS,21.00,169.2530,3554.31,2015-04-24,161.6093,161.6093,162.0028,408.00,,,1463.05,"Re-sized to target allocation (rank 4 of 114, in top.n selection)"
2015-05-25,2015-05-22,63,ADD,SUZLON,371.00,22.9553,8516.43,2015-02-24,24.1031,24.0968,23.9561,3009.00,,,-7053.39,"Re-sized to target allocation (rank 2 of 114, in top.n selection)"
2015-05-25,2015-05-22,63,TRIM,UPL,24.00,319.4311,7666.35,2015-04-24,260.1345,260.1345,260.1345,216.00,1423.12,,612.96,"Re-sized to target allocation (rank 3 of 114, in top.n selection)"
2015-06-22,2015-06-19,64,EXIT,ADANIENT,605.00,50.0074,30254.47,2015-04-24,96.9936,96.9936,0.0000,0.00,-28426.64,-28426.64,30867.43,"Rank 114 of 114, below exit rank 5"
2015-06-22,2015-06-19,64,EXIT,UPL,216.00,311.1592,67210.39,2015-04-24,260.1345,260.1345,0.0000,0.00,11021.35,11021.35,98077.82,"Rank 12 of 114, below exit rank 5"
2015-06-22,2015-06-19,64,TRIM,FORTIS,56.00,169.7494,9505.96,2015-04-24,161.6093,162.0028,162.0028,352.00,433.81,,107583.79,"Re-sized to target allocation (rank 2 of 114, in top.n selection)"
2015-06-22,2015-06-19,64,TRIM,SUZLON,211.00,21.3485,4504.53,2015-02-24,24.1031,23.9561,23.9561,2798.00,-550.21,,112088.32,"Re-sized to target allocation (rank 6 of 114, in top.n selection)"
2015-06-22,2015-06-19,64,TRIM,TATAELXSI,15.00,524.9070,7873.60,2015-02-24,453.4572,453.4572,453.4572,113.00,1071.75,,119961.92,"Re-sized to target allocation (rank 1 of 114, in top.n selection)"
2015-06-22,2015-06-19,64,ENTRY,PAGEIND,4.00,13524.1475,54096.59,2015-06-22,13524.1475,0.0000,13524.1475,4.00,,,65865.33,Entered: rank 4 of 114 (top.n=5)
2015-06-22,2015-06-19,64,ENTRY,VOLTAS,189.00,315.7378,59674.45,2015-06-22,315.7378,0.0000,315.7378,189.00,,,6190.88,Entered: rank 5 of 114 (top.n=5)
2015-07-20,2015-07-17,65,EXIT,FORTIS,352.00,190.5958,67089.71,2015-04-24,161.6093,162.0028,0.0000,0.00,10064.74,10203.22,73280.59,"Rank 4 of 114, within exit rank 5 but not reselected (sector cap or book capacity)"
2015-07-20,2015-07-17,65,EXIT,PAGEIND,4.00,13352.4192,53409.68,2015-06-22,13524.1475,13524.1475,0.0000,0.00,-686.91,-686.91,126690.26,"Rank 26 of 114, below exit rank 5"
2015-07-20,2015-07-17,65,EXIT,SUZLON,2798.00,21.3944,59861.49,2015-02-24,24.1031,23.9561,0.0000,0.00,-7167.70,-7579.03,186551.75,"Rank 98 of 114, below exit rank 5"
2015-07-20,2015-07-17,65,EXIT,TATAELXSI,113.00,589.8511,66653.18,2015-02-24,453.4572,453.4572,0.0000,0.00,15412.52,15412.52,253204.93,"Rank 44 of 114, below exit rank 5"
2015-07-20,2015-07-17,65,EXIT,VOLTAS,189.00,296.6051,56058.37,2015-06-22,315.7378,315.7378,0.0000,0.00,-3616.08,-3616.08,309263.30,"Rank 12 of 114, below exit rank 5"
2015-07-20,2015-07-17,65,ENTRY,AUROPHARMA,85.00,722.9446,61450.29,2015-07-20,722.9446,0.0000,722.9446,85.00,,,247813.01,Entered: rank 3 of 114 (top.n=5)
2015-07-20,2015-07-17,65,ENTRY,EICHERMOT,31.00,1943.8984,60260.85,2015-07-20,1943.8984,0.0000,1943.8984,31.00,,,187552.16,Entered: rank 5 of 114 (top.n=5)
2015-07-20,2015-07-17,65,ENTRY,HINDPETRO,827.00,74.7685,61833.55,2015-07-20,74.7685,0.0000,74.7685,827.00,,,125718.61,Entered: rank 2 of 114 (top.n=5)
2015-07-20,2015-07-17,65,ENTRY,KEI,760.00,81.3258,61807.58,2015-07-20,81.3258,0.0000,81.3258,760.00,,,63911.02,"Entered: rank 6 of 114 (top.n=5, higher-ranked names skipped by sector cap)"
2015-07-20,2015-07-17,65,ENTRY,SRF,249.00,248.1332,61785.16,2015-07-20,248.1332,0.0000,248.1332,249.00,,,2125.86,Entered: rank 1 of 114 (top.n=5)
2015-08-17,2015-08-14,66,EXIT,AUROPHARMA,85.00,724.1282,61550.90,2015-07-20,722.9446,722.9446,0.0000,0.00,100.60,100.60,63676.76,"Rank 19 of 114, below exit rank 5"
2015-08-17,2015-08-14,66,EXIT,EICHERMOT,31.00,1892.5261,58668.31,2015-07-20,1943.8984,1943.8984,0.0000,0.00,-1592.54,-1592.54,122345.07,"Rank 9 of 114, below exit rank 5"
2015-08-17,2015-08-14,66,EXIT,SRF,249.00,249.6462,62161.91,2015-07-20,248.1332,248.1332,0.0000,0.00,376.75,376.75,184506.98,"Rank 8 of 114, below exit rank 5"
2015-08-17,2015-08-14,66,ADD,HINDPETRO,35.00,75.0886,2628.10,2015-07-20,74.7685,74.7685,74.7815,862.00,,,181878.87,"Re-sized to target allocation (rank 5 of 114, in top.n selection)"
2015-08-17,2015-08-14,66,TRIM,KEI,123.00,101.6572,12503.83,2015-07-20,81.3258,81.3258,81.3258,637.00,2500.76,,194382.71,"Re-sized to target allocation (rank 4 of 114, in top.n selection)"
2015-08-17,2015-08-14,66,ENTRY,BAJAJFINSV,332.00,194.5623,64594.70,2015-08-17,194.5623,0.0000,194.5623,332.00,,,129788.01,Entered: rank 2 of 114 (top.n=5)
2015-08-17,2015-08-14,66,ENTRY,COFORGE,736.00,87.8956,64691.16,2015-08-17,87.8956,0.0000,87.8956,736.00,,,65096.85,Entered: rank 1 of 114 (top.n=5)
2015-08-17,2015-08-14,66,ENTRY,GLENMARK,59.00,1093.2262,64500.35,2015-08-17,1093.2262,0.0000,1093.2262,59.00,,,596.51,"Entered: rank 6 of 114 (top.n=5, higher-ranked names skipped by sector cap)"
2015-09-14,2015-09-11,67,EXIT,COFORGE,736.00,78.8418,58027.57,2015-08-17,87.8956,87.8956,0.0000,0.00,-6663.59,-6663.59,58624.08,"Rank 5 of 114, within exit rank 5 but not reselected (sector cap or book capacity)"
2015-09-14,2015-09-11,67,EXIT,GLENMARK,59.00,968.8894,57164.48,2015-08-17,1093.2262,1093.2262,0.0000,0.00,-7335.87,-7335.87,115788.55,"Rank 14 of 114, below exit rank 5"
2015-09-14,2015-09-11,67,ADD,BAJAJFINSV,1.00,178.4702,178.47,2015-08-17,194.5623,194.5623,194.5140,333.00,,,115610.08,"Re-sized to target allocation (rank 4 of 114, in top.n selection)"
2015-09-14,2015-09-11,67,TRIM,HINDPETRO,14.00,70.1300,981.82,2015-07-20,74.7685,74.7815,74.7815,848.00,-65.12,,116591.90,"Re-sized to target allocation (rank 3 of 114, in top.n selection)"
2015-09-14,2015-09-11,67,TRIM,KEI,26.00,97.2189,2527.69,2015-07-20,81.3258,81.3258,81.3258,611.00,413.22,,119119.59,"Re-sized to target allocation (rank 2 of 114, in top.n selection)"
2015-09-14,2015-09-11,67,ENTRY,SRF,269.00,220.7528,59382.52,2015-09-14,220.7528,0.0000,220.7528,269.00,,,59737.08,"Entered: rank 6 of 114 (top.n=5, higher-ranked names skipped by sector cap)"
2015-09-14,2015-09-11,67,ENTRY,TATAELXSI,67.00,884.1136,59235.61,2015-09-14,884.1136,0.0000,884.1136,67.00,,,501.47,Entered: rank 1 of 114 (top.n=5)
2015-10-15,2015-10-14,68,EXIT,BAJAJFINSV,333.00,176.1784,58667.42,2015-08-17,194.5623,194.5140,0.0000,0.00,-6105.75,-6121.84,59168.89,"Rank 20 of 114, below exit rank 5"
2015-10-15,2015-10-14,68,EXIT,HINDPETRO,848.00,67.7145,57421.87,2015-07-20,74.7685,74.7815,0.0000,0.00,-5992.84,-5981.81,116590.76,"Rank 17 of 114, below exit rank 5"
2015-10-15,2015-10-14,68,EXIT,SRF,269.00,241.9574,65086.55,2015-09-14,220.7528,220.7528,0.0000,0.00,5704.03,5704.03,181677.31,"Rank 13 of 114, below exit rank 5"
2015-10-15,2015-10-14,68,TRIM,KEI,50.00,107.6700,5383.50,2015-07-20,81.3258,81.3258,81.3258,561.00,1317.21,,187060.81,"Re-sized to target allocation (rank 1 of 114, in top.n selection)"
2015-10-15,2015-10-14,68,ADD,TATAELXSI,6.00,821.6272,4929.76,2015-09-14,884.1136,884.1136,878.9777,73.00,,,182131.05,"Re-sized to target allocation (rank 2 of 114, in top.n selection)"
2015-10-15,2015-10-14,68,ENTRY,AUROPHARMA,78.00,767.4047,59857.57,2015-10-15,767.4047,0.0000,767.4047,78.00,,,122273.48,"Entered: rank 7 of 114 (top.n=5, higher-ranked names skipped by sector cap)"
2015-10-15,2015-10-14,68,ENTRY,GODFRYPHLP,309.00,195.4026,60379.41,2015-10-15,195.4026,0.0000,195.4026,309.00,,,61894.07,Entered: rank 3 of 114 (top.n=5)
2015-10-15,2015-10-14,68,ENTRY,GODREJPROP,180.00,334.3837,60189.06,2015-10-15,334.3837,0.0000,334.3837,180.00,,,1705.00,"Entered: rank 6 of 114 (top.n=5, higher-ranked names skipped by sector cap)"
2015-11-17,2015-11-16,69,EXIT,AUROPHARMA,78.00,778.6790,60736.96,2015-10-15,767.4047,767.4047,0.0000,0.00,879.39,879.39,62441.96,"Rank 12 of 114, below exit rank 5"
2015-11-17,2015-11-16,69,EXIT,TATAELXSI,73.00,800.1427,58410.42,2015-09-14,884.1136,878.9777,0.0000,0.00,-5754.96,-6129.88,120852.38,"Rank 4 of 114, within exit rank 5 but not reselected (sector cap or book capacity)"
2015-11-17,2015-11-16,69,TRIM,GODFRYPHLP,103.00,327.3418,33716.21,2015-10-15,195.4026,195.4026,195.4026,206.00,13589.74,,154568.59,"Re-sized to target allocation (rank 1 of 114, in top.n selection)"
2015-11-17,2015-11-16,69,ADD,GODREJPROP,31.00,319.4061,9901.59,2015-10-15,334.3837,334.3837,332.1832,211.00,,,144667.00,"Re-sized to target allocation (rank 8 of 114, in top.n selection)"
2015-11-17,2015-11-16,69,ADD,KEI,92.00,103.1979,9494.21,2015-07-20,81.3258,81.3258,84.4073,653.00,,,135172.79,"Re-sized to target allocation (rank 5 of 114, in top.n selection)"
2015-11-17,2015-11-16,69,ENTRY,COFORGE,648.00,104.0972,67454.97,2015-11-17,104.0972,0.0000,104.0972,648.00,,,67717.83,Entered: rank 2 of 114 (top.n=5)
2015-11-17,2015-11-16,69,ENTRY,TRENT,482.00,139.8896,67426.77,2015-11-17,139.8896,0.0000,139.8896,482.00,,,291.05,"Entered: rank 10 of 114 (top.n=5, higher-ranked names skipped by sector cap)"
2015-12-16,2015-12-15,70,EXIT,KEI,653.00,100.4758,65610.68,2015-07-20,81.3258,84.4073,0.0000,0.00,10492.72,12504.95,65901.73,"Rank 44 of 114, below exit rank 5"
2015-12-16,2015-12-15,70,ADD,COFORGE,40.00,103.7073,4148.29,2015-11-17,104.0972,104.0972,104.0745,688.00,,,61753.44,"Re-sized to target allocation (rank 4 of 114, in top.n selection)"
2015-12-16,2015-12-15,70,TRIM,GODFRYPHLP,27.00,397.3186,10727.60,2015-10-15,195.4026,195.4026,195.4026,179.00,5451.73,,72481.04,"Re-sized to target allocation (rank 1 of 114, in top.n selection)"
2015-12-16,2015-12-15,70,ADD,GODREJPROP,4.00,331.9952,1327.98,2015-10-15,334.3837,332.1832,332.1797,215.00,,,71153.06,"Re-sized to target allocation (rank 5 of 114, in top.n selection)"
2015-12-16,2015-12-15,70,TRIM,TRENT,5.00,149.6268,748.13,2015-11-17,139.8896,139.8896,139.8896,477.00,48.69,,71901.20,"Re-sized to target allocation (rank 3 of 114, in top.n selection)"
2015-12-16,2015-12-15,70,ENTRY,APLAPOLLO,1089.00,65.5485,71382.31,2015-12-16,65.5485,0.0000,65.5485,1089.00,,,518.88,Entered: rank 2 of 114 (top.n=5)
2016-01-14,2016-01-13,71,EXIT,COFORGE,688.00,93.5705,64376.50,2015-11-17,104.0972,104.0745,0.0000,0.00,-7226.76,-7242.36,64895.38,"Rank 13 of 114, below exit rank 5"
2016-01-14,2016-01-13,71,EXIT,GODREJPROP,215.00,316.4703,68041.11,2015-10-15,334.3837,332.1797,0.0000,0.00,-3377.52,-3851.38,132936.49,"Rank 43 of 114, below exit rank 5"
2016-01-14,2016-01-13,71,TRIM,APLAPOLLO,107.00,71.9481,7698.45,2015-12-16,65.5485,65.5485,65.5485,982.00,684.76,,140634.94,"Re-sized to target allocation (rank 2 of 114, in top.n selection)"
2016-01-14,2016-01-13,71,ADD,GODFRYPHLP,16.00,361.0701,5777.12,2015-10-15,195.4026,195.4026,208.9958,195.00,,,134857.82,"Re-sized to target allocation (rank 1 of 114, in top.n selection)"
2016-01-14,2016-01-13,71,TRIM,TRENT,42.00,162.4213,6821.69,2015-11-17,139.8896,139.8896,139.8896,435.00,946.33,,141679.51,"Re-sized to target allocation (rank 3 of 114, in top.n selection)"
2016-01-14,2016-01-13,71,ENTRY,NHPC,6107.00,11.5716,70667.89,2016-01-14,11.5716,0.0000,11.5716,6107.00,,,71011.62,"Entered: rank 6 of 114 (top.n=5, higher-ranked names skipped by sector cap)"
2016-01-14,2016-01-13,71,ENTRY,RELIANCE,308.00,229.4582,70673.14,2016-01-14,229.4582,0.0000,229.4582,308.00,,,338.48,Entered: rank 5 of 114 (top.n=5)
2016-02-12,2016-02-11,72,EXIT,RELIANCE,308.00,201.4298,62040.38,2016-01-14,229.4582,229.4582,0.0000,0.00,-8632.76,-8632.76,62378.86,"Rank 14 of 114, below exit rank 5"
2016-02-12,2016-02-11,72,EXIT,TRENT,435.00,140.1845,60980.25,2015-11-17,139.8896,139.8896,0.0000,0.00,128.29,128.29,123359.11,"Rank 12 of 114, below exit rank 5"
2016-02-12,2016-02-11,72,ADD,APLAPOLLO,105.00,55.8544,5864.72,2015-12-16,65.5485,65.5485,64.6121,1087.00,,,117494.39,"Re-sized to target allocation (rank 2 of 114, in top.n selection)"
2016-02-12,2016-02-11,72,ADD,GODFRYPHLP,20.00,282.3426,5646.85,2015-10-15,195.4026,208.9958,215.8188,215.00,,,111847.54,"Re-sized to target allocation (rank 1 of 114, in top.n selection)"
2016-02-12,2016-02-11,72,TRIM,NHPC,844.00,11.5425,9741.91,2016-01-14,11.5716,11.5716,11.5716,5263.00,-24.54,,121589.45,"Re-sized to target allocation (rank 4 of 114, in top.n selection)"
2016-02-12,2016-02-11,72,ENTRY,BAJFINANCE,1018.00,59.6741,60748.28,2016-02-12,59.6741,0.0000,59.6741,1018.00,,,60841.16,Entered: rank 3 of 114 (top.n=5)
2016-02-12,2016-02-11,72,ENTRY,JSWSTEEL,672.00,90.2919,60676.16,2016-02-12,90.2919,0.0000,90.2919,672.00,,,165.01,"Entered: rank 8 of 114 (top.n=5, higher-ranked names skipped by sector cap)"
2016-03-14,2016-03-11,73,ADD,APLAPOLLO,2.00,63.1912,126.38,2015-12-16,65.5485,64.6121,64.6095,1089.00,,,38.63,"Re-sized to target allocation (rank 4 of 114, in top.n selection)"
2016-03-14,2016-03-11,73,ADD,BAJFINANCE,98.00,61.6174,6038.51,2016-02-12,59.6741,59.6741,59.8448,1116.00,,,-5999.88,"Re-sized to target allocation (rank 5 of 114, in top.n selection)"
2016-03-14,2016-03-11,73,TRIM,GODFRYPHLP,16.00,344.8998,5518.40,2015-10-15,195.4026,215.8188,215.8188,199.00,2065.30,,-481.49,"Re-sized to target allocation (rank 2 of 114, in top.n selection)"
2016-03-14,2016-03-11,73,TRIM,JSWSTEEL,23.00,105.8949,2435.58,2016-02-12,90.2919,90.2919,90.2919,649.00,358.87,,1954.10,"Re-sized to target allocation (rank 1 of 114, in top.n selection)"
2016-03-14,2016-03-11,73,ADD,NHPC,126.00,12.7680,1608.77,2016-01-14,11.5716,11.5716,11.5996,5389.00,,,345.32,"Re-sized to target allocation (rank 6 of 114, in top.n selection)"
2016-04-13,2016-04-12,74,EXIT,GODFRYPHLP,199.00,344.9280,68640.68,2015-10-15,195.4026,215.8188,0.0000,0.00,25692.74,29755.56,68986.00,"Rank 106 of 116, below exit rank 5"
2016-04-13,2016-04-12,74,EXIT,JSWSTEEL,649.00,116.5290,75627.31,2016-02-12,90.2919,90.2919,0.0000,0.00,17027.87,17027.87,144613.31,"Rank 2 of 116, within exit rank 5 but not reselected (sector cap or book capacity)"
2016-04-13,2016-04-12,74,TRIM,APLAPOLLO,40.00,72.7054,2908.22,2015-12-16,65.5485,64.6095,64.6095,1049.00,323.84,,147521.53,"Re-sized to target allocation (rank 4 of 116, in top.n selection)"
2016-04-13,2016-04-12,74,TRIM,BAJFINANCE,46.00,71.2916,3279.41,2016-02-12,59.6741,59.8448,59.8448,1070.00,526.55,,150800.94,"Re-sized to target allocation (rank 3 of 116, in top.n selection)"
2016-04-13,2016-04-12,74,TRIM,NHPC,129.00,14.5050,1871.14,2016-01-14,11.5716,11.5996,11.5996,5260.00,374.80,,152672.08,"Re-sized to target allocation (rank 6 of 116, in top.n selection)"
2016-04-13,2016-04-12,74,ENTRY,MARICO,341.00,223.1123,76081.29,2016-04-13,223.1123,0.0000,223.1123,341.00,,,76590.79,"Entered: rank 8 of 116 (top.n=5, higher-ranked names skipped by sector cap)"
2016-04-13,2016-04-12,74,ENTRY,TATASTEEL,3233.00,23.6004,76300.25,2016-04-13,23.6004,0.0000,23.6004,3233.00,,,290.54,Entered: rank 1 of 116 (top.n=5)
2016-05-16,2016-05-13,75,EXIT,APLAPOLLO,1049.00,79.3701,83259.23,2015-12-16,65.5485,64.6095,0.0000,0.00,15483.88,14498.85,83549.77,"Rank 18 of 117, below exit rank 5"
2016-05-16,2016-05-13,75,EXIT,MARICO,341.00,220.1744,75079.46,2016-04-13,223.1123,223.1123,0.0000,0.00,-1001.84,-1001.84,158629.23,"Rank 14 of 117, below exit rank 5"
2016-05-16,2016-05-13,75,EXIT,NHPC,5260.00,13.0118,68442.23,2016-01-14,11.5716,11.5996,0.0000,0.00,7428.36,7575.50,227071.45,"Rank 27 of 117, below exit rank 5"
2016-05-16,2016-05-13,75,TRIM,BAJFINANCE,36.00,73.7033,2653.32,2016-02-12,59.6741,59.8448,59.8448,1034.00,498.91,,229724.77,"Re-sized to target allocation (rank 3 of 117, in top.n selection)"
2016-05-16,2016-05-13,75,ADD,TATASTEEL,41.00,23.2798,954.47,2016-04-13,23.6004,23.6004,23.5964,3274.00,,,228770.30,"Re-sized to target allocation (rank 5 of 117, in top.n selection)"
2016-05-16,2016-05-13,75,ENTRY,BIOCON,738.00,103.1947,76157.68,2016-05-16,103.1947,0.0000,103.1947,738.00,,,152612.62,"Entered: rank 8 of 117 (top.n=5, higher-ranked names skipped by sector cap)"
2016-05-16,2016-05-13,75,ENTRY,SUPREMEIND,96.00,787.7967,75628.48,2016-05-16,787.7967,0.0000,787.7967,96.00,,,76984.14,Entered: rank 2 of 117 (top.n=5)
2016-05-16,2016-05-13,75,ENTRY,UPL,218.00,348.9959,76081.10,2016-05-16,348.9959,0.0000,348.9959,218.00,,,903.04,Entered: rank 1 of 117 (top.n=5)
2016-06-13,2016-06-10,76,EXIT,BAJFINANCE,1034.00,72.8351,75311.46,2016-02-12,59.6741,59.8448,0.0000,0.00,13431.95,13608.40,76214.50,"Rank 16 of 117, below exit rank 5"
2016-06-13,2016-06-10,76,EXIT,SUPREMEIND,96.00,793.8861,76213.07,2016-05-16,787.7967,787.7967,0.0000,0.00,584.59,584.59,152427.57,"Rank 23 of 117, below exit rank 5"
2016-06-13,2016-06-10,76,EXIT,TATASTEEL,3274.00,23.6581,77456.62,2016-04-13,23.6004,23.5964,0.0000,0.00,201.90,188.75,229884.19,"Rank 9 of 117, below exit rank 5"
2016-06-13,2016-06-10,76,EXIT,UPL,218.00,345.5849,75337.51,2016-05-16,348.9959,348.9959,0.0000,0.00,-743.59,-743.59,305221.69,"Rank 12 of 117, below exit rank 5"
2016-06-13,2016-06-10,76,TRIM,BIOCON,66.00,116.3643,7680.04,2016-05-16,103.1947,103.1947,103.1947,672.00,869.19,,312901.74,"Re-sized to target allocation (rank 3 of 117, in top.n selection)"
2016-06-13,2016-06-10,76,ENTRY,COROMANDEL,362.00,215.5395,78025.31,2016-06-13,215.5395,0.0000,215.5395,362.00,,,234876.43,Entered: rank 4 of 117 (top.n=5)
2016-06-13,2016-06-10,76,ENTRY,HINDALCO,738.00,105.9514,78192.12,2016-06-13,105.9514,0.0000,105.9514,738.00,,,156684.31,Entered: rank 1 of 117 (top.n=5)
2016-06-13,2016-06-10,76,ENTRY,M&MFIN,458.00,170.6212,78144.49,2016-06-13,170.6212,0.0000,170.6212,458.00,,,78539.82,Entered: rank 2 of 117 (top.n=5)
2016-06-13,2016-06-10,76,ENTRY,TMPV,178.00,439.2007,78177.72,2016-06-13,439.2007,0.0000,439.2007,178.00,,,362.09,"Entered: rank 6 of 117 (top.n=5, higher-ranked names skipped by sector cap)"
2016-07-12,2016-07-11,77,EXIT,BIOCON,672.00,121.3602,81554.09,2016-05-16,103.1947,103.1947,0.0000,0.00,12207.25,12207.25,81916.18,"Rank 7 of 117, below exit rank 5"
2016-07-12,2016-07-11,77,EXIT,COROMANDEL,362.00,213.1301,77153.09,2016-06-13,215.5395,215.5395,0.0000,0.00,-872.22,-872.22,159069.27,"Rank 19 of 117, below exit rank 5"
2016-07-12,2016-07-11,77,EXIT,M&MFIN,458.00,190.3021,87158.37,2016-06-13,170.6212,170.6212,0.0000,0.00,9013.88,9013.88,246227.64,"Rank 3 of 117, within exit rank 5 but not reselected (sector cap or book capacity)"
2016-07-12,2016-07-11,77,TRIM,HINDALCO,48.00,121.6807,5840.68,2016-06-13,105.9514,105.9514,105.9514,690.00,755.01,,252068.31,"Re-sized to target allocation (rank 2 of 117, in top.n selection)"
2016-07-12,2016-07-11,77,TRIM,TMPV,1.00,473.2850,473.28,2016-06-13,439.2007,439.2007,439.2007,177.00,34.08,,252541.60,"Re-sized to target allocation (rank 6 of 117, in top.n selection)"
2016-07-12,2016-07-11,77,ENTRY,APLAPOLLO,920.00,91.3551,84046.73,2016-07-12,91.3551,0.0000,91.3551,920.00,,,168494.87,Entered: rank 4 of 117 (top.n=5)
2016-07-12,2016-07-11,77,ENTRY,HINDPETRO,878.00,95.6893,84015.23,2016-07-12,95.6893,0.0000,95.6893,878.00,,,84479.64,Entered: rank 5 of 117 (top.n=5)
2016-07-12,2016-07-11,77,ENTRY,INDIANB,665.00,126.3940,84052.00,2016-07-12,126.3940,0.0000,126.3940,665.00,,,427.64,Entered: rank 1 of 117 (top.n=5)
2016-08-09,2016-08-08,78,EXIT,APLAPOLLO,920.00,88.5151,81433.88,2016-07-12,91.3551,91.3551,0.0000,0.00,-2612.84,-2612.84,81861.52,"Rank 14 of 117, below exit rank 5"
2016-08-09,2016-08-08,78,EXIT,TMPV,177.00,507.5748,89840.74,2016-06-13,439.2007,439.2007,0.0000,0.00,12102.22,12102.22,171702.27,"Rank 20 of 117, below exit rank 5"
2016-08-09,2016-08-08,78,TRIM,HINDALCO,2.00,140.2105,280.42,2016-06-13,105.9514,105.9514,105.9514,688.00,68.52,,171982.69,"Re-sized to target allocation (rank 4 of 117, in top.n selection)"
2016-08-09,2016-08-08,78,TRIM,HINDPETRO,79.00,120.7243,9537.22,2016-07-12,95.6893,95.6893,95.6893,799.00,1977.76,,181519.90,"Re-sized to target allocation (rank 5 of 117, in top.n selection)"
2016-08-09,2016-08-08,78,TRIM,INDIANB,72.00,162.7839,11720.44,2016-07-12,126.3940,126.3940,126.3940,593.00,2620.07,,193240.34,"Re-sized to target allocation (rank 1 of 117, in top.n selection)"
2016-08-09,2016-08-08,78,ENTRY,BIOCON,698.00,138.2318,96485.77,2016-08-09,138.2318,0.0000,138.2318,698.00,,,96754.58,Entered: rank 3 of 117 (top.n=5)
2016-08-09,2016-08-08,78,ENTRY,COROMANDEL,419.00,229.9353,96342.89,2016-08-09,229.9353,0.0000,229.9353,419.00,,,411.68,"Entered: rank 10 of 117 (top.n=5, higher-ranked names skipped by sector cap)"
2016-09-08,2016-09-07,79,EXIT,COROMANDEL,419.00,235.4598,98657.67,2016-08-09,229.9353,229.9353,0.0000,0.00,2314.78,2314.78,99069.35,"Rank 48 of 117, below exit rank 5"
2016-09-08,2016-09-07,79,TRIM,BIOCON,24.00,153.1376,3675.30,2016-08-09,138.2318,138.2318,138.2318,674.00,357.74,,102744.66,"Re-sized to target allocation (rank 9 of 117, in top.n selection)"
2016-09-08,2016-09-07,79,TRIM,HINDALCO,5.00,151.1602,755.80,2016-06-13,105.9514,105.9514,105.9514,683.00,226.04,,103500.46,"Re-sized to target allocation (rank 4 of 117, in top.n selection)"
2016-09-08,2016-09-07,79,ADD,HINDPETRO,100.00,114.7658,11476.58,2016-07-12,95.6893,95.6893,97.8113,899.00,,,92023.88,"Re-sized to target allocation (rank 10 of 117, in top.n selection)"
2016-09-08,2016-09-07,79,TRIM,INDIANB,59.00,193.3084,11405.20,2016-07-12,126.3940,126.3940,126.3940,534.00,3947.95,,103429.08,"Re-sized to target allocation (rank 1 of 117, in top.n selection)"
2016-09-08,2016-09-07,79,ENTRY,GODFRYPHLP,244.00,422.9192,103192.29,2016-09-08,422.9192,0.0000,422.9192,244.00,,,236.79,Entered: rank 3 of 117 (top.n=5)
2016-10-07,2016-10-06,80,EXIT,BIOCON,674.00,156.7904,105676.75,2016-08-09,138.2318,138.2318,0.0000,0.00,12508.54,12508.54,105913.54,"Rank 17 of 117, below exit rank 5"
2016-10-07,2016-10-06,80,EXIT,GODFRYPHLP,244.00,367.4661,89661.73,2016-09-08,422.9192,422.9192,0.0000,0.00,-13530.56,-13530.56,195575.27,"Rank 11 of 117, below exit rank 5"
2016-10-07,2016-10-06,80,TRIM,HINDALCO,5.00,149.3282,746.64,2016-06-13,105.9514,105.9514,105.9514,678.00,216.88,,196321.91,"Re-sized to target allocation (rank 6 of 117, in top.n selection)"
2016-10-07,2016-10-06,80,TRIM,HINDPETRO,93.00,125.6081,11681.55,2016-07-12,95.6893,97.8113,97.8113,806.00,2585.10,,208003.46,"Re-sized to target allocation (rank 8 of 117, in top.n selection)"
2016-10-07,2016-10-06,80,ADD,INDIANB,29.00,179.8429,5215.44,2016-07-12,126.3940,126.3940,129.1471,563.00,,,202788.02,"Re-sized to target allocation (rank 1 of 117, in top.n selection)"
2016-10-07,2016-10-06,80,ENTRY,MRF,1.00,53733.7049,53733.70,2016-10-07,53733.7049,0.0000,53733.7049,1.00,,,149054.31,Entered: rank 3 of 117 (top.n=5)
2016-10-07,2016-10-06,80,ENTRY,RADICO,782.00,129.4023,101192.56,2016-10-07,129.4023,0.0000,129.4023,782.00,,,47861.75,Entered: rank 5 of 117 (top.n=5)
2016-11-09,2016-11-08,81,EXIT,HINDALCO,678.00,141.5776,95989.63,2016-06-13,105.9514,105.9514,0.0000,0.00,24154.59,24154.59,143851.38,"Rank 12 of 117, below exit rank 5"
2016-11-09,2016-11-08,81,EXIT,HINDPETRO,806.00,114.1393,91996.29,2016-07-12,95.6893,97.8113,0.0000,0.00,13160.39,14870.69,235847.67,"Rank 11 of 117, below exit rank 5"
2016-11-09,2016-11-08,81,EXIT,INDIANB,563.00,165.2209,93019.35,2016-07-12,126.3940,129.1471,0.0000,0.00,20309.51,21859.53,328867.02,"Rank 5 of 117, within exit rank 5 but not reselected (sector cap or book capacity)"
2016-11-09,2016-11-08,81,EXIT,RADICO,782.00,108.0861,84523.32,2016-10-07,129.4023,129.4023,0.0000,0.00,-16669.24,-16669.24,413390.34,"Rank 6 of 117, below exit rank 5"
2016-11-09,2016-11-08,81,ENTRY,ADANIPORTS,362.00,253.9725,91938.04,2016-11-09,253.9725,0.0000,253.9725,362.00,,,321452.30,"Entered: rank 7 of 117 (top.n=5, higher-ranked names skipped by sector cap)"
2016-11-09,2016-11-08,81,ENTRY,GODFRYPHLP,260.00,353.2232,91838.02,2016-11-09,353.2232,0.0000,353.2232,260.00,,,229614.28,Entered: rank 3 of 117 (top.n=5)
2016-11-09,2016-11-08,81,ENTRY,MOTILALOFS,202.00,455.2951,91969.61,2016-11-09,455.2951,0.0000,455.2951,202.00,,,137644.67,Entered: rank 1 of 117 (top.n=5)
2016-11-09,2016-11-08,81,ENTRY,NMDC,5564.00,16.5649,92166.86,2016-11-09,16.5649,0.0000,16.5649,5564.00,,,45477.80,"Entered: rank 10 of 117 (top.n=5, higher-ranked names skipped by sector cap)"
2016-12-08,2016-12-07,82,EXIT,ADANIPORTS,362.00,265.2496,96020.34,2016-11-09,253.9725,253.9725,0.0000,0.00,4082.30,4082.30,141498.15,"Rank 12 of 117, below exit rank 5"
2016-12-08,2016-12-07,82,EXIT,GODFRYPHLP,260.00,261.2143,67915.71,2016-11-09,353.2232,353.2232,0.0000,0.00,-23922.31,-23922.31,209413.86,"Rank 112 of 117, below exit rank 5"
2016-12-08,2016-12-07,82,EXIT,MOTILALOFS,202.00,498.3280,100662.25,2016-11-09,455.2951,455.2951,0.0000,0.00,8692.64,8692.64,310076.11,"Rank 28 of 117, below exit rank 5"
2016-12-08,2016-12-07,82,EXIT,NMDC,5564.00,17.4882,97304.55,2016-11-09,16.5649,16.5649,0.0000,0.00,5137.69,5137.69,407380.66,"Rank 10 of 117, below exit rank 5"
2016-12-08,2016-12-07,82,ENTRY,INDIANB,455.00,200.8673,91394.62,2016-12-08,200.8673,0.0000,200.8673,455.00,,,315986.04,Entered: rank 1 of 117 (top.n=5)
2016-12-08,2016-12-07,82,ENTRY,NATIONALUM,2282.00,40.0543,91403.97,2016-12-08,40.0543,0.0000,40.0543,2282.00,,,224582.08,Entered: rank 2 of 117 (top.n=5)
2016-12-08,2016-12-07,82,ENTRY,ONGC,763.00,119.8023,91409.17,2016-12-08,119.8023,0.0000,119.8023,763.00,,,133172.91,Entered: rank 5 of 117 (top.n=5)
2016-12-08,2016-12-07,82,ENTRY,TATACOMM,258.00,353.0960,91098.78,2016-12-08,353.0960,0.0000,353.0960,258.00,,,42074.14,Entered: rank 4 of 117 (top.n=5)
2017-01-05,2017-01-04,83,EXIT,INDIANB,455.00,189.4258,86188.72,2016-12-08,200.8673,200.8673,0.0000,0.00,-5205.90,-5205.90,128262.85,"Rank 54 of 117, below exit rank 5"
2017-01-05,2017-01-04,83,ADD,NATIONALUM,77.00,37.5491,2891.28,2016-12-08,40.0543,40.0543,39.9726,2359.00,,,125371.57,"Re-sized to target allocation (rank 1 of 117, in top.n selection)"
2017-01-05,2017-01-04,83,TRIM,ONGC,11.00,117.7523,1295.28,2016-12-08,119.8023,119.8023,119.8023,752.00,-22.55,,126666.85,"Re-sized to target allocation (rank 4 of 117, in top.n selection)"
2017-01-05,2017-01-04,83,TRIM,TATACOMM,2.00,345.8072,691.61,2016-12-08,353.0960,353.0960,353.0960,256.00,-14.58,,127358.46,"Re-sized to target allocation (rank 5 of 117, in top.n selection)"
2017-01-05,2017-01-04,83,ENTRY,MCX,388.00,227.9242,88434.61,2017-01-05,227.9242,0.0000,227.9242,388.00,,,38923.85,Entered: rank 3 of 117 (top.n=5)
2017-02-03,2017-02-02,84,EXIT,MCX,388.00,213.7811,82947.07,2017-01-05,227.9242,227.9242,0.0000,0.00,-5487.54,-5487.54,121870.92,"Rank 23 of 117, below exit rank 5"
2017-02-03,2017-02-02,84,EXIT,MRF,1.00,50930.1043,50930.10,2016-10-07,53733.7049,53733.7049,0.0000,0.00,-2803.60,-2803.60,172801.03,"Rank 26 of 117, below exit rank 5"
2017-02-03,2017-02-02,84,EXIT,ONGC,752.00,121.6111,91451.52,2016-12-08,119.8023,119.8023,0.0000,0.00,1360.18,1360.18,264252.55,"Rank 18 of 117, below exit rank 5"
2017-02-03,2017-02-02,84,TRIM,NATIONALUM,127.00,42.1325,5350.83,2016-12-08,40.0543,39.9726,39.9726,2232.00,274.31,,269603.37,"Re-sized to target allocation (rank 1 of 117, in top.n selection)"
2017-02-03,2017-02-02,84,TRIM,TATACOMM,31.00,416.5032,12911.60,2016-12-08,353.0960,353.0960,353.0960,225.00,1965.62,,282514.97,"Re-sized to target allocation (rank 2 of 117, in top.n selection)"
2017-02-03,2017-02-02,84,ENTRY,COROMANDEL,317.00,295.8284,93777.59,2017-02-03,295.8284,0.0000,295.8284,317.00,,,188737.38,Entered: rank 5 of 117 (top.n=5)
2017-02-03,2017-02-02,84,ENTRY,HINDPETRO,622.00,151.1522,94016.69,2017-02-03,151.1522,0.0000,151.1522,622.00,,,94720.69,"Entered: rank 7 of 117 (top.n=5, higher-ranked names skipped by sector cap)"
2017-02-03,2017-02-02,84,ENTRY,INDIANB,401.00,234.1593,93897.89,2017-02-03,234.1593,0.0000,234.1593,401.00,,,822.79,"Entered: rank 8 of 117 (top.n=5, higher-ranked names skipped by sector cap)"
2017-03-06,2017-03-03,85,EXIT,COROMANDEL,317.00,287.4080,91108.33,2017-02-03,295.8284,295.8284,0.0000,0.00,-2669.26,-2669.26,91931.13,"Rank 25 of 117, below exit rank 5"
2017-03-06,2017-03-03,85,EXIT,HINDPETRO,622.00,150.3935,93544.76,2017-02-03,151.1522,151.1522,0.0000,0.00,-471.94,-471.94,185475.88,"Rank 19 of 117, below exit rank 5"
2017-03-06,2017-03-03,85,EXIT,TATACOMM,225.00,408.8307,91986.90,2016-12-08,353.0960,353.0960,0.0000,0.00,12540.30,12540.30,277462.79,"Rank 29 of 117, below exit rank 5"
2017-03-06,2017-03-03,85,TRIM,INDIANB,4.00,237.5050,950.02,2017-02-03,234.1593,234.1593,234.1593,397.00,13.38,,278412.81,"Re-sized to target allocation (rank 7 of 117, in top.n selection)"
2017-03-06,2017-03-03,85,TRIM,NATIONALUM,120.00,44.7515,5370.18,2016-12-08,40.0543,39.9726,39.9726,2112.00,573.48,,283782.99,"Re-sized to target allocation (rank 1 of 117, in top.n selection)"
2017-03-06,2017-03-03,85,ENTRY,ALKEM,48.00,1943.0330,93265.58,2017-03-06,1943.0330,0.0000,1943.0330,48.00,,,190517.40,"Entered: rank 6 of 117 (top.n=5, higher-ranked names skipped by sector cap)"
2017-03-06,2017-03-03,85,ENTRY,IDEA,1414.00,66.8391,94510.50,2017-03-06,66.8391,0.0000,66.8391,1414.00,,,96006.90,Entered: rank 2 of 117 (top.n=5)
2017-03-06,2017-03-03,85,ENTRY,KEI,556.00,169.7847,94400.30,2017-03-06,169.7847,0.0000,169.7847,556.00,,,1606.61,Entered: rank 3 of 117 (top.n=5)
2017-04-05,2017-04-03,86,EXIT,ALKEM,48.00,1975.9045,94843.42,2017-03-06,1943.0330,1943.0330,0.0000,0.00,1577.83,1577.83,96450.02,"Rank 41 of 117, below exit rank 5"
2017-04-05,2017-04-03,86,EXIT,IDEA,1414.00,51.3127,72556.11,2017-03-06,66.8391,66.8391,0.0000,0.00,-21954.40,-21954.40,169006.13,"Rank 55 of 117, below exit rank 5"
2017-04-05,2017-04-03,86,EXIT,INDIANB,397.00,232.1354,92157.74,2017-02-03,234.1593,234.1593,0.0000,0.00,-803.52,-803.52,261163.86,"Rank 58 of 117, below exit rank 5"
2017-04-05,2017-04-03,86,EXIT,NATIONALUM,2112.00,44.5030,93990.37,2016-12-08,40.0543,39.9726,0.0000,0.00,9568.34,9395.64,355154.23,"Rank 9 of 117, below exit rank 5"
2017-04-05,2017-04-03,86,TRIM,KEI,66.00,187.3587,12365.68,2017-03-06,169.7847,169.7847,169.7847,490.00,1159.89,,367519.91,"Re-sized to target allocation (rank 2 of 117, in top.n selection)"
2017-04-05,2017-04-03,86,ENTRY,ADANIENT,1537.00,59.7554,91843.98,2017-04-05,59.7554,0.0000,59.7554,1537.00,,,275675.93,Entered: rank 1 of 117 (top.n=5)
2017-04-05,2017-04-03,86,ENTRY,BLUESTARCO,280.00,327.1958,91614.83,2017-04-05,327.1958,0.0000,327.1958,280.00,,,184061.10,Entered: rank 3 of 117 (top.n=5)
2017-04-05,2017-04-03,86,ENTRY,MOTILALOFS,125.00,732.7199,91589.99,2017-04-05,732.7199,0.0000,732.7199,125.00,,,92471.11,Entered: rank 4 of 117 (top.n=5)
2017-04-05,2017-04-03,86,ENTRY,TRENT,342.00,268.4553,91811.70,2017-04-05,268.4553,0.0000,268.4553,342.00,,,659.42,Entered: rank 5 of 117 (top.n=5)
2017-05-05,2017-05-04,87,EXIT,BLUESTARCO,280.00,313.9330,87901.23,2017-04-05,327.1958,327.1958,0.0000,0.00,-3713.60,-3713.60,88560.64,"Rank 13 of 118, below exit rank 5"
2017-05-05,2017-05-04,87,EXIT,TRENT,342.00,252.5621,86376.25,2017-04-05,268.4553,268.4553,0.0000,0.00,-5435.44,-5435.44,174936.90,"Rank 34 of 118, below exit rank 5"
2017-05-05,2017-05-04,87,ADD,ADANIENT,61.00,60.6090,3697.15,2017-04-05,59.7554,59.7554,59.7879,1598.00,,,171239.75,"Re-sized to target allocation (rank 12 of 118, in top.n selection)"
2017-05-05,2017-05-04,87,TRIM,KEI,30.00,210.4002,6312.01,2017-03-06,169.7847,169.7847,169.7847,460.00,1218.47,,177551.76,"Re-sized to target allocation (rank 1 of 118, in top.n selection)"
2017-05-05,2017-05-04,87,TRIM,MOTILALOFS,19.00,905.8018,17210.23,2017-04-05,732.7199,732.7199,732.7199,106.00,3288.56,,194761.99,"Re-sized to target allocation (rank 2 of 118, in top.n selection)"
2017-05-05,2017-05-04,87,ENTRY,GODREJPROP,182.00,530.4360,96539.36,2017-05-05,530.4360,0.0000,530.4360,182.00,,,98222.63,Entered: rank 5 of 118 (top.n=5)
2017-05-05,2017-05-04,87,ENTRY,TITAN,202.00,478.8257,96722.80,2017-05-05,478.8257,0.0000,478.8257,202.00,,,1499.83,"Entered: rank 11 of 118 (top.n=5, higher-ranked names skipped by sector cap)"
2017-06-02,2017-06-01,88,EXIT,GODREJPROP,182.00,487.6429,88751.00,2017-05-05,530.4360,530.4360,0.0000,0.00,-7788.36,-7788.36,90250.83,"Rank 6 of 118, below exit rank 5"
2017-06-02,2017-06-01,88,EXIT,KEI,460.00,216.2094,99456.33,2017-03-06,169.7847,169.7847,0.0000,0.00,21355.37,21355.37,189707.17,"Rank 3 of 118, within exit rank 5 but not reselected (sector cap or book capacity)"
2017-06-02,2017-06-01,88,EXIT,TITAN,202.00,455.8730,92086.34,2017-05-05,478.8257,478.8257,0.0000,0.00,-4636.46,-4636.46,281793.51,"Rank 24 of 118, below exit rank 5"
2017-06-02,2017-06-01,88,TRIM,ADANIENT,28.00,62.5297,1750.83,2017-04-05,59.7554,59.7879,59.7879,1570.00,76.77,,283544.34,"Re-sized to target allocation (rank 7 of 118, in top.n selection)"
2017-06-02,2017-06-01,88,TRIM,MOTILALOFS,11.00,1031.3917,11345.31,2017-04-05,732.7199,732.7199,732.7199,95.00,3285.39,,294889.65,"Re-sized to target allocation (rank 1 of 118, in top.n selection)"
2017-06-02,2017-06-01,88,ENTRY,ASTRAL,355.00,276.0891,98011.63,2017-06-02,276.0891,0.0000,276.0891,355.00,,,196878.02,Entered: rank 2 of 118 (top.n=5)
2017-06-02,2017-06-01,88,ENTRY,PRESTIGE,402.00,244.0051,98090.04,2017-06-02,244.0051,0.0000,244.0051,402.00,,,98787.99,Entered: rank 5 of 118 (top.n=5)
2017-06-02,2017-06-01,88,ENTRY,VOLTAS,202.00,485.8555,98142.82,2017-06-02,485.8555,0.0000,485.8555,202.00,,,645.17,"Entered: rank 8 of 118 (top.n=5, higher-ranked names skipped by sector cap)"
2017-07-03,2017-06-30,89,EXIT,VOLTAS,202.00,434.8897,87847.72,2017-06-02,485.8555,485.8555,0.0000,0.00,-10295.10,-10295.10,88492.89,"Rank 13 of 119, below exit rank 5"
2017-07-03,2017-06-30,89,TRIM,ADANIENT,119.00,70.6394,8406.08,2017-04-05,59.7554,59.7879,59.7879,1451.00,1291.32,,96898.97,"Re-sized to target allocation (rank 6 of 119, in top.n selection)"
2017-07-03,2017-06-30,89,TRIM,ASTRAL,23.00,308.2740,7090.30,2017-06-02,276.0891,276.0891,276.0891,332.00,740.25,,103989.27,"Re-sized to target allocation (rank 2 of 119, in top.n selection)"
2017-07-03,2017-06-30,89,TRIM,MOTILALOFS,3.00,1108.1466,3324.44,2017-04-05,732.7199,732.7199,732.7199,92.00,1126.28,,107313.71,"Re-sized to target allocation (rank 1 of 119, in top.n selection)"
2017-07-03,2017-06-30,89,ADD,PRESTIGE,16.00,244.9695,3919.51,2017-06-02,244.0051,244.0051,244.0420,418.00,,,103394.20,"Re-sized to target allocation (rank 3 of 119, in top.n selection)"
2017-07-03,2017-06-30,89,ENTRY,INDIGO,91.00,1117.2222,101667.22,2017-07-03,1117.2222,0.0000,1117.2222,91.00,,,1726.98,"Entered: rank 7 of 119 (top.n=5, higher-ranked names skipped by sector cap)"
2017-07-31,2017-07-28,90,EXIT,ADANIENT,1451.00,74.3823,107928.65,2017-04-05,59.7554,59.7879,0.0000,0.00,21176.35,21223.64,109655.63,"Rank 10 of 119, below exit rank 5"
2017-07-31,2017-07-28,90,EXIT,ASTRAL,332.00,280.2374,93038.83,2017-06-02,276.0891,276.0891,0.0000,0.00,1377.25,1377.25,202694.46,"Rank 44 of 119, below exit rank 5"
2017-07-31,2017-07-28,90,EXIT,PRESTIGE,418.00,248.7309,103969.50,2017-06-02,244.0051,244.0420,0.0000,0.00,1959.95,1975.38,306663.96,"Rank 14 of 119, below exit rank 5"
2017-07-31,2017-07-28,90,TRIM,INDIGO,9.00,1250.3741,11253.37,2017-07-03,1117.2222,1117.2222,1117.2222,82.00,1198.37,,317917.33,"Re-sized to target allocation (rank 6 of 119, in top.n selection)"
2017-07-31,2017-07-28,90,ADD,MOTILALOFS,5.00,1065.6655,5328.33,2017-04-05,732.7199,732.7199,749.8821,97.00,,,312589.00,"Re-sized to target allocation (rank 1 of 119, in top.n selection)"
2017-07-31,2017-07-28,90,ENTRY,APLAPOLLO,657.00,157.6800,103595.77,2017-07-31,157.6800,0.0000,157.6800,657.00,,,208993.23,Entered: rank 4 of 119 (top.n=5)
2017-07-31,2017-07-28,90,ENTRY,GODREJPROP,199.00,520.4841,103576.34,2017-07-31,520.4841,0.0000,520.4841,199.00,,,105416.89,"Entered: rank 9 of 119 (top.n=5, higher-ranked names skipped by sector cap)"
2017-07-31,2017-07-28,90,ENTRY,INDUSTOWER,362.00,285.9420,103511.01,2017-07-31,285.9420,0.0000,285.9420,362.00,,,1905.88,"Entered: rank 8 of 119 (top.n=5, higher-ranked names skipped by sector cap)"
2017-08-30,2017-08-29,91,EXIT,APLAPOLLO,657.00,147.9972,97234.19,2017-07-31,157.6800,157.6800,0.0000,0.00,-6361.58,-6361.58,99140.07,"Rank 21 of 119, below exit rank 5"
2017-08-30,2017-08-29,91,EXIT,GODREJPROP,199.00,542.3783,107933.28,2017-07-31,520.4841,520.4841,0.0000,0.00,4356.94,4356.94,207073.35,"Rank 35 of 119, below exit rank 5"
2017-08-30,2017-08-29,91,EXIT,INDIGO,82.00,1161.7666,95264.86,2017-07-03,1117.2222,1117.2222,0.0000,0.00,3652.63,3652.63,302338.21,"Rank 66 of 119, below exit rank 5"
2017-08-30,2017-08-29,91,EXIT,INDUSTOWER,362.00,275.3980,99694.06,2017-07-31,285.9420,285.9420,0.0000,0.00,-3816.95,-3816.95,402032.27,"Rank 44 of 119, below exit rank 5"
2017-08-30,2017-08-29,91,TRIM,MOTILALOFS,9.00,1171.4208,10542.79,2017-04-05,732.7199,749.8821,749.8821,88.00,3793.85,,412575.06,"Re-sized to target allocation (rank 1 of 119, in top.n selection)"
2017-08-30,2017-08-29,91,ENTRY,ASHOKLEY,2307.00,44.6950,103111.45,2017-08-30,44.6950,0.0000,44.6950,2307.00,,,309463.61,"Entered: rank 9 of 119 (top.n=5, higher-ranked names skipped by sector cap)"
2017-08-30,2017-08-29,91,ENTRY,JUBLFOOD,775.00,133.0037,103077.89,2017-08-30,133.0037,0.0000,133.0037,775.00,,,206385.71,"Entered: rank 8 of 119 (top.n=5, higher-ranked names skipped by sector cap)"
2017-08-30,2017-08-29,91,ENTRY,RADICO,650.00,158.5360,103048.38,2017-08-30,158.5360,0.0000,158.5360,650.00,,,103337.34,Entered: rank 5 of 119 (top.n=5)
2017-08-30,2017-08-29,91,ENTRY,TATASTEEL,2165.00,47.6245,103106.97,2017-08-30,47.6245,0.0000,47.6245,2165.00,,,230.37,Entered: rank 4 of 119 (top.n=5)
2017-09-27,2017-09-26,92,EXIT,ASHOKLEY,2307.00,47.8500,110389.92,2017-08-30,44.6950,44.6950,0.0000,0.00,7278.47,7278.47,110620.28,"Rank 7 of 120, below exit rank 5"
2017-09-27,2017-09-26,92,EXIT,MOTILALOFS,88.00,1180.7336,103904.56,2017-04-05,732.7199,749.8821,0.0000,0.00,37914.93,39425.20,214524.84,"Rank 34 of 120, below exit rank 5"
2017-09-27,2017-09-26,92,EXIT,RADICO,650.00,154.1701,100210.60,2017-08-30,158.5360,158.5360,0.0000,0.00,-2837.78,-2837.78,314735.44,"Rank 16 of 120, below exit rank 5"
2017-09-27,2017-09-26,92,TRIM,JUBLFOOD,7.00,137.5024,962.52,2017-08-30,133.0037,133.0037,133.0037,768.00,31.49,,315697.95,"Re-sized to target allocation (rank 5 of 120, in top.n selection)"
2017-09-27,2017-09-26,92,TRIM,TATASTEEL,30.00,49.4994,1484.98,2017-08-30,47.6245,47.6245,47.6245,2135.00,56.25,,317182.94,"Re-sized to target allocation (rank 6 of 120, in top.n selection)"
2017-09-27,2017-09-26,92,ENTRY,KEI,334.00,315.6254,105418.87,2017-09-27,315.6254,0.0000,315.6254,334.00,,,211764.07,Entered: rank 2 of 120 (top.n=5)
2017-09-27,2017-09-26,92,ENTRY,LTF,630.00,167.5024,105526.53,2017-09-27,167.5024,0.0000,167.5024,630.00,,,106237.54,Entered: rank 1 of 120 (top.n=5)
2017-09-27,2017-09-26,92,ENTRY,TATACONSUM,551.00,191.6876,105619.89,2017-09-27,191.6876,0.0000,191.6876,551.00,,,617.64,Entered: rank 4 of 120 (top.n=5)
2017-10-27,2017-10-26,93,EXIT,LTF,630.00,171.4845,108035.24,2017-09-27,167.5024,167.5024,0.0000,0.00,2508.72,2508.72,108652.89,"Rank 15 of 120, below exit rank 5"
2017-10-27,2017-10-26,93,EXIT,TATACONSUM,551.00,196.1433,108074.98,2017-09-27,191.6876,191.6876,0.0000,0.00,2455.08,2455.08,216727.86,"Rank 12 of 120, below exit rank 5"
2017-10-27,2017-10-26,93,TRIM,JUBLFOOD,79.00,164.1912,12971.10,2017-08-30,133.0037,133.0037,133.0037,689.00,2463.81,,229698.97,"Re-sized to target allocation (rank 1 of 120, in top.n selection)"
2017-10-27,2017-10-26,93,ADD,KEI,23.00,316.6531,7283.02,2017-09-27,315.6254,315.6254,315.6916,357.00,,,222415.95,"Re-sized to target allocation (rank 3 of 120, in top.n selection)"
2017-10-27,2017-10-26,93,TRIM,TATASTEEL,76.00,54.9669,4177.48,2017-08-30,47.6245,47.6245,47.6245,2059.00,558.02,,226593.43,"Re-sized to target allocation (rank 4 of 120, in top.n selection)"
2017-10-27,2017-10-26,93,ENTRY,BHARTIARTL,260.00,434.1048,112867.24,2017-10-27,434.1048,0.0000,434.1048,260.00,,,113726.19,"Entered: rank 7 of 120 (top.n=5, higher-ranked names skipped by sector cap)"
2017-10-27,2017-10-26,93,ENTRY,RADICO,555.00,203.9340,113183.36,2017-10-27,203.9340,0.0000,203.9340,555.00,,,542.83,Entered: rank 2 of 120 (top.n=5)
2017-11-24,2017-11-23,94,EXIT,BHARTIARTL,260.00,421.7163,109646.24,2017-10-27,434.1048,434.1048,0.0000,0.00,-3221.01,-3221.01,110189.06,"Rank 28 of 121, below exit rank 5"
2017-11-24,2017-11-23,94,EXIT,JUBLFOOD,689.00,167.4282,115358.05,2017-08-30,133.0037,133.0037,0.0000,0.00,23718.48,23718.48,225547.11,"Rank 8 of 121, below exit rank 5"
2017-11-24,2017-11-23,94,EXIT,TATASTEEL,2059.00,53.4032,109957.09,2017-08-30,47.6245,47.6245,0.0000,0.00,11898.31,11898.31,335504.20,"Rank 17 of 121, below exit rank 5"
2017-11-24,2017-11-23,94,ADD,KEI,10.00,328.8885,3288.88,2017-09-27,315.6254,315.6916,316.0512,367.00,,,332215.31,"Re-sized to target allocation (rank 4 of 121, in top.n selection)"
2017-11-24,2017-11-23,94,TRIM,RADICO,114.00,274.1887,31257.51,2017-10-27,203.9340,203.9340,203.9340,441.00,8009.04,,363472.83,"Re-sized to target allocation (rank 1 of 121, in top.n selection)"
2017-11-24,2017-11-23,94,ENTRY,BANKINDIA,693.00,174.4139,120868.87,2017-11-24,174.4139,0.0000,174.4139,693.00,,,242603.96,"Entered: rank 7 of 121 (top.n=5, higher-ranked names skipped by sector cap)"
2017-11-24,2017-11-23,94,ENTRY,GODREJPROP,168.00,718.0293,120628.91,2017-11-24,718.0293,0.0000,718.0293,168.00,,,121975.05,Entered: rank 5 of 121 (top.n=5)
2017-11-24,2017-11-23,94,ENTRY,TITAN,154.00,781.9673,120422.97,2017-11-24,781.9673,0.0000,781.9673,154.00,,,1552.08,Entered: rank 3 of 121 (top.n=5)
2017-12-22,2017-12-21,95,EXIT,BANKINDIA,693.00,146.4090,101461.42,2017-11-24,174.4139,174.4139,0.0000,0.00,-19407.44,-19407.44,103013.50,"Rank 36 of 122, below exit rank 5"
2017-12-22,2017-12-21,95,EXIT,GODREJPROP,168.00,701.1111,117786.66,2017-11-24,718.0293,718.0293,0.0000,0.00,-2842.26,-2842.26,220800.16,"Rank 10 of 122, below exit rank 5"
2017-12-22,2017-12-21,95,EXIT,TITAN,154.00,832.4060,128190.53,2017-11-24,781.9673,781.9673,0.0000,0.00,7767.56,7767.56,348990.69,"Rank 13 of 122, below exit rank 5"
2017-12-22,2017-12-21,95,TRIM,KEI,24.00,349.4441,8386.66,2017-09-27,315.6254,316.0512,316.0512,343.00,801.43,,357377.34,"Re-sized to target allocation (rank 3 of 122, in top.n selection)"
2017-12-22,2017-12-21,95,TRIM,RADICO,9.00,277.0672,2493.61,2017-10-27,203.9340,203.9340,203.9340,432.00,658.20,,359870.95,"Re-sized to target allocation (rank 1 of 122, in top.n selection)"
2017-12-22,2017-12-21,95,ENTRY,BIOCON,447.00,267.9661,119780.84,2017-12-22,267.9661,0.0000,267.9661,447.00,,,240090.11,Entered: rank 4 of 122 (top.n=5)
2017-12-22,2017-12-21,95,ENTRY,PAGEIND,5.00,22400.6119,112003.06,2017-12-22,22400.6119,0.0000,22400.6119,5.00,,,128087.05,"Entered: rank 6 of 122 (top.n=5, higher-ranked names skipped by sector cap)"
2017-12-22,2017-12-21,95,ENTRY,SAIL,1676.00,71.5080,119847.36,2017-12-22,71.5080,0.0000,71.5080,1676.00,,,8239.69,Entered: rank 5 of 122 (top.n=5)
2018-01-22,2018-01-19,96,EXIT,KEI,343.00,386.4930,132567.09,2017-09-27,315.6254,316.0512,0.0000,0.00,24161.54,24307.59,140806.78,"Rank 15 of 123, below exit rank 5"
2018-01-22,2018-01-19,96,EXIT,PAGEIND,5.00,20047.3223,100236.61,2017-12-22,22400.6119,22400.6119,0.0000,0.00,-11766.45,-11766.45,241043.39,"Rank 37 of 123, below exit rank 5"
2018-01-22,2018-01-19,96,EXIT,SAIL,1676.00,76.9927,129039.82,2017-12-22,71.5080,71.5080,0.0000,0.00,9192.46,9192.46,370083.21,"Rank 5 of 123, within exit rank 5 but not reselected (sector cap or book capacity)"
2018-01-22,2018-01-19,96,ADD,BIOCON,15.00,280.2315,4203.47,2017-12-22,267.9661,267.9661,268.3643,462.00,,,365879.74,"Re-sized to target allocation (rank 2 of 123, in top.n selection)"
2018-01-22,2018-01-19,96,TRIM,RADICO,67.00,354.6890,23764.16,2017-10-27,203.9340,203.9340,203.9340,365.00,10100.59,,389643.90,"Re-sized to target allocation (rank 1 of 123, in top.n selection)"
2018-01-22,2018-01-19,96,ENTRY,ADANIENT,1221.00,106.1838,129650.37,2018-01-22,106.1838,0.0000,106.1838,1221.00,,,259993.53,Entered: rank 4 of 123 (top.n=5)
2018-01-22,2018-01-19,96,ENTRY,COFORGE,978.00,132.5788,129662.02,2018-01-22,132.5788,0.0000,132.5788,978.00,,,130331.51,"Entered: rank 6 of 123 (top.n=5, higher-ranked names skipped by sector cap)"
2018-01-22,2018-01-19,96,ENTRY,JUBLFOOD,615.00,210.7522,129612.62,2018-01-22,210.7522,0.0000,210.7522,615.00,,,718.89,Entered: rank 3 of 123 (top.n=5)
2018-02-21,2018-02-20,97,EXIT,COFORGE,978.00,139.4801,136411.57,2018-01-22,132.5788,132.5788,0.0000,0.00,6749.55,6749.55,137130.46,"Rank 10 of 126, below exit rank 5"
2018-02-21,2018-02-20,97,EXIT,JUBLFOOD,615.00,197.2465,121306.60,2018-01-22,210.7522,210.7522,0.0000,0.00,-8306.02,-8306.02,258437.06,"Rank 7 of 126, below exit rank 5"
2018-02-21,2018-02-20,97,TRIM,ADANIENT,36.00,106.8809,3847.71,2018-01-22,106.1838,106.1838,106.1838,1185.00,25.10,,262284.77,"Re-sized to target allocation (rank 2 of 126, in top.n selection)"
2018-02-21,2018-02-20,97,TRIM,BIOCON,1.00,274.8623,274.86,2017-12-22,267.9661,268.3643,268.3643,461.00,6.50,,262559.63,"Re-sized to target allocation (rank 4 of 126, in top.n selection)"
2018-02-21,2018-02-20,97,ADD,RADICO,27.00,322.4889,8707.20,2017-10-27,203.9340,203.9340,212.0998,392.00,,,253852.43,"Re-sized to target allocation (rank 1 of 126, in top.n selection)"
2018-02-21,2018-02-20,97,ENTRY,MPHASIS,180.00,703.7132,126668.37,2018-02-21,703.7132,0.0000,703.7132,180.00,,,127184.06,Entered: rank 5 of 126 (top.n=5)
2018-02-21,2018-02-20,97,ENTRY,TITAN,156.00,812.0076,126673.19,2018-02-21,812.0076,0.0000,812.0076,156.00,,,510.87,"Entered: rank 6 of 126 (top.n=5, higher-ranked names skipped by sector cap)"
2018-03-22,2018-03-21,98,EXIT,ADANIENT,1185.00,87.0921,103204.17,2018-01-22,106.1838,106.1838,0.0000,0.00,-22623.59,-22623.59,103715.04,"Rank 42 of 127, below exit rank 5"
2018-03-22,2018-03-21,98,EXIT,MPHASIS,180.00,686.8400,123631.21,2018-02-21,703.7132,703.7132,0.0000,0.00,-3037.16,-3037.16,227346.25,"Rank 11 of 127, below exit rank 5"
2018-03-22,2018-03-21,98,EXIT,TITAN,156.00,845.9725,131971.71,2018-02-21,812.0076,812.0076,0.0000,0.00,5298.52,5298.52,359317.95,"Rank 14 of 127, below exit rank 5"
2018-03-22,2018-03-21,98,TRIM,BIOCON,27.00,286.9306,7747.13,2017-12-22,267.9661,268.3643,268.3643,434.00,501.29,,367065.08,"Re-sized to target allocation (rank 3 of 127, in top.n selection)"
2018-03-22,2018-03-21,98,TRIM,RADICO,22.00,336.7837,7409.24,2017-10-27,203.9340,212.0998,212.0998,370.00,2743.05,,374474.32,"Re-sized to target allocation (rank 1 of 127, in top.n selection)"
2018-03-22,2018-03-21,98,ENTRY,ASHOKLEY,2000.00,62.3417,124683.38,2018-03-22,62.3417,0.0000,62.3417,2000.00,,,249790.94,Entered: rank 5 of 127 (top.n=5)
2018-03-22,2018-03-21,98,ENTRY,COFORGE,726.00,171.7168,124666.37,2018-03-22,171.7168,0.0000,171.7168,726.00,,,125124.57,Entered: rank 2 of 127 (top.n=5)
2018-03-22,2018-03-21,98,ENTRY,JUBLFOOD,574.00,217.2019,124673.91,2018-03-22,217.2019,0.0000,217.2019,574.00,,,450.66,Entered: rank 4 of 127 (top.n=5)
2018-04-23,2018-04-20,99,EXIT,BIOCON,434.00,313.2838,135965.19,2017-12-22,267.9661,268.3643,0.0000,0.00,19495.08,19667.91,136415.85,"Rank 13 of 128, below exit rank 5"
2018-04-23,2018-04-20,99,ADD,ASHOKLEY,116.00,65.6018,7609.81,2018-03-22,62.3417,62.3417,62.5204,2116.00,,,128806.04,"Re-sized to target allocation (rank 5 of 128, in top.n selection)"
2018-04-23,2018-04-20,99,ADD,COFORGE,43.00,180.3707,7755.94,2018-03-22,171.7168,171.7168,172.2007,769.00,,,121050.10,"Re-sized to target allocation (rank 1 of 128, in top.n selection)"
2018-04-23,2018-04-20,99,ADD,JUBLFOOD,5.00,239.7001,1198.50,2018-03-22,217.2019,217.2019,217.3962,579.00,,,119851.60,"Re-sized to target allocation (rank 3 of 128, in top.n selection)"
2018-04-23,2018-04-20,99,TRIM,RADICO,46.00,427.5784,19668.60,2017-10-27,203.9340,212.0998,212.0998,324.00,9912.02,,139520.20,"Re-sized to target allocation (rank 2 of 128, in top.n selection)"
2018-04-23,2018-04-20,99,ENTRY,JSWSTEEL,475.00,292.1964,138793.29,2018-04-23,292.1964,0.0000,292.1964,475.00,,,726.91,"Entered: rank 7 of 128 (top.n=5, higher-ranked names skipped by sector cap)"
2018-05-22,2018-05-21,100,EXIT,ASHOKLEY,2116.00,55.8425,118162.74,2018-03-22,62.3417,62.5204,0.0000,0.00,-14130.45,-13752.28,118889.65,"Rank 30 of 128, below exit rank 5"
2018-05-22,2018-05-21,100,EXIT,COFORGE,769.00,190.5138,146505.11,2018-03-22,171.7168,172.2007,0.0000,0.00,14082.80,14454.92,265394.77,"Rank 2 of 128, within exit rank 5 but not reselected (sector cap or book capacity)"
2018-05-22,2018-05-21,100,EXIT,JSWSTEEL,475.00,280.4432,133210.51,2018-04-23,292.1964,292.1964,0.0000,0.00,-5582.78,-5582.78,398605.28,"Rank 25 of 128, below exit rank 5"
2018-05-22,2018-05-21,100,TRIM,JUBLFOOD,37.00,246.4481,9118.58,2018-03-22,217.2019,217.3962,217.3962,542.00,1074.92,,407723.86,"Re-sized to target allocation (rank 4 of 128, in top.n selection)"
2018-05-22,2018-05-21,100,ADD,RADICO,16.00,392.2558,6276.09,2017-10-27,203.9340,212.0998,220.5777,340.00,,,401447.76,"Re-sized to target allocation (rank 7 of 128, in top.n selection)"
2018-05-22,2018-05-21,100,ENTRY,KOTAKBANK,527.00,253.5931,133643.59,2018-05-22,253.5931,0.0000,253.5931,527.00,,,267804.18,"Entered: rank 6 of 128 (top.n=5, higher-ranked names skipped by sector cap)"
2018-05-22,2018-05-21,100,ENTRY,MPHASIS,154.00,865.6871,133315.82,2018-05-22,865.6871,0.0000,865.6871,154.00,,,134488.36,Entered: rank 1 of 128 (top.n=5)
2018-05-22,2018-05-21,100,ENTRY,PHOENIXLTD,379.00,352.4296,133570.81,2018-05-22,352.4296,0.0000,352.4296,379.00,,,917.55,"Entered: rank 8 of 128 (top.n=5, higher-ranked names skipped by sector cap)"
2018-06-19,2018-06-18,101,EXIT,KOTAKBANK,527.00,261.2398,137673.39,2018-05-22,253.5931,253.5931,0.0000,0.00,4029.80,4029.80,138590.94,"Rank 9 of 128, below exit rank 5"
2018-06-19,2018-06-18,101,EXIT,MPHASIS,154.00,877.2024,135089.17,2018-05-22,865.6871,865.6871,0.0000,0.00,1773.35,1773.35,273680.11,"Rank 8 of 128, below exit rank 5"
2018-06-19,2018-06-18,101,EXIT,PHOENIXLTD,379.00,317.3339,120269.55,2018-05-22,352.4296,352.4296,0.0000,0.00,-13301.26,-13301.26,393949.66,"Rank 41 of 128, below exit rank 5"
2018-06-19,2018-06-18,101,EXIT,RADICO,340.00,379.1806,128921.40,2017-10-27,203.9340,220.5777,0.0000,0.00,53924.99,59583.85,522871.06,"Rank 21 of 128, below exit rank 5"
2018-06-19,2018-06-18,101,TRIM,JUBLFOOD,51.00,272.7554,13910.53,2018-03-22,217.2019,217.3962,217.3962,491.00,2823.32,,536781.58,"Re-sized to target allocation (rank 1 of 128, in top.n selection)"
2018-06-19,2018-06-18,101,ENTRY,BAJFINANCE,620.00,216.3441,134133.36,2018-06-19,216.3441,0.0000,216.3441,620.00,,,402648.22,Entered: rank 4 of 128 (top.n=5)
2018-06-19,2018-06-18,101,ENTRY,COFORGE,664.00,201.9556,134098.50,2018-06-19,201.9556,0.0000,201.9556,664.00,,,268549.72,Entered: rank 5 of 128 (top.n=5)
2018-06-19,2018-06-18,101,ENTRY,NESTLEIND,297.00,450.2473,133723.44,2018-06-19,450.2473,0.0000,450.2473,297.00,,,134826.28,Entered: rank 2 of 128 (top.n=5)
2018-06-19,2018-06-18,101,ENTRY,PAGEIND,5.00,24228.3384,121141.69,2018-06-19,24228.3384,0.0000,24228.3384,5.00,,,13684.59,Entered: rank 3 of 128 (top.n=5)
2018-07-17,2018-07-16,102,EXIT,COFORGE,664.00,205.4699,136431.99,2018-06-19,201.9556,201.9556,0.0000,0.00,2333.49,2333.49,150116.58,"Rank 10 of 128, below exit rank 5"
2018-07-17,2018-07-16,102,EXIT,NESTLEIND,297.00,459.3974,136441.04,2018-06-19,450.2473,450.2473,0.0000,0.00,2717.60,2717.60,286557.62,"Rank 8 of 128, below exit rank 5"
2018-07-17,2018-07-16,102,TRIM,BAJFINANCE,37.00,239.9875,8879.54,2018-06-19,216.3441,216.3441,216.3441,583.00,874.80,,295437.16,"Re-sized to target allocation (rank 1 of 128, in top.n selection)"
2018-07-17,2018-07-16,102,ADD,JUBLFOOD,11.00,278.7112,3065.82,2018-03-22,217.2019,217.3962,218.7398,502.00,,,292371.33,"Re-sized to target allocation (rank 4 of 128, in top.n selection)"
2018-07-17,2018-07-16,102,ENTRY,HINDUNILVR,90.00,1552.3269,139709.43,2018-07-17,1552.3269,0.0000,1552.3269,90.00,,,152661.91,"Entered: rank 6 of 128 (top.n=5, higher-ranked names skipped by sector cap)"
2018-07-17,2018-07-16,102,ENTRY,MPHASIS,143.00,974.8027,139396.79,2018-07-17,974.8027,0.0000,974.8027,143.00,,,13265.12,Entered: rank 2 of 128 (top.n=5)
2018-08-14,2018-08-13,103,EXIT,HINDUNILVR,90.00,1518.9431,136704.88,2018-07-17,1552.3269,1552.3269,0.0000,0.00,-3004.55,-3004.55,149970.00,"Rank 14 of 129, below exit rank 5"
2018-08-14,2018-08-13,103,EXIT,JUBLFOOD,502.00,295.1118,148146.11,2018-03-22,217.2019,218.7398,0.0000,0.00,38338.74,39110.74,298116.11,"Rank 16 of 129, below exit rank 5"
2018-08-14,2018-08-13,103,EXIT,MPHASIS,143.00,955.0738,136575.56,2018-07-17,974.8027,974.8027,0.0000,0.00,-2821.23,-2821.23,434691.67,"Rank 5 of 129, within exit rank 5 but not reselected (sector cap or book capacity)"
2018-08-14,2018-08-13,103,EXIT,PAGEIND,5.00,30573.5224,152867.61,2018-06-19,24228.3384,24228.3384,0.0000,0.00,31725.92,31725.92,587559.28,"Rank 11 of 129, below exit rank 5"
2018-08-14,2018-08-13,103,TRIM,BAJFINANCE,28.00,267.9424,7502.39,2018-06-19,216.3441,216.3441,216.3441,555.00,1444.75,,595061.67,"Re-sized to target allocation (rank 2 of 129, in top.n selection)"
2018-08-14,2018-08-13,103,ENTRY,ADANIENT,1206.00,123.3244,148729.28,2018-08-14,123.3244,0.0000,123.3244,1206.00,,,446332.38,"Entered: rank 6 of 129 (top.n=5, higher-ranked names skipped by sector cap)"
2018-08-14,2018-08-13,103,ENTRY,COFORGE,631.00,235.5543,148634.75,2018-08-14,235.5543,0.0000,235.5543,631.00,,,297697.63,Entered: rank 1 of 129 (top.n=5)
2018-08-14,2018-08-13,103,ENTRY,DABUR,366.00,405.6908,148482.83,2018-08-14,405.6908,0.0000,405.6908,366.00,,,149214.80,"Entered: rank 7 of 129 (top.n=5, higher-ranked names skipped by sector cap)"
2018-08-14,2018-08-13,103,ENTRY,RELIANCE,282.00,526.7384,148540.22,2018-08-14,526.7384,0.0000,526.7384,282.00,,,674.58,"Entered: rank 8 of 129 (top.n=5, higher-ranked names skipped by sector cap)"
2018-09-14,2018-09-12,104,EXIT,COFORGE,631.00,244.3247,154168.87,2018-08-14,235.5543,235.5543,0.0000,0.00,5534.12,5534.12,154843.45,"Rank 11 of 129, below exit rank 5"
2018-09-14,2018-09-12,104,EXIT,DABUR,366.00,421.8079,154381.68,2018-08-14,405.6908,405.6908,0.0000,0.00,5898.86,5898.86,309225.13,"Rank 13 of 129, below exit rank 5"
2018-09-14,2018-09-12,104,EXIT,RELIANCE,282.00,557.4575,157203.01,2018-08-14,526.7384,526.7384,0.0000,0.00,8662.78,8662.78,466428.14,"Rank 8 of 129, below exit rank 5"
2018-09-14,2018-09-12,104,TRIM,ADANIENT,143.00,147.8330,21140.12,2018-08-14,123.3244,123.3244,123.3244,1063.00,3504.72,,487568.25,"Re-sized to target allocation (rank 1 of 129, in top.n selection)"
2018-09-14,2018-09-12,104,ADD,BAJFINANCE,61.00,255.0654,15558.99,2018-06-19,216.3441,216.3441,220.1785,616.00,,,472009.26,"Re-sized to target allocation (rank 3 of 129, in top.n selection)"
2018-09-14,2018-09-12,104,ENTRY,MPHASIS,153.00,1024.7928,156793.30,2018-09-14,1024.7928,0.0000,1024.7928,153.00,,,315215.97,Entered: rank 4 of 129 (top.n=5)
2018-09-14,2018-09-12,104,ENTRY,NAUKRI,503.00,312.5652,157220.29,2018-09-14,312.5652,0.0000,312.5652,503.00,,,157995.67,Entered: rank 5 of 129 (top.n=5)
2018-09-14,2018-09-12,104,ENTRY,PAGEIND,5.00,30902.1496,154510.75,2018-09-14,30902.1496,0.0000,30902.1496,5.00,,,3484.92,Entered: rank 2 of 129 (top.n=5)
2018-10-16,2018-10-15,105,EXIT,BAJFINANCE,616.00,225.4428,138872.75,2018-06-19,216.3441,220.1785,0.0000,0.00,3242.76,5604.76,142357.67,"Rank 20 of 129, below exit rank 5"
2018-10-16,2018-10-15,105,EXIT,MPHASIS,153.00,888.3651,135919.87,2018-09-14,1024.7928,1024.7928,0.0000,0.00,-20873.43,-20873.43,278277.54,"Rank 24 of 129, below exit rank 5"
2018-10-16,2018-10-15,105,EXIT,PAGEIND,5.00,26175.0071,130875.04,2018-09-14,30902.1496,30902.1496,0.0000,0.00,-23635.71,-23635.71,409152.57,"Rank 11 of 129, below exit rank 5"
2018-10-16,2018-10-15,105,TRIM,ADANIENT,107.00,150.3997,16092.77,2018-08-14,123.3244,123.3244,123.3244,956.00,2897.05,,425245.34,"Re-sized to target allocation (rank 1 of 129, in top.n selection)"
2018-10-16,2018-10-15,105,TRIM,NAUKRI,21.00,298.1926,6262.04,2018-09-14,312.5652,312.5652,312.5652,482.00,-301.82,,431507.39,"Re-sized to target allocation (rank 5 of 129, in top.n selection)"
2018-10-16,2018-10-15,105,ENTRY,AUROPHARMA,198.00,724.6509,143480.87,2018-10-16,724.6509,0.0000,724.6509,198.00,,,288026.52,Entered: rank 2 of 129 (top.n=5)
2018-10-16,2018-10-15,105,ENTRY,TIINDIA,501.00,286.8840,143728.88,2018-10-16,286.8840,0.0000,286.8840,501.00,,,144297.64,Entered: rank 3 of 129 (top.n=5)
2018-10-16,2018-10-15,105,ENTRY,WIPRO,1323.00,108.6237,143709.11,2018-10-16,108.6237,0.0000,108.6237,1323.00,,,588.53,"Entered: rank 7 of 129 (top.n=5, higher-ranked names skipped by sector cap)"
2018-11-15,2018-11-14,106,EXIT,NAUKRI,482.00,266.7500,128573.51,2018-09-14,312.5652,312.5652,0.0000,0.00,-22082.91,-22082.91,129162.04,"Rank 11 of 129, below exit rank 5"
2018-11-15,2018-11-14,106,EXIT,WIPRO,1323.00,110.0324,145572.84,2018-10-16,108.6237,108.6237,0.0000,0.00,1863.73,1863.73,274734.88,"Rank 6 of 129, below exit rank 5"
2018-11-15,2018-11-14,106,TRIM,ADANIENT,57.00,159.6794,9101.72,2018-08-14,123.3244,123.3244,123.3244,899.00,2072.23,,283836.61,"Re-sized to target allocation (rank 1 of 129, in top.n selection)"
2018-11-15,2018-11-14,106,TRIM,AUROPHARMA,7.00,748.5826,5240.08,2018-10-16,724.6509,724.6509,724.6509,191.00,167.52,,289076.69,"Re-sized to target allocation (rank 4 of 129, in top.n selection)"
2018-11-15,2018-11-14,106,ADD,TIINDIA,3.00,284.9799,854.94,2018-10-16,286.8840,286.8840,286.8727,504.00,,,288221.75,"Re-sized to target allocation (rank 3 of 129, in top.n selection)"
2018-11-15,2018-11-14,106,ENTRY,HAVELLS,224.00,639.1165,143162.09,2018-11-15,639.1165,0.0000,639.1165,224.00,,,145059.66,Entered: rank 5 of 129 (top.n=5)
2018-11-15,2018-11-14,106,ENTRY,ICICIBANK,410.00,350.2714,143611.27,2018-11-15,350.2714,0.0000,350.2714,410.00,,,1448.38,Entered: rank 2 of 129 (top.n=5)
2018-12-14,2018-12-13,107,EXIT,AUROPHARMA,191.00,713.1855,136218.44,2018-10-16,724.6509,724.6509,0.0000,0.00,-2189.87,-2189.87,137666.82,"Rank 3 of 129, within exit rank 5 but not reselected (sector cap or book capacity)"
2018-12-14,2018-12-13,107,EXIT,HAVELLS,224.00,665.1446,148992.40,2018-11-15,639.1165,639.1165,0.0000,0.00,5830.31,5830.31,286659.22,"Rank 18 of 129, below exit rank 5"
2018-12-14,2018-12-13,107,EXIT,ICICIBANK,410.00,334.1021,136981.86,2018-11-15,350.2714,350.2714,0.0000,0.00,-6629.42,-6629.42,423641.08,"Rank 11 of 129, below exit rank 5"
2018-12-14,2018-12-13,107,ADD,ADANIENT,47.00,154.0030,7238.14,2018-08-14,123.3244,123.3244,124.8486,946.00,,,416402.94,"Re-sized to target allocation (rank 5 of 129, in top.n selection)"
2018-12-14,2018-12-13,107,TRIM,TIINDIA,65.00,331.5082,21548.03,2018-10-16,286.8840,286.8727,286.8727,439.00,2901.31,,437950.97,"Re-sized to target allocation (rank 1 of 129, in top.n selection)"
2018-12-14,2018-12-13,107,ENTRY,APOLLOHOSP,121.00,1201.7493,145411.66,2018-12-14,1201.7493,0.0000,1201.7493,121.00,,,292539.31,Entered: rank 2 of 129 (top.n=5)
2018-12-14,2018-12-13,107,ENTRY,SRF,343.00,424.7036,145673.34,2018-12-14,424.7036,0.0000,424.7036,343.00,,,146865.97,Entered: rank 4 of 129 (top.n=5)
2018-12-14,2018-12-13,107,ENTRY,WIPRO,1267.00,115.0732,145797.73,2018-12-14,115.0732,0.0000,115.0732,1267.00,,,1068.23,"Entered: rank 6 of 129 (top.n=5, higher-ranked names skipped by sector cap)"
2019-01-14,2019-01-11,108,EXIT,ADANIENT,946.00,149.0670,141017.37,2018-08-14,123.3244,124.8486,0.0000,0.00,22910.55,24352.44,142085.60,"Rank 18 of 129, below exit rank 5"
2019-01-14,2019-01-11,108,EXIT,APOLLOHOSP,121.00,1262.2283,152729.62,2018-12-14,1201.7493,1201.7493,0.0000,0.00,7317.96,7317.96,294815.22,"Rank 14 of 129, below exit rank 5"
2019-01-14,2019-01-11,108,EXIT,SRF,343.00,398.3004,136617.03,2018-12-14,424.7036,424.7036,0.0000,0.00,-9056.31,-9056.31,431432.25,"Rank 34 of 129, below exit rank 5"
2019-01-14,2019-01-11,108,EXIT,TIINDIA,439.00,315.3966,138459.12,2018-10-16,286.8840,286.8727,0.0000,0.00,12522.03,12517.05,569891.37,"Rank 6 of 129, below exit rank 5"
2019-01-14,2019-01-11,108,EXIT,WIPRO,1267.00,112.0351,141948.51,2018-12-14,115.0732,115.0732,0.0000,0.00,-3849.23,-3849.23,711839.88,"Rank 10 of 129, below exit rank 5"
2019-01-14,2019-01-11,108,ENTRY,AUROPHARMA,192.00,738.2096,141736.24,2019-01-14,738.2096,0.0000,738.2096,192.00,,,570103.64,Entered: rank 5 of 129 (top.n=5)
2019-01-14,2019-01-11,108,ENTRY,COLPAL,127.00,1112.3684,141270.78,2019-01-14,1112.3684,0.0000,1112.3684,127.00,,,428832.85,Entered: rank 2 of 129 (top.n=5)
2019-01-14,2019-01-11,108,ENTRY,FEDERALBNK,1604.00,88.7525,142358.93,2019-01-14,88.7525,0.0000,88.7525,1604.00,,,286473.92,Entered: rank 1 of 129 (top.n=5)
2019-01-14,2019-01-11,108,ENTRY,INDIGO,135.00,1052.9163,142143.69,2019-01-14,1052.9163,0.0000,1052.9163,135.00,,,144330.23,Entered: rank 4 of 129 (top.n=5)
2019-01-14,2019-01-11,108,ENTRY,UPL,295.00,482.4470,142321.87,2019-01-14,482.4470,0.0000,482.4470,295.00,,,2008.36,Entered: rank 3 of 129 (top.n=5)
2019-02-11,2019-02-08,109,EXIT,AUROPHARMA,192.00,732.5049,140640.95,2019-01-14,738.2096,738.2096,0.0000,0.00,-1095.29,-1095.29,142649.30,"Rank 61 of 129, below exit rank 5"
2019-02-11,2019-02-08,109,EXIT,COLPAL,127.00,1081.9897,137412.70,2019-01-14,1112.3684,1112.3684,0.0000,0.00,-3858.08,-3858.08,280062.00,"Rank 15 of 129, below exit rank 5"
2019-02-11,2019-02-08,109,EXIT,FEDERALBNK,1604.00,79.1157,126901.53,2019-01-14,88.7525,88.7525,0.0000,0.00,-15457.40,-15457.40,406963.53,"Rank 23 of 129, below exit rank 5"
2019-02-11,2019-02-08,109,EXIT,UPL,295.00,499.6773,147404.80,2019-01-14,482.4470,482.4470,0.0000,0.00,5082.93,5082.93,554368.34,"Rank 12 of 129, below exit rank 5"
2019-02-11,2019-02-08,109,TRIM,INDIGO,15.00,1184.2821,17764.23,2019-01-14,1052.9163,1052.9163,1052.9163,120.00,1970.49,,572132.57,"Re-sized to target allocation (rank 1 of 129, in top.n selection)"
2019-02-11,2019-02-08,109,ENTRY,GODREJPROP,188.00,756.0455,142136.55,2019-02-11,756.0455,0.0000,756.0455,188.00,,,429996.01,Entered: rank 5 of 129 (top.n=5)
2019-02-11,2019-02-08,109,ENTRY,RADICO,339.00,421.0285,142728.67,2019-02-11,421.0285,0.0000,421.0285,339.00,,,287267.35,Entered: rank 4 of 129 (top.n=5)
2019-02-11,2019-02-08,109,ENTRY,SRF,330.00,432.1381,142605.57,2019-02-11,432.1381,0.0000,432.1381,330.00,,,144661.78,Entered: rank 3 of 129 (top.n=5)
2019-02-11,2019-02-08,109,ENTRY,TITAN,138.00,1030.7062,142237.45,2019-02-11,1030.7062,0.0000,1030.7062,138.00,,,2424.33,Entered: rank 2 of 129 (top.n=5)
2019-03-13,2019-03-12,110,EXIT,GODREJPROP,188.00,713.5509,134147.57,2019-02-11,756.0455,756.0455,0.0000,0.00,-7988.98,-7988.98,136571.90,"Rank 27 of 129, below exit rank 5"
2019-03-13,2019-03-12,110,EXIT,RADICO,339.00,395.6006,134108.59,2019-02-11,421.0285,421.0285,0.0000,0.00,-8620.08,-8620.08,270680.49,"Rank 87 of 129, below exit rank 5"
2019-03-13,2019-03-12,110,EXIT,SRF,330.00,457.0251,150818.27,2019-02-11,432.1381,432.1381,0.0000,0.00,8212.71,8212.71,421498.77,"Rank 17 of 129, below exit rank 5"
2019-03-13,2019-03-12,110,EXIT,TITAN,138.00,1058.3477,146051.98,2019-02-11,1030.7062,1030.7062,0.0000,0.00,3814.53,3814.53,567550.75,"Rank 8 of 129, below exit rank 5"
2019-03-13,2019-03-12,110,TRIM,INDIGO,7.00,1273.8495,8916.95,2019-01-14,1052.9163,1052.9163,1052.9163,113.00,1546.53,,576467.70,"Re-sized to target allocation (rank 2 of 129, in top.n selection)"
2019-03-13,2019-03-12,110,ENTRY,GODFRYPHLP,478.00,300.9645,143861.03,2019-03-13,300.9645,0.0000,300.9645,478.00,,,432606.67,Entered: rank 4 of 129 (top.n=5)
2019-03-13,2019-03-12,110,ENTRY,IDFCFIRSTB,2914.00,49.4424,144075.29,2019-03-13,49.4424,0.0000,49.4424,2914.00,,,288531.38,Entered: rank 1 of 129 (top.n=5)
2019-03-13,2019-03-12,110,ENTRY,KEI,338.00,425.0677,143672.88,2019-03-13,425.0677,0.0000,425.0677,338.00,,,144858.49,Entered: rank 3 of 129 (top.n=5)
2019-03-13,2019-03-12,110,ENTRY,UPL,260.00,553.8296,143995.69,2019-03-13,553.8296,0.0000,553.8296,260.00,,,862.80,Entered: rank 5 of 129 (top.n=5)
2019-04-12,2019-04-11,111,EXIT,GODFRYPHLP,478.00,330.5980,158025.82,2019-03-13,300.9645,300.9645,0.0000,0.00,14164.80,14164.80,158888.63,"Rank 14 of 130, below exit rank 5"
2019-04-12,2019-04-11,111,EXIT,KEI,338.00,390.5284,131998.61,2019-03-13,425.0677,425.0677,0.0000,0.00,-11674.28,-11674.28,290887.23,"Rank 46 of 130, below exit rank 5"
2019-04-12,2019-04-11,111,EXIT,UPL,260.00,567.6445,147587.57,2019-03-13,553.8296,553.8296,0.0000,0.00,3591.89,3591.89,438474.81,"Rank 16 of 130, below exit rank 5"
2019-04-12,2019-04-11,111,TRIM,IDFCFIRSTB,121.00,54.0637,6541.71,2019-03-13,49.4424,49.4424,49.4424,2793.00,559.17,,445016.51,"Re-sized to target allocation (rank 1 of 130, in top.n selection)"
2019-04-12,2019-04-11,111,TRIM,INDIGO,6.00,1408.2009,8449.21,2019-01-14,1052.9163,1052.9163,1052.9163,107.00,2131.71,,453465.72,"Re-sized to target allocation (rank 3 of 130, in top.n selection)"
2019-04-12,2019-04-11,111,ENTRY,ATGL,1164.00,129.6948,150964.71,2019-04-12,129.6948,0.0000,129.6948,1164.00,,,302501.01,Entered: rank 4 of 130 (top.n=5)
2019-04-12,2019-04-11,111,ENTRY,GODREJPROP,165.00,914.7285,150930.20,2019-04-12,914.7285,0.0000,914.7285,165.00,,,151570.81,Entered: rank 2 of 130 (top.n=5)
2019-04-12,2019-04-11,111,ENTRY,SUZLON,24188.00,6.2439,151026.34,2019-04-12,6.2439,0.0000,6.2439,24188.00,,,544.47,Entered: rank 5 of 130 (top.n=5)
2019-05-16,2019-05-15,112,EXIT,ATGL,1164.00,118.2657,137661.30,2019-04-12,129.6948,129.6948,0.0000,0.00,-13303.42,-13303.42,138205.76,"Rank 12 of 130, below exit rank 5"
2019-05-16,2019-05-15,112,EXIT,IDFCFIRSTB,2793.00,40.4981,113111.15,2019-03-13,49.4424,49.4424,0.0000,0.00,-24981.60,-24981.60,251316.92,"Rank 78 of 130, below exit rank 5"
2019-05-16,2019-05-15,112,EXIT,SUZLON,24188.00,4.8206,116601.23,2019-04-12,6.2439,6.2439,0.0000,0.00,-34425.11,-34425.11,367918.14,"Rank 68 of 130, below exit rank 5"
2019-05-16,2019-05-15,112,TRIM,GODREJPROP,2.00,824.0169,1648.03,2019-04-12,914.7285,914.7285,914.7285,163.00,-181.42,,369566.18,"Re-sized to target allocation (rank 5 of 130, in top.n selection)"
2019-05-16,2019-05-15,112,TRIM,INDIGO,22.00,1572.4081,34592.98,2019-01-14,1052.9163,1052.9163,1052.9163,85.00,11428.82,,404159.16,"Re-sized to target allocation (rank 2 of 130, in top.n selection)"
2019-05-16,2019-05-15,112,ENTRY,ICICIGI,128.00,1045.3618,133806.31,2019-05-16,1045.3618,0.0000,1045.3618,128.00,,,270352.84,"Entered: rank 6 of 130 (top.n=5, higher-ranked names skipped by sector cap)"
2019-05-16,2019-05-15,112,ENTRY,NAUKRI,360.00,373.3578,134408.80,2019-05-16,373.3578,0.0000,373.3578,360.00,,,135944.04,Entered: rank 3 of 130 (top.n=5)
2019-05-16,2019-05-15,112,ENTRY,SRF,249.00,539.6247,134366.55,2019-05-16,539.6247,0.0000,539.6247,249.00,,,1577.49,Entered: rank 1 of 130 (top.n=5)
2019-06-14,2019-06-13,113,EXIT,GODREJPROP,163.00,918.3609,149692.83,2019-04-12,914.7285,914.7285,0.0000,0.00,592.08,592.08,151270.32,"Rank 23 of 130, below exit rank 5"
2019-06-14,2019-06-13,113,EXIT,ICICIGI,128.00,1106.7303,141661.47,2019-05-16,1045.3618,1045.3618,0.0000,0.00,7855.16,7855.16,292931.79,"Rank 6 of 130, below exit rank 5"
2019-06-14,2019-06-13,113,EXIT,NAUKRI,360.00,426.6778,153604.02,2019-05-16,373.3578,373.3578,0.0000,0.00,19195.22,19195.22,446535.81,"Rank 14 of 130, below exit rank 5"
2019-06-14,2019-06-13,113,ADD,INDIGO,2.00,1676.9036,3353.81,2019-01-14,1052.9163,1052.9163,1067.2608,87.00,,,443182.00,"Re-sized to target allocation (rank 5 of 130, in top.n selection)"
2019-06-14,2019-06-13,113,ADD,SRF,6.00,571.3787,3428.27,2019-05-16,539.6247,539.6247,540.3719,255.00,,,439753.73,"Re-sized to target allocation (rank 3 of 130, in top.n selection)"
2019-06-14,2019-06-13,113,ENTRY,APLAPOLLO,957.00,152.8027,146232.16,2019-06-14,152.8027,0.0000,152.8027,957.00,,,293521.58,Entered: rank 2 of 130 (top.n=5)
2019-06-14,2019-06-13,113,ENTRY,ATGL,838.00,174.4171,146161.54,2019-06-14,174.4171,0.0000,174.4171,838.00,,,147360.03,Entered: rank 1 of 130 (top.n=5)
2019-06-14,2019-06-13,113,ENTRY,BAJFINANCE,424.00,344.6075,146113.56,2019-06-14,344.6075,0.0000,344.6075,424.00,,,1246.47,Entered: rank 4 of 130 (top.n=5)
2019-07-12,2019-07-11,114,EXIT,APLAPOLLO,957.00,152.5937,146032.17,2019-06-14,152.8027,152.8027,0.0000,0.00,-199.99,-199.99,147278.64,"Rank 5 of 130, within exit rank 5 but not reselected (sector cap or book capacity)"
2019-07-12,2019-07-11,114,EXIT,BAJFINANCE,424.00,337.0571,142912.21,2019-06-14,344.6075,344.6075,0.0000,0.00,-3201.35,-3201.35,290190.84,"Rank 14 of 130, below exit rank 5"
2019-07-12,2019-07-11,114,EXIT,INDIGO,87.00,1345.5035,117058.81,2019-01-14,1052.9163,1067.2608,0.0000,0.00,24207.12,25455.09,407249.65,"Rank 27 of 130, below exit rank 5"
2019-07-12,2019-07-11,114,EXIT,SRF,255.00,539.2351,137504.95,2019-05-16,539.6247,540.3719,0.0000,0.00,-289.87,-99.35,544754.60,"Rank 19 of 130, below exit rank 5"
2019-07-12,2019-07-11,114,TRIM,ATGL,3.00,163.0378,489.11,2019-06-14,174.4171,174.4171,174.4171,835.00,-34.14,,545243.72,"Re-sized to target allocation (rank 1 of 130, in top.n selection)"
2019-07-12,2019-07-11,114,ENTRY,KEI,299.00,455.2894,136131.54,2019-07-12,455.2894,0.0000,455.2894,299.00,,,409112.18,Entered: rank 2 of 130 (top.n=5)
2019-07-12,2019-07-11,114,ENTRY,SBIN,414.00,329.0156,136212.45,2019-07-12,329.0156,0.0000,329.0156,414.00,,,272899.73,Entered: rank 4 of 130 (top.n=5)
2019-07-12,2019-07-11,114,ENTRY,TATACONSUM,564.00,241.5074,136210.16,2019-07-12,241.5074,0.0000,241.5074,564.00,,,136689.56,"Entered: rank 8 of 130 (top.n=5, higher-ranked names skipped by sector cap)"
2019-07-12,2019-07-11,114,ENTRY,TRENT,305.00,446.3798,136145.83,2019-07-12,446.3798,0.0000,446.3798,305.00,,,543.74,Entered: rank 3 of 130 (top.n=5)
2019-08-09,2019-08-08,115,EXIT,KEI,299.00,465.1017,139065.42,2019-07-12,455.2894,455.2894,0.0000,0.00,2933.88,2933.88,139609.16,"Rank 17 of 130, below exit rank 5"
2019-08-09,2019-08-08,115,EXIT,SBIN,414.00,268.5601,111183.87,2019-07-12,329.0156,329.0156,0.0000,0.00,-25028.58,-25028.58,250793.03,"Rank 64 of 130, below exit rank 5"
2019-08-09,2019-08-08,115,EXIT,TRENT,305.00,433.2275,132134.38,2019-07-12,446.3798,446.3798,0.0000,0.00,-4011.44,-4011.44,382927.41,"Rank 8 of 130, below exit rank 5"
2019-08-09,2019-08-08,115,TRIM,ATGL,13.00,161.0527,2093.69,2019-06-14,174.4171,174.4171,174.4171,822.00,-173.74,,385021.10,"Re-sized to target allocation (rank 2 of 130, in top.n selection)"
2019-08-09,2019-08-08,115,TRIM,TATACONSUM,50.00,257.6079,12880.39,2019-07-12,241.5074,241.5074,241.5074,514.00,805.02,,397901.49,"Re-sized to target allocation (rank 3 of 130, in top.n selection)"
2019-08-09,2019-08-08,115,ENTRY,BHARTIARTL,377.00,351.1808,132395.17,2019-08-09,351.1808,0.0000,351.1808,377.00,,,265506.32,Entered: rank 5 of 130 (top.n=5)
2019-08-09,2019-08-08,115,ENTRY,HDFCLIFE,257.00,514.5623,132242.51,2019-08-09,514.5623,0.0000,514.5623,257.00,,,133263.81,Entered: rank 1 of 130 (top.n=5)
2019-08-09,2019-08-08,115,ENTRY,SRF,236.00,561.3071,132468.48,2019-08-09,561.3071,0.0000,561.3071,236.00,,,795.33,"Entered: rank 7 of 130 (top.n=5, higher-ranked names skipped by sector cap)"
2019-09-12,2019-09-11,116,EXIT,ATGL,822.00,137.8603,113321.18,2019-06-14,174.4171,174.4171,0.0000,0.00,-30049.69,-30049.69,114116.51,"Rank 35 of 133, below exit rank 5"
2019-09-12,2019-09-11,116,EXIT,BHARTIARTL,377.00,338.3420,127554.93,2019-08-09,351.1808,351.1808,0.0000,0.00,-4840.24,-4840.24,241671.44,"Rank 22 of 133, below exit rank 5"
2019-09-12,2019-09-11,116,EXIT,SRF,236.00,553.6148,130653.10,2019-08-09,561.3071,561.3071,0.0000,0.00,-1815.38,-1815.38,372324.55,"Rank 26 of 133, below exit rank 5"
2019-09-12,2019-09-11,116,TRIM,HDFCLIFE,18.00,529.9216,9538.59,2019-08-09,514.5623,514.5623,514.5623,239.00,276.47,,381863.14,"Re-sized to target allocation (rank 1 of 133, in top.n selection)"
2019-09-12,2019-09-11,116,ADD,TATACONSUM,2.00,246.0534,492.11,2019-07-12,241.5074,241.5074,241.5250,516.00,,,381371.03,"Re-sized to target allocation (rank 2 of 133, in top.n selection)"
2019-09-12,2019-09-11,116,ENTRY,APOLLOHOSP,82.00,1544.5856,126656.02,2019-09-12,1544.5856,0.0000,1544.5856,82.00,,,254715.01,Entered: rank 3 of 133 (top.n=5)
2019-09-12,2019-09-11,116,ENTRY,BEL,3950.00,32.1475,126982.47,2019-09-12,32.1475,0.0000,32.1475,3950.00,,,127732.55,Entered: rank 5 of 133 (top.n=5)
2019-09-12,2019-09-11,116,ENTRY,TRENT,277.00,458.1239,126900.33,2019-09-12,458.1239,0.0000,458.1239,277.00,,,832.22,Entered: rank 4 of 133 (top.n=5)
2019-10-14,2019-10-11,117,EXIT,APOLLOHOSP,82.00,1431.7385,117402.55,2019-09-12,1544.5856,1544.5856,0.0000,0.00,-9253.46,-9253.46,118234.77,"Rank 10 of 133, below exit rank 5"
2019-10-14,2019-10-11,117,EXIT,BEL,3950.00,31.2882,123588.48,2019-09-12,32.1475,32.1475,0.0000,0.00,-3393.99,-3393.99,241823.25,"Rank 63 of 133, below exit rank 5"
2019-10-14,2019-10-11,117,EXIT,TATACONSUM,516.00,259.5021,133903.06,2019-07-12,241.5074,241.5250,0.0000,0.00,9276.16,9285.25,375726.31,"Rank 13 of 133, below exit rank 5"
2019-10-14,2019-10-11,117,TRIM,HDFCLIFE,12.00,575.1163,6901.40,2019-08-09,514.5623,514.5623,514.5623,227.00,726.65,,382627.71,"Re-sized to target allocation (rank 1 of 133, in top.n selection)"
2019-10-14,2019-10-11,117,TRIM,TRENT,20.00,507.4695,10149.39,2019-09-12,458.1239,458.1239,458.1239,257.00,986.91,,392777.10,"Re-sized to target allocation (rank 2 of 133, in top.n selection)"
2019-10-14,2019-10-11,117,ENTRY,ASIANPAINT,77.00,1684.6129,129715.19,2019-10-14,1684.6129,0.0000,1684.6129,77.00,,,263061.90,Entered: rank 3 of 133 (top.n=5)
2019-10-14,2019-10-11,117,ENTRY,COLPAL,101.00,1286.1545,129901.61,2019-10-14,1286.1545,0.0000,1286.1545,101.00,,,133160.29,Entered: rank 4 of 133 (top.n=5)
2019-10-14,2019-10-11,117,ENTRY,PIIND,100.00,1302.7481,130274.81,2019-10-14,1302.7481,0.0000,1302.7481,100.00,,,2885.48,"Entered: rank 9 of 133 (top.n=5, higher-ranked names skipped by sector cap)"
2019-11-13,2019-11-11,118,EXIT,ASIANPAINT,77.00,1672.4076,128775.39,2019-10-14,1684.6129,1684.6129,0.0000,0.00,-939.81,-939.81,131660.87,"Rank 10 of 133, below exit rank 5"
2019-11-13,2019-11-11,118,EXIT,HDFCLIFE,227.00,561.3763,127432.41,2019-08-09,514.5623,514.5623,0.0000,0.00,10626.77,10626.77,259093.28,"Rank 12 of 133, below exit rank 5"
2019-11-13,2019-11-11,118,EXIT,PIIND,100.00,1385.4655,138546.55,2019-10-14,1302.7481,1302.7481,0.0000,0.00,8271.74,8271.74,397639.83,"Rank 14 of 133, below exit rank 5"
2019-11-13,2019-11-11,118,EXIT,TRENT,257.00,509.5566,130956.05,2019-09-12,458.1239,458.1239,0.0000,0.00,13218.21,13218.21,528595.89,"Rank 24 of 133, below exit rank 5"
2019-11-13,2019-11-11,118,TRIM,COLPAL,4.00,1374.9832,5499.93,2019-10-14,1286.1545,1286.1545,1286.1545,97.00,355.31,,534095.82,"Re-sized to target allocation (rank 2 of 133, in top.n selection)"
2019-11-13,2019-11-11,118,ENTRY,ADANIENT,645.00,206.9331,133471.86,2019-11-13,206.9331,0.0000,206.9331,645.00,,,400623.96,Entered: rank 5 of 133 (top.n=5)
2019-11-13,2019-11-11,118,ENTRY,GMRAIRPORT,6796.00,19.6402,133475.08,2019-11-13,19.6402,0.0000,19.6402,6796.00,,,267148.88,Entered: rank 1 of 133 (top.n=5)
2019-11-13,2019-11-11,118,ENTRY,MCX,631.00,211.3556,133365.37,2019-11-13,211.3556,0.0000,211.3556,631.00,,,133783.51,"Entered: rank 6 of 133 (top.n=5, higher-ranked names skipped by sector cap)"
2019-11-13,2019-11-11,118,ENTRY,POLYCAB,157.00,847.1510,133002.71,2019-11-13,847.1510,0.0000,847.1510,157.00,,,780.81,Entered: rank 3 of 133 (top.n=5)
2019-12-11,2019-12-10,119,EXIT,COLPAL,97.00,1248.1479,121070.34,2019-10-14,1286.1545,1286.1545,0.0000,0.00,-3686.65,-3686.65,121851.15,"Rank 17 of 133, below exit rank 5"
2019-12-11,2019-12-10,119,EXIT,GMRAIRPORT,6796.00,18.1537,123372.61,2019-11-13,19.6402,19.6402,0.0000,0.00,-10102.47,-10102.47,245223.76,"Rank 6 of 133, below exit rank 5"
2019-12-11,2019-12-10,119,EXIT,MCX,631.00,208.6495,131657.81,2019-11-13,211.3556,211.3556,0.0000,0.00,-1707.56,-1707.56,376881.57,"Rank 9 of 133, below exit rank 5"
2019-12-11,2019-12-10,119,ADD,ADANIENT,4.00,201.0915,804.37,2019-11-13,206.9331,206.9331,206.8971,649.00,,,376077.20,"Re-sized to target allocation (rank 4 of 133, in top.n selection)"
2019-12-11,2019-12-10,119,TRIM,POLYCAB,17.00,930.5443,15819.25,2019-11-13,847.1510,847.1510,847.1510,140.00,1417.69,,391896.45,"Re-sized to target allocation (rank 2 of 133, in top.n selection)"
2019-12-11,2019-12-10,119,ENTRY,DIXON,189.00,688.8772,130197.79,2019-12-11,688.8772,0.0000,688.8772,189.00,,,261698.67,Entered: rank 3 of 133 (top.n=5)
2019-12-11,2019-12-10,119,ENTRY,GODFRYPHLP,345.00,378.1280,130454.18,2019-12-11,378.1280,0.0000,378.1280,345.00,,,131244.49,Entered: rank 1 of 133 (top.n=5)
2019-12-11,2019-12-10,119,ENTRY,TIINDIA,273.00,477.9285,130474.47,2019-12-11,477.9285,0.0000,477.9285,273.00,,,770.02,Entered: rank 5 of 133 (top.n=5)
2020-01-09,2020-01-08,120,EXIT,ADANIENT,649.00,199.9033,129737.25,2019-11-13,206.9331,206.8971,0.0000,0.00,-4538.97,-4562.34,130507.27,"Rank 6 of 134, below exit rank 5"
2020-01-09,2020-01-08,120,EXIT,GODFRYPHLP,345.00,387.6569,133741.62,2019-12-11,378.1280,378.1280,0.0000,0.00,3287.45,3287.45,264248.90,"Rank 16 of 134, below exit rank 5"
2020-01-09,2020-01-08,120,EXIT,TIINDIA,273.00,475.8636,129910.76,2019-12-11,477.9285,477.9285,0.0000,0.00,-563.71,-563.71,394159.66,"Rank 13 of 134, below exit rank 5"
2020-01-09,2020-01-08,120,TRIM,DIXON,26.00,833.5397,21672.03,2019-12-11,688.8772,688.8772,688.8772,163.00,3761.23,,415831.69,"Re-sized to target allocation (rank 2 of 134, in top.n selection)"
2020-01-09,2020-01-08,120,ADD,POLYCAB,5.00,940.1573,4700.79,2019-11-13,847.1510,847.1510,850.3581,145.00,,,411130.90,"Re-sized to target allocation (rank 1 of 134, in top.n selection)"
2020-01-09,2020-01-08,120,ENTRY,GMRAIRPORT,6153.00,22.2079,136645.13,2020-01-09,22.2079,0.0000,22.2079,6153.00,,,274485.77,Entered: rank 4 of 134 (top.n=5)
2020-01-09,2020-01-08,120,ENTRY,TATACOMM,353.00,386.3391,136377.71,2020-01-09,386.3391,0.0000,386.3391,353.00,,,138108.06,Entered: rank 3 of 134 (top.n=5)
2020-01-09,2020-01-08,120,ENTRY,TMPV,758.00,180.0868,136505.77,2020-01-09,180.0868,0.0000,180.0868,758.00,,,1602.29,Entered: rank 5 of 134 (top.n=5)
2020-02-06,2020-02-05,121,EXIT,GMRAIRPORT,6153.00,20.8114,128052.83,2020-01-09,22.2079,22.2079,0.0000,0.00,-8592.30,-8592.30,129655.12,"Rank 17 of 135, below exit rank 5"
2020-02-06,2020-02-05,121,EXIT,POLYCAB,145.00,974.7163,141333.86,2019-11-13,847.1510,850.3581,0.0000,0.00,18031.93,18496.96,270988.98,"Rank 9 of 135, below exit rank 5"
2020-02-06,2020-02-05,121,EXIT,TATACOMM,353.00,384.6834,135793.23,2020-01-09,386.3391,386.3391,0.0000,0.00,-584.48,-584.48,406782.21,"Rank 53 of 135, below exit rank 5"
2020-02-06,2020-02-05,121,EXIT,TMPV,758.00,177.3102,134401.13,2020-01-09,180.0868,180.0868,0.0000,0.00,-2104.64,-2104.64,541183.35,"Rank 7 of 135, below exit rank 5"
2020-02-06,2020-02-05,121,TRIM,DIXON,15.00,933.6593,14004.89,2019-12-11,688.8772,688.8772,688.8772,148.00,3671.73,,555188.23,"Re-sized to target allocation (rank 2 of 135, in top.n selection)"
2020-02-06,2020-02-05,121,ENTRY,ADANIENT,589.00,235.0523,138445.79,2020-02-06,235.0523,0.0000,235.0523,589.00,,,416742.45,Entered: rank 4 of 135 (top.n=5)
2020-02-06,2020-02-05,121,ENTRY,AUBANK,252.00,549.2173,138402.77,2020-02-06,549.2173,0.0000,549.2173,252.00,,,278339.68,Entered: rank 1 of 135 (top.n=5)
2020-02-06,2020-02-05,121,ENTRY,BHARTIARTL,274.00,505.1057,138398.95,2020-02-06,505.1057,0.0000,505.1057,274.00,,,139940.73,Entered: rank 3 of 135 (top.n=5)
2020-02-06,2020-02-05,121,ENTRY,TATAELXSI,146.00,948.5885,138493.92,2020-02-06,948.5885,0.0000,948.5885,146.00,,,1446.81,Entered: rank 5 of 135 (top.n=5)
2020-03-06,2020-03-05,122,EXIT,ADANIENT,589.00,212.9728,125440.99,2020-02-06,235.0523,235.0523,0.0000,0.00,-13004.80,-13004.80,126887.80,"Rank 26 of 136, below exit rank 5"
2020-03-06,2020-03-05,122,EXIT,DIXON,148.00,766.7800,113483.44,2019-12-11,688.8772,688.8772,0.0000,0.00,11529.62,11529.62,240371.24,"Rank 7 of 136, below exit rank 5"
2020-03-06,2020-03-05,122,EXIT,TATAELXSI,146.00,870.3069,127064.81,2020-02-06,948.5885,948.5885,0.0000,0.00,-11429.11,-11429.11,367436.04,"Rank 15 of 136, below exit rank 5"
2020-03-06,2020-03-05,122,TRIM,AUBANK,25.00,564.6253,14115.63,2020-02-06,549.2173,549.2173,549.2173,227.00,385.20,,381551.68,"Re-sized to target allocation (rank 1 of 136, in top.n selection)"
2020-03-06,2020-03-05,122,TRIM,BHARTIARTL,11.00,488.7739,5376.51,2020-02-06,505.1057,505.1057,505.1057,263.00,-179.65,,386928.19,"Re-sized to target allocation (rank 3 of 136, in top.n selection)"
2020-03-06,2020-03-05,122,ENTRY,IRCTC,497.00,258.9506,128698.44,2020-03-06,258.9506,0.0000,258.9506,497.00,,,258229.74,Entered: rank 2 of 136 (top.n=5)
2020-03-06,2020-03-05,122,ENTRY,SRF,170.00,753.1186,128030.16,2020-03-06,753.1186,0.0000,753.1186,170.00,,,130199.58,"Entered: rank 6 of 136 (top.n=5, higher-ranked names skipped by sector cap)"
2020-03-06,2020-03-05,122,ENTRY,TIINDIA,256.00,502.4616,128630.16,2020-03-06,502.4616,0.0000,502.4616,256.00,,,1569.42,Entered: rank 5 of 136 (top.n=5)
2020-04-08,2020-04-07,123,EXIT,AUBANK,227.00,229.2299,52035.19,2020-02-06,549.2173,549.2173,0.0000,0.00,-72637.14,-72637.14,53604.61,"Rank 108 of 136, below exit rank 5"
2020-04-08,2020-04-07,123,EXIT,SRF,170.00,561.4156,95440.66,2020-03-06,753.1186,753.1186,0.0000,0.00,-32589.50,-32589.50,149045.27,"Rank 24 of 136, below exit rank 5"
2020-04-08,2020-04-07,123,EXIT,TIINDIA,256.00,280.2099,71733.73,2020-03-06,502.4616,502.4616,0.0000,0.00,-56896.43,-56896.43,220779.00,"Rank 90 of 136, below exit rank 5"
2020-04-08,2020-04-07,123,TRIM,BHARTIARTL,62.00,447.8028,27763.78,2020-02-06,505.1057,505.1057,505.1057,201.00,-3552.78,,248542.78,"Re-sized to target allocation (rank 9 of 136, in top.n selection)"
2020-04-08,2020-04-07,123,TRIM,IRCTC,100.00,227.4902,22749.02,2020-03-06,258.9506,258.9506,258.9506,397.00,-3146.04,,271291.79,"Re-sized to target allocation (rank 1 of 136, in top.n selection)"
2020-04-08,2020-04-07,123,ENTRY,DIXON,119.00,753.7759,89699.33,2020-04-08,753.7759,0.0000,753.7759,119.00,,,181592.46,"Entered: rank 6 of 136 (top.n=5, higher-ranked names skipped by sector cap)"
2020-04-08,2020-04-07,123,ENTRY,DRREDDY,133.00,674.5344,89713.07,2020-04-08,674.5344,0.0000,674.5344,133.00,,,91879.39,Entered: rank 2 of 136 (top.n=5)
2020-04-08,2020-04-07,123,ENTRY,NESTLEIND,116.00,774.2828,89816.80,2020-04-08,774.2828,0.0000,774.2828,116.00,,,2062.59,Entered: rank 3 of 136 (top.n=5)
2020-05-11,2020-05-08,124,EXIT,DIXON,119.00,857.2705,102015.19,2020-04-08,753.7759,753.7759,0.0000,0.00,12315.86,12315.86,104077.78,"Rank 15 of 137, below exit rank 5"
2020-05-11,2020-05-08,124,EXIT,DRREDDY,133.00,761.1810,101237.07,2020-04-08,674.5344,674.5344,0.0000,0.00,11524.00,11524.00,205314.85,"Rank 3 of 137, within exit rank 5 but not reselected (sector cap or book capacity)"
2020-05-11,2020-05-08,124,TRIM,BHARTIARTL,2.00,503.2175,1006.44,2020-02-06,505.1057,505.1057,505.1057,199.00,-3.78,,206321.29,"Re-sized to target allocation (rank 10 of 137, in top.n selection)"
2020-05-11,2020-05-08,124,ADD,IRCTC,6.00,248.3209,1489.93,2020-03-06,258.9506,258.9506,258.7923,403.00,,,204831.36,"Re-sized to target allocation (rank 2 of 137, in top.n selection)"
2020-05-11,2020-05-08,124,ADD,NESTLEIND,5.00,826.3665,4131.83,2020-04-08,774.2828,774.2828,776.4350,121.00,,,200699.53,"Re-sized to target allocation (rank 8 of 137, in top.n selection)"
2020-05-11,2020-05-08,124,ENTRY,AUROPHARMA,159.00,629.1093,100028.39,2020-05-11,629.1093,0.0000,629.1093,159.00,,,100671.14,Entered: rank 1 of 137 (top.n=5)
2020-05-11,2020-05-08,124,ENTRY,SUZLON,41171.00,2.4333,100180.04,2020-05-11,2.4333,0.0000,2.4333,41171.00,,,491.10,Entered: rank 5 of 137 (top.n=5)
2020-06-09,2020-06-08,125,EXIT,BHARTIARTL,199.00,547.5400,108960.46,2020-02-06,505.1057,505.1057,0.0000,0.00,8444.43,8444.43,109451.56,"Rank 12 of 137, below exit rank 5"
2020-06-09,2020-06-08,125,EXIT,NESTLEIND,121.00,774.3756,93699.45,2020-04-08,774.2828,776.4350,0.0000,0.00,-249.19,11.23,203151.01,"Rank 14 of 137, below exit rank 5"
2020-06-09,2020-06-08,125,ADD,AUROPHARMA,5.00,729.6122,3648.06,2020-05-11,629.1093,629.1093,632.1735,164.00,,,199502.95,"Re-sized to target allocation (rank 4 of 137, in top.n selection)"
2020-06-09,2020-06-08,125,ADD,IRCTC,4.00,294.5066,1178.03,2020-03-06,258.9506,258.7923,259.1433,407.00,,,198324.92,"Re-sized to target allocation (rank 3 of 137, in top.n selection)"
2020-06-09,2020-06-08,125,TRIM,SUZLON,10758.00,3.9483,42476.03,2020-05-11,2.4333,2.4333,2.4333,30413.00,16298.94,,240800.94,"Re-sized to target allocation (rank 2 of 137, in top.n selection)"
2020-06-09,2020-06-08,125,ENTRY,DIXON,119.00,1006.9888,119831.67,2020-06-09,1006.9888,0.0000,1006.9888,119.00,,,120969.27,"Entered: rank 9 of 137 (top.n=5, higher-ranked names skipped by sector cap)"
2020-06-09,2020-06-08,125,ENTRY,IDEA,9723.00,12.3500,120079.05,2020-06-09,12.3500,0.0000,12.3500,9723.00,,,890.22,Entered: rank 1 of 137 (top.n=5)
2020-07-07,2020-07-06,126,EXIT,AUROPHARMA,164.00,743.9146,122002.00,2020-05-11,629.1093,632.1735,0.0000,0.00,18325.55,18828.06,122892.21,"Rank 8 of 137, below exit rank 5"
2020-07-07,2020-07-06,126,EXIT,IRCTC,407.00,268.5992,109319.88,2020-03-06,258.9506,259.1433,0.0000,0.00,3848.54,3926.99,232212.09,"Rank 107 of 137, below exit rank 5"
2020-07-07,2020-07-06,126,TRIM,DIXON,16.00,1191.4843,19063.75,2020-06-09,1006.9888,1006.9888,1006.9888,103.00,2951.93,,251275.84,"Re-sized to target allocation (rank 6 of 137, in top.n selection)"
2020-07-07,2020-07-06,126,ADD,IDEA,2874.00,9.8000,28165.20,2020-06-09,12.3500,12.3500,11.7682,12597.00,,,223110.64,"Re-sized to target allocation (rank 2 of 137, in top.n selection)"
2020-07-07,2020-07-06,126,TRIM,SUZLON,5045.00,4.8665,24551.67,2020-05-11,2.4333,2.4333,2.4333,25368.00,12275.83,,247662.31,"Re-sized to target allocation (rank 1 of 137, in top.n selection)"
2020-07-07,2020-07-06,126,ENTRY,CIPLA,202.00,608.7620,122969.92,2020-07-07,608.7620,0.0000,608.7620,202.00,,,124692.38,Entered: rank 5 of 137 (top.n=5)
2020-07-07,2020-07-06,126,ENTRY,RELIANCE,147.00,839.5008,123406.61,2020-07-07,839.5008,0.0000,839.5008,147.00,,,1285.77,"Entered: rank 10 of 137 (top.n=5, higher-ranked names skipped by sector cap)"
2020-08-04,2020-08-03,127,EXIT,CIPLA,202.00,675.6070,136472.62,2020-07-07,608.7620,608.7620,0.0000,0.00,13502.69,13502.69,137758.39,"Rank 16 of 138, below exit rank 5"
2020-08-04,2020-08-03,127,EXIT,IDEA,12597.00,8.7000,109593.90,2020-06-09,12.3500,11.7682,0.0000,0.00,-38650.36,-45979.06,247352.28,"Rank 4 of 138, within exit rank 5 but not reselected (sector cap or book capacity)"
2020-08-04,2020-08-03,127,EXIT,SUZLON,25368.00,4.0401,102490.30,2020-05-11,2.4333,2.4333,0.0000,0.00,40763.18,40763.18,349842.58,"Rank 8 of 138, below exit rank 5"
2020-08-04,2020-08-03,127,TRIM,DIXON,23.00,1624.0082,37352.19,2020-06-09,1006.9888,1006.9888,1006.9888,80.00,14191.45,,387194.77,"Re-sized to target allocation (rank 5 of 138, in top.n selection)"
2020-08-04,2020-08-03,127,TRIM,RELIANCE,5.00,911.9866,4559.93,2020-07-07,839.5008,839.5008,839.5008,142.00,362.43,,391754.71,"Re-sized to target allocation (rank 9 of 138, in top.n selection)"
2020-08-04,2020-08-03,127,ENTRY,BDL,690.00,188.6712,130183.10,2020-08-04,188.6712,0.0000,188.6712,690.00,,,261571.60,"Entered: rank 6 of 138 (top.n=5, higher-ranked names skipped by sector cap)"
2020-08-04,2020-08-03,127,ENTRY,LAURUSLABS,657.00,197.9975,130084.37,2020-08-04,197.9975,0.0000,197.9975,657.00,,,131487.23,Entered: rank 2 of 138 (top.n=5)
2020-08-04,2020-08-03,127,ENTRY,TATACOMM,172.00,754.2811,129736.35,2020-08-04,754.2811,0.0000,754.2811,172.00,,,1750.88,Entered: rank 1 of 138 (top.n=5)
2020-09-01,2020-08-31,128,EXIT,BDL,690.00,176.9782,122114.97,2020-08-04,188.6712,188.6712,0.0000,0.00,-8068.13,-8068.13,123865.86,"Rank 13 of 139, below exit rank 5"
2020-09-01,2020-08-31,128,EXIT,DIXON,80.00,1592.1024,127368.19,2020-06-09,1006.9888,1006.9888,0.0000,0.00,46809.09,46809.09,251234.05,"Rank 9 of 139, below exit rank 5"
2020-09-01,2020-08-31,128,EXIT,RELIANCE,142.00,947.8233,134590.91,2020-07-07,839.5008,839.5008,0.0000,0.00,15381.80,15381.80,385824.95,"Rank 35 of 139, below exit rank 5"
2020-09-01,2020-08-31,128,EXIT,TATACOMM,172.00,801.0568,137781.76,2020-08-04,754.2811,754.2811,0.0000,0.00,8045.41,8045.41,523606.72,"Rank 2 of 139, within exit rank 5 but not reselected (sector cap or book capacity)"
2020-09-01,2020-08-31,128,TRIM,LAURUSLABS,51.00,220.3237,11236.51,2020-08-04,197.9975,197.9975,197.9975,606.00,1138.63,,534843.22,"Re-sized to target allocation (rank 3 of 139, in top.n selection)"
2020-09-01,2020-08-31,128,ENTRY,ADANIENT,478.00,279.1469,133432.20,2020-09-01,279.1469,0.0000,279.1469,478.00,,,401411.03,Entered: rank 4 of 139 (top.n=5)
2020-09-01,2020-08-31,128,ENTRY,IDEA,12377.00,10.8000,133671.60,2020-09-01,10.8000,0.0000,10.8000,12377.00,,,267739.43,Entered: rank 1 of 139 (top.n=5)
2020-09-01,2020-08-31,128,ENTRY,PERSISTENT,293.00,455.8941,133576.98,2020-09-01,455.8941,0.0000,455.8941,293.00,,,134162.44,Entered: rank 5 of 139 (top.n=5)
2020-09-01,2020-08-31,128,ENTRY,TATAPOWER,2349.00,56.9040,133667.39,2020-09-01,56.9040,0.0000,56.9040,2349.00,,,495.05,"Entered: rank 6 of 139 (top.n=5, higher-ranked names skipped by sector cap)"
2020-09-29,2020-09-28,129,EXIT,IDEA,12377.00,10.1000,125007.70,2020-09-01,10.8000,10.8000,0.0000,0.00,-8663.90,-8663.90,125502.76,"Rank 8 of 139, below exit rank 5"
2020-09-29,2020-09-28,129,EXIT,PERSISTENT,293.00,612.3470,179417.67,2020-09-01,455.8941,455.8941,0.0000,0.00,45840.69,45840.69,304920.43,"Rank 3 of 139, within exit rank 5 but not reselected (sector cap or book capacity)"
2020-09-29,2020-09-28,129,EXIT,TATAPOWER,2349.00,52.0347,122229.40,2020-09-01,56.9040,56.9040,0.0000,0.00,-11437.99,-11437.99,427149.83,"Rank 26 of 139, below exit rank 5"
2020-09-29,2020-09-28,129,ADD,ADANIENT,21.00,299.0396,6279.83,2020-09-01,279.1469,279.1469,279.9840,499.00,,,420870.00,"Re-sized to target allocation (rank 4 of 139, in top.n selection)"
2020-09-29,2020-09-28,129,TRIM,LAURUSLABS,96.00,292.7857,28107.43,2020-08-04,197.9975,197.9975,197.9975,510.00,9099.67,,448977.43,"Re-sized to target allocation (rank 1 of 139, in top.n selection)"
2020-09-29,2020-09-28,129,ENTRY,APLAPOLLO,540.00,276.5014,149310.74,2020-09-29,276.5014,0.0000,276.5014,540.00,,,299666.68,Entered: rank 5 of 139 (top.n=5)
2020-09-29,2020-09-28,129,ENTRY,KPITTECH,1383.00,108.0394,149418.45,2020-09-29,108.0394,0.0000,108.0394,1383.00,,,150248.23,Entered: rank 2 of 139 (top.n=5)
2020-09-29,2020-09-28,129,ENTRY,TIINDIA,241.00,618.6401,149092.26,2020-09-29,618.6401,0.0000,618.6401,241.00,,,1155.97,"Entered: rank 6 of 139 (top.n=5, higher-ranked names skipped by sector cap)"
2020-10-28,2020-10-27,130,EXIT,KPITTECH,1383.00,94.2327,130323.89,2020-09-29,108.0394,108.0394,0.0000,0.00,-19094.57,-19094.57,131479.85,"Rank 10 of 139, below exit rank 5"
2020-10-28,2020-10-27,130,EXIT,TIINDIA,241.00,641.6114,154628.34,2020-09-29,618.6401,618.6401,0.0000,0.00,5536.07,5536.07,286108.19,"Rank 16 of 139, below exit rank 5"
2020-10-28,2020-10-27,130,TRIM,ADANIENT,9.00,312.8997,2816.10,2020-09-01,279.1469,279.9840,279.9840,490.00,296.24,,288924.29,"Re-sized to target allocation (rank 2 of 139, in top.n selection)"
2020-10-28,2020-10-27,130,TRIM,APLAPOLLO,32.00,302.2748,9672.79,2020-09-29,276.5014,276.5014,276.5014,508.00,824.75,,298597.08,"Re-sized to target allocation (rank 5 of 139, in top.n selection)"
2020-10-28,2020-10-27,130,TRIM,LAURUSLABS,28.00,318.4901,8917.72,2020-08-04,197.9975,197.9975,197.9975,482.00,3373.79,,307514.80,"Re-sized to target allocation (rank 1 of 139, in top.n selection)"
2020-10-28,2020-10-27,130,ENTRY,DIXON,80.00,1904.1815,152334.52,2020-10-28,1904.1815,0.0000,1904.1815,80.00,,,155180.28,"Entered: rank 8 of 139 (top.n=5, higher-ranked names skipped by sector cap)"
2020-10-28,2020-10-27,130,ENTRY,PERSISTENT,272.00,563.9218,153386.72,2020-10-28,563.9218,0.0000,563.9218,272.00,,,1793.56,Entered: rank 3 of 139 (top.n=5)
2020-11-25,2020-11-24,131,EXIT,DIXON,80.00,2187.5452,175003.62,2020-10-28,1904.1815,1904.1815,0.0000,0.00,22669.09,22669.09,176797.18,"Rank 19 of 140, below exit rank 5"
2020-11-25,2020-11-24,131,EXIT,PERSISTENT,272.00,589.8025,160426.28,2020-10-28,563.9218,563.9218,0.0000,0.00,7039.56,7039.56,337223.46,"Rank 11 of 140, below exit rank 5"
2020-11-25,2020-11-24,131,TRIM,ADANIENT,80.00,407.7767,32622.14,2020-09-01,279.1469,279.9840,279.9840,410.00,10223.42,,369845.60,"Re-sized to target allocation (rank 1 of 140, in top.n selection)"
2020-11-25,2020-11-24,131,ADD,APLAPOLLO,20.00,316.3946,6327.89,2020-09-29,276.5014,276.5014,278.0125,528.00,,,363517.71,"Re-sized to target allocation (rank 4 of 140, in top.n selection)"
2020-11-25,2020-11-24,131,ADD,LAURUSLABS,100.00,286.7996,28679.96,2020-08-04,197.9975,197.9975,213.2556,582.00,,,334837.75,"Re-sized to target allocation (rank 3 of 140, in top.n selection)"
2020-11-25,2020-11-24,131,ENTRY,ATGL,490.00,341.0355,167107.40,2020-11-25,341.0355,0.0000,341.0355,490.00,,,167730.35,Entered: rank 2 of 140 (top.n=5)
2020-11-25,2020-11-24,131,ENTRY,INDIGO,101.00,1652.7071,166923.42,2020-11-25,1652.7071,0.0000,1652.7071,101.00,,,806.93,"Entered: rank 6 of 140 (top.n=5, higher-ranked names skipped by sector cap)"
2020-12-24,2020-12-23,132,EXIT,APLAPOLLO,528.00,375.8414,198444.26,2020-09-29,276.5014,278.0125,0.0000,0.00,51653.67,52451.54,199251.19,"Rank 6 of 140, below exit rank 5"
2020-12-24,2020-12-23,132,EXIT,INDIGO,101.00,1647.2163,166368.85,2020-11-25,1652.7071,1652.7071,0.0000,0.00,-554.57,-554.57,365620.04,"Rank 30 of 140, below exit rank 5"
2020-12-24,2020-12-23,132,TRIM,ADANIENT,7.00,463.6659,3245.66,2020-09-01,279.1469,279.9840,279.9840,403.00,1285.77,,368865.70,"Re-sized to target allocation (rank 2 of 140, in top.n selection)"
2020-12-24,2020-12-23,132,ADD,ATGL,14.00,370.6365,5188.91,2020-11-25,341.0355,341.0355,341.8578,504.00,,,363676.79,"Re-sized to target allocation (rank 1 of 140, in top.n selection)"
2020-12-24,2020-12-23,132,TRIM,LAURUSLABS,33.00,340.8201,11247.06,2020-08-04,197.9975,213.2556,213.2556,549.00,4209.63,,374923.85,"Re-sized to target allocation (rank 5 of 140, in top.n selection)"
2020-12-24,2020-12-23,132,ENTRY,INDUSINDBK,225.00,831.0908,186995.44,2020-12-24,831.0908,0.0000,831.0908,225.00,,,187928.42,Entered: rank 4 of 140 (top.n=5)
2020-12-24,2020-12-23,132,ENTRY,TATAELXSI,111.00,1678.3429,186296.06,2020-12-24,1678.3429,0.0000,1678.3429,111.00,,,1632.36,Entered: rank 3 of 140 (top.n=5)
2021-01-22,2021-01-21,133,EXIT,ATGL,504.00,356.1605,179504.87,2020-11-25,341.0355,341.8578,0.0000,0.00,7208.56,7622.97,181137.23,"Rank 6 of 141, below exit rank 5"
2021-01-22,2021-01-21,133,EXIT,INDUSINDBK,225.00,896.6525,201746.81,2020-12-24,831.0908,831.0908,0.0000,0.00,14751.37,14751.37,382884.03,"Rank 27 of 141, below exit rank 5"
2021-01-22,2021-01-21,133,EXIT,LAURUSLABS,549.00,364.8838,200321.19,2020-08-04,197.9975,213.2556,0.0000,0.00,83243.86,91620.55,583205.23,"Rank 47 of 141, below exit rank 5"
2021-01-22,2021-01-21,133,TRIM,ADANIENT,2.00,532.5178,1065.04,2020-09-01,279.1469,279.9840,279.9840,401.00,505.07,,584270.26,"Re-sized to target allocation (rank 5 of 141, in top.n selection)"
2021-01-22,2021-01-21,133,TRIM,TATAELXSI,24.00,2439.6451,58551.48,2020-12-24,1678.3429,1678.3429,1678.3429,87.00,18271.25,,642821.75,"Re-sized to target allocation (rank 1 of 141, in top.n selection)"
2021-01-22,2021-01-21,133,ENTRY,SHRIRAMFIN,971.00,220.0627,213680.84,2021-01-22,220.0627,0.0000,220.0627,971.00,,,429140.91,Entered: rank 4 of 141 (top.n=5)
2021-01-22,2021-01-21,133,ENTRY,SUZLON,35535.00,6.0143,213718.18,2021-01-22,6.0143,0.0000,6.0143,35535.00,,,215422.73,Entered: rank 2 of 141 (top.n=5)
2021-01-22,2021-01-21,133,ENTRY,TMPV,741.00,288.3239,213648.05,2021-01-22,288.3239,0.0000,288.3239,741.00,,,1774.68,Entered: rank 3 of 141 (top.n=5)
2021-02-22,2021-02-19,134,EXIT,SHRIRAMFIN,971.00,256.7397,249294.22,2021-01-22,220.0627,220.0627,0.0000,0.00,35613.38,35613.38,251068.90,"Rank 5 of 141, within exit rank 5 but not reselected (sector cap or book capacity)"
2021-02-22,2021-02-19,134,EXIT,SUZLON,35535.00,4.7747,169669.39,2021-01-22,6.0143,6.0143,0.0000,0.00,-44048.79,-44048.79,420738.29,"Rank 15 of 141, below exit rank 5"
2021-02-22,2021-02-19,134,EXIT,TATAELXSI,87.00,2560.9735,222804.69,2020-12-24,1678.3429,1678.3429,0.0000,0.00,76788.86,76788.86,643542.98,"Rank 13 of 141, below exit rank 5"
2021-02-22,2021-02-19,134,TRIM,ADANIENT,100.00,783.7450,78374.50,2020-09-01,279.1469,279.9840,279.9840,301.00,50376.09,,721917.48,"Re-sized to target allocation (rank 2 of 141, in top.n selection)"
2021-02-22,2021-02-19,134,ADD,TMPV,36.00,304.3988,10958.36,2021-01-22,288.3239,288.3239,289.0687,777.00,,,710959.12,"Re-sized to target allocation (rank 4 of 141, in top.n selection)"
2021-02-22,2021-02-19,134,ENTRY,ATGL,471.00,501.6696,236286.37,2021-02-22,501.6696,0.0000,501.6696,471.00,,,474672.75,Entered: rank 1 of 141 (top.n=5)
2021-02-22,2021-02-19,134,ENTRY,DIXON,60.00,3893.5119,233610.71,2021-02-22,3893.5119,0.0000,3893.5119,60.00,,,241062.04,"Entered: rank 7 of 141 (top.n=5, higher-ranked names skipped by sector cap)"
2021-02-22,2021-02-19,134,ENTRY,INDIANB,1974.00,119.8637,236611.01,2021-02-22,119.8637,0.0000,119.8637,1974.00,,,4451.03,Entered: rank 3 of 141 (top.n=5)
2021-03-23,2021-03-22,135,EXIT,INDIANB,1974.00,103.3825,204076.97,2021-02-22,119.8637,119.8637,0.0000,0.00,-32534.04,-32534.04,208528.00,"Rank 7 of 141, below exit rank 5"
2021-03-23,2021-03-22,135,TRIM,ADANIENT,26.00,996.1338,25899.48,2020-09-01,279.1469,279.9840,279.9840,275.00,18619.89,,234427.47,"Re-sized to target allocation (rank 2 of 141, in top.n selection)"
2021-03-23,2021-03-22,135,TRIM,ATGL,141.00,831.6234,117258.90,2021-02-22,501.6696,501.6696,501.6696,330.00,46523.49,,351686.37,"Re-sized to target allocation (rank 1 of 141, in top.n selection)"
2021-03-23,2021-03-22,135,ADD,DIXON,7.00,4041.7241,28292.07,2021-02-22,3893.5119,3893.5119,3908.9968,67.00,,,323394.30,"Re-sized to target allocation (rank 3 of 141, in top.n selection)"
2021-03-23,2021-03-22,135,ADD,TMPV,147.00,297.1407,43679.69,2021-01-22,288.3239,289.0687,290.3529,924.00,,,279714.62,"Re-sized to target allocation (rank 4 of 141, in top.n selection)"
2021-03-23,2021-03-22,135,ENTRY,APLAPOLLO,438.00,625.7883,274095.26,2021-03-23,625.7883,0.0000,625.7883,438.00,,,5619.36,Entered: rank 5 of 141 (top.n=5)
2021-04-26,2021-04-23,136,EXIT,DIXON,67.00,3878.5558,259863.24,2021-02-22,3893.5119,3908.9968,0.0000,0.00,-2039.54,-1002.06,265482.60,"Rank 9 of 141, below exit rank 5"
2021-04-26,2021-04-23,136,TRIM,ADANIENT,15.00,1156.6718,17350.08,2020-09-01,279.1469,279.9840,279.9840,260.00,13150.32,,282832.67,"Re-sized to target allocation (rank 2 of 141, in top.n selection)"
2021-04-26,2021-04-23,136,ADD,APLAPOLLO,38.00,633.2805,24064.66,2021-03-23,625.7883,625.7883,626.3864,476.00,,,258768.01,"Re-sized to target allocation (rank 7 of 141, in top.n selection)"
2021-04-26,2021-04-23,136,TRIM,ATGL,68.00,1149.1976,78145.44,2021-02-22,501.6696,501.6696,501.6696,262.00,44031.90,,336913.45,"Re-sized to target allocation (rank 1 of 141, in top.n selection)"
2021-04-26,2021-04-23,136,ADD,TMPV,118.00,289.3469,34142.93,2021-01-22,288.3239,290.3529,290.2390,1042.00,,,302770.52,"Re-sized to target allocation (rank 8 of 141, in top.n selection)"
2021-04-26,2021-04-23,136,ENTRY,TATAELXSI,98.00,3060.3972,299918.93,2021-04-26,3060.3972,0.0000,3060.3972,98.00,,,2851.59,Entered: rank 3 of 141 (top.n=5)
2021-05-25,2021-05-24,137,EXIT,APLAPOLLO,476.00,616.0851,293256.53,2021-03-23,625.7883,626.3864,0.0000,0.00,-4903.39,-4618.69,296108.12,"Rank 30 of 141, below exit rank 5"
2021-05-25,2021-05-24,137,EXIT,TATAELXSI,98.00,3376.2823,330875.66,2021-04-26,3060.3972,3060.3972,0.0000,0.00,30956.73,30956.73,626983.78,"Rank 5 of 141, within exit rank 5 but not reselected (sector cap or book capacity)"
2021-05-25,2021-05-24,137,EXIT,TMPV,1042.00,307.4188,320330.44,2021-01-22,288.3239,290.2390,0.0000,0.00,17901.42,19896.88,947314.22,"Rank 12 of 141, below exit rank 5"
2021-05-25,2021-05-24,137,TRIM,ADANIENT,10.00,1310.5791,13105.79,2020-09-01,279.1469,279.9840,279.9840,250.00,10305.95,,960420.01,"Re-sized to target allocation (rank 2 of 141, in top.n selection)"
2021-05-25,2021-05-24,137,TRIM,ATGL,18.00,1337.7857,24080.14,2021-02-22,501.6696,501.6696,501.6696,244.00,15050.09,,984500.15,"Re-sized to target allocation (rank 1 of 141, in top.n selection)"
2021-05-25,2021-05-24,137,ENTRY,BHEL,4554.00,71.9506,327662.87,2021-05-25,71.9506,0.0000,71.9506,4554.00,,,656837.28,Entered: rank 3 of 141 (top.n=5)
2021-05-25,2021-05-24,137,ENTRY,JSWENERGY,2892.00,113.2861,327623.51,2021-05-25,113.2861,0.0000,113.2861,2892.00,,,329213.78,"Entered: rank 6 of 141 (top.n=5, higher-ranked names skipped by sector cap)"
2021-05-25,2021-05-24,137,ENTRY,KPITTECH,1374.00,238.3818,327536.60,2021-05-25,238.3818,0.0000,238.3818,1374.00,,,1677.18,Entered: rank 4 of 141 (top.n=5)
2021-06-22,2021-06-21,138,TRIM,ADANIENT,17.00,1549.5915,26343.06,2020-09-01,279.1469,279.9840,279.9840,233.00,21583.33,,28020.23,"Re-sized to target allocation (rank 2 of 141, in top.n selection)"
2021-06-22,2021-06-21,138,ADD,ATGL,18.00,1376.7212,24780.98,2021-02-22,501.6696,501.6696,561.7876,262.00,,,3239.25,"Re-sized to target allocation (rank 1 of 141, in top.n selection)"
2021-06-22,2021-06-21,138,ADD,BHEL,779.00,67.8686,52869.65,2021-05-25,71.9506,71.9506,71.3543,5333.00,,,-49630.40,"Re-sized to target allocation (rank 6 of 141, in top.n selection)"
2021-06-22,2021-06-21,138,TRIM,JSWENERGY,550.00,154.5602,85008.10,2021-05-25,113.2861,113.2861,113.2861,2342.00,22700.72,,35377.70,"Re-sized to target allocation (rank 3 of 141, in top.n selection)"
2021-06-22,2021-06-21,138,ADD,KPITTECH,137.00,239.4438,32803.81,2021-05-25,238.3818,238.3818,238.4781,1511.00,,,2573.89,"Re-sized to target allocation (rank 5 of 141, in top.n selection)"
2021-07-20,2021-07-19,139,EXIT,ADANIENT,233.00,1337.0154,311524.58,2020-09-01,279.1469,279.9840,0.0000,0.00,246288.30,246483.36,314098.47,"Rank 13 of 141, below exit rank 5"
2021-07-20,2021-07-19,139,EXIT,ATGL,262.00,811.0615,212498.11,2021-02-22,501.6696,561.7876,0.0000,0.00,65309.76,81060.69,526596.59,"Rank 44 of 141, below exit rank 5"
2021-07-20,2021-07-19,139,EXIT,BHEL,5333.00,63.2949,337551.47,2021-05-25,71.9506,71.3543,0.0000,0.00,-42981.05,-46160.89,864148.06,"Rank 48 of 141, below exit rank 5"
2021-07-20,2021-07-19,139,TRIM,JSWENERGY,554.00,190.4212,105493.36,2021-05-25,113.2861,113.2861,113.2861,1788.00,42732.84,,969641.41,"Re-sized to target allocation (rank 2 of 141, in top.n selection)"
2021-07-20,2021-07-19,139,TRIM,KPITTECH,200.00,259.7193,51943.86,2021-05-25,238.3818,238.4781,238.4781,1311.00,4248.24,,1021585.27,"Re-sized to target allocation (rank 4 of 141, in top.n selection)"
2021-07-20,2021-07-19,139,ENTRY,BSE,2415.00,140.9971,340507.95,2021-07-20,140.9971,0.0000,140.9971,2415.00,,,681077.32,Entered: rank 1 of 141 (top.n=5)
2021-07-20,2021-07-19,139,ENTRY,LAURUSLABS,519.00,654.9408,339914.30,2021-07-20,654.9408,0.0000,654.9408,519.00,,,341163.02,Entered: rank 3 of 141 (top.n=5)
2021-07-20,2021-07-19,139,ENTRY,TATASTEEL,3104.00,109.6920,340483.87,2021-07-20,109.6920,0.0000,109.6920,3104.00,,,679.15,"Entered: rank 6 of 141 (top.n=5, higher-ranked names skipped by sector cap)"
2021-08-18,2021-08-17,140,EXIT,LAURUSLABS,519.00,688.6260,357396.89,2021-07-20,654.9408,654.9408,0.0000,0.00,17482.59,17482.59,358076.04,"Rank 6 of 142, below exit rank 5"
2021-08-18,2021-08-17,140,ADD,BSE,943.00,114.7339,108194.02,2021-07-20,140.9971,140.9971,133.6218,3358.00,,,249882.02,"Re-sized to target allocation (rank 3 of 142, in top.n selection)"
2021-08-18,2021-08-17,140,TRIM,JSWENERGY,181.00,239.7743,43399.15,2021-05-25,113.2861,113.2861,113.2861,1607.00,22894.36,,293281.17,"Re-sized to target allocation (rank 1 of 142, in top.n selection)"
2021-08-18,2021-08-17,140,TRIM,KPITTECH,211.00,350.0483,73860.18,2021-05-25,238.3818,238.4781,238.4781,1100.00,23541.31,,367141.35,"Re-sized to target allocation (rank 2 of 142, in top.n selection)"
2021-08-18,2021-08-17,140,TRIM,TATASTEEL,144.00,130.1687,18744.29,2021-07-20,109.6920,109.6920,109.6920,2960.00,2948.65,,385885.64,"Re-sized to target allocation (rank 5 of 142, in top.n selection)"
2021-08-18,2021-08-17,140,ENTRY,RADICO,423.00,910.2390,385031.09,2021-08-18,910.2390,0.0000,910.2390,423.00,,,854.55,Entered: rank 4 of 142 (top.n=5)
2021-09-17,2021-09-16,141,EXIT,KPITTECH,1100.00,316.9828,348681.10,2021-05-25,238.3818,238.4781,0.0000,0.00,86355.19,86461.12,349535.65,"Rank 11 of 142, below exit rank 5"
2021-09-17,2021-09-16,141,EXIT,RADICO,423.00,902.9364,381942.12,2021-08-18,910.2390,910.2390,0.0000,0.00,-3088.98,-3088.98,731477.77,"Rank 10 of 142, below exit rank 5"
2021-09-17,2021-09-16,141,EXIT,TATASTEEL,2960.00,123.9209,366805.81,2021-07-20,109.6920,109.6920,0.0000,0.00,42117.58,42117.58,1098283.57,"Rank 61 of 142, below exit rank 5"
2021-09-17,2021-09-16,141,TRIM,BSE,258.00,130.9278,33779.38,2021-07-20,140.9971,133.6218,133.6218,3100.00,-695.04,,1132062.96,"Re-sized to target allocation (rank 4 of 142, in top.n selection)"
2021-09-17,2021-09-16,141,TRIM,JSWENERGY,281.00,306.0534,86001.01,2021-05-25,113.2861,113.2861,113.2861,1326.00,54167.61,,1218063.97,"Re-sized to target allocation (rank 1 of 142, in top.n selection)"
2021-09-17,2021-09-16,141,ENTRY,IRCTC,556.00,729.0667,405361.08,2021-09-17,729.0667,0.0000,729.0667,556.00,,,812702.89,Entered: rank 2 of 142 (top.n=5)
2021-09-17,2021-09-16,141,ENTRY,MPHASIS,143.00,2832.6258,405065.49,2021-09-17,2832.6258,0.0000,2832.6258,143.00,,,407637.40,Entered: rank 5 of 142 (top.n=5)
2021-09-17,2021-09-16,141,ENTRY,SRF,181.00,2232.0359,403998.50,2021-09-17,2232.0359,0.0000,2232.0359,181.00,,,3638.91,Entered: rank 3 of 142 (top.n=5)
2021-10-18,2021-10-14,142,EXIT,BSE,3100.00,149.2387,462639.93,2021-07-20,140.9971,133.6218,0.0000,0.00,48412.37,25548.97,466278.84,"Rank 14 of 142, below exit rank 5"
2021-10-18,2021-10-14,142,TRIM,IRCTC,99.00,1069.0853,105839.44,2021-09-17,729.0667,729.0667,729.0667,457.00,33661.84,,572118.28,"Re-sized to target allocation (rank 2 of 142, in top.n selection)"
2021-10-18,2021-10-14,142,TRIM,JSWENERGY,77.00,391.7288,30163.12,2021-05-25,113.2861,113.2861,113.2861,1249.00,21440.09,,602281.39,"Re-sized to target allocation (rank 1 of 142, in top.n selection)"
2021-10-18,2021-10-14,142,ADD,MPHASIS,18.00,3021.9663,54395.39,2021-09-17,2832.6258,2832.6258,2853.7943,161.00,,,547886.00,"Re-sized to target allocation (rank 5 of 142, in top.n selection)"
2021-10-18,2021-10-14,142,ADD,SRF,22.00,2400.9642,52821.21,2021-09-17,2232.0359,2232.0359,2250.3434,203.00,,,495064.79,"Re-sized to target allocation (rank 6 of 142, in top.n selection)"
2021-10-18,2021-10-14,142,ENTRY,GODREJPROP,194.00,2512.8038,487483.95,2021-10-18,2512.8038,0.0000,2512.8038,194.00,,,7580.84,Entered: rank 4 of 142 (top.n=5)
2021-11-16,2021-11-15,143,EXIT,GODREJPROP,194.00,2332.6246,452529.18,2021-10-18,2512.8038,2512.8038,0.0000,0.00,-34954.77,-34954.77,460110.02,"Rank 8 of 142, below exit rank 5"
2021-11-16,2021-11-15,143,EXIT,MPHASIS,161.00,3070.8171,494401.55,2021-09-17,2832.6258,2853.7943,0.0000,0.00,34940.67,38348.80,954511.57,"Rank 7 of 142, below exit rank 5"
2021-11-16,2021-11-15,143,EXIT,SRF,203.00,2169.0507,440317.29,2021-09-17,2232.0359,2250.3434,0.0000,0.00,-16502.42,-12785.99,1394828.86,"Rank 18 of 142, below exit rank 5"
2021-11-16,2021-11-15,143,ADD,IRCTC,44.00,875.1058,38504.65,2021-09-17,729.0667,729.0667,741.8925,501.00,,,1356324.20,"Re-sized to target allocation (rank 1 of 142, in top.n selection)"
2021-11-16,2021-11-15,143,ADD,JSWENERGY,122.00,320.0889,39050.85,2021-05-25,113.2861,113.2861,131.6887,1371.00,,,1317273.35,"Re-sized to target allocation (rank 2 of 142, in top.n selection)"
2021-11-16,2021-11-15,143,ENTRY,ATGL,270.00,1623.6209,438377.65,2021-11-16,1623.6209,0.0000,1623.6209,270.00,,,878895.70,Entered: rank 4 of 142 (top.n=5)
2021-11-16,2021-11-15,143,ENTRY,KPITTECH,1070.00,409.9735,438671.66,2021-11-16,409.9735,0.0000,409.9735,1070.00,,,440224.05,"Entered: rank 6 of 142 (top.n=5, higher-ranked names skipped by sector cap)"
2021-11-16,2021-11-15,143,ENTRY,PRESTIGE,902.00,486.4665,438792.77,2021-11-16,486.4665,0.0000,486.4665,902.00,,,1431.28,Entered: rank 5 of 142 (top.n=5)
2021-12-15,2021-12-14,144,EXIT,JSWENERGY,1371.00,289.3861,396748.36,2021-05-25,113.2861,131.6887,0.0000,0.00,216203.13,241433.07,398179.64,"Rank 40 of 144, below exit rank 5"
2021-12-15,2021-12-14,144,EXIT,KPITTECH,1070.00,502.2853,537445.29,2021-11-16,409.9735,409.9735,0.0000,0.00,98773.64,98773.64,935624.93,"Rank 6 of 144, below exit rank 5"
2021-12-15,2021-12-14,144,EXIT,PRESTIGE,902.00,457.7780,412915.72,2021-11-16,486.4665,486.4665,0.0000,0.00,-25877.05,-25877.05,1348540.65,"Rank 23 of 144, below exit rank 5"
2021-12-15,2021-12-14,144,TRIM,ATGL,31.00,1893.2257,58690.00,2021-11-16,1623.6209,1623.6209,1623.6209,239.00,8357.75,,1407230.65,"Re-sized to target allocation (rank 2 of 144, in top.n selection)"
2021-12-15,2021-12-14,144,ADD,IRCTC,56.00,813.3763,45549.08,2021-09-17,729.0667,741.8925,749.0794,557.00,,,1361681.57,"Re-sized to target allocation (rank 5 of 144, in top.n selection)"
2021-12-15,2021-12-14,144,ENTRY,BSE,1847.00,245.4077,453267.99,2021-12-15,245.4077,0.0000,245.4077,1847.00,,,908413.58,Entered: rank 3 of 144 (top.n=5)
2021-12-15,2021-12-14,144,ENTRY,IDEA,29540.00,15.3500,453439.01,2021-12-15,15.3500,0.0000,15.3500,29540.00,,,454974.57,Entered: rank 1 of 144 (top.n=5)
2021-12-15,2021-12-14,144,ENTRY,TATAPOWER,2048.00,221.3652,453356.01,2021-12-15,221.3652,0.0000,221.3652,2048.00,,,1618.56,Entered: rank 4 of 144 (top.n=5)
2022-01-12,2022-01-11,145,EXIT,ATGL,239.00,1797.3663,429570.54,2021-11-16,1623.6209,1623.6209,0.0000,0.00,41525.13,41525.13,431189.10,"Rank 32 of 145, below exit rank 5"
2022-01-12,2022-01-11,145,EXIT,IDEA,29540.00,12.2000,360387.99,2021-12-15,15.3500,15.3500,0.0000,0.00,-93051.02,-93051.02,791577.09,"Rank 6 of 145, below exit rank 5"
2022-01-12,2022-01-11,145,EXIT,IRCTC,557.00,830.1944,462418.26,2021-09-17,729.0667,749.0794,0.0000,0.00,45181.05,56328.11,1253995.35,"Rank 8 of 145, below exit rank 5"
2022-01-12,2022-01-11,145,ADD,BSE,169.00,208.7225,35274.10,2021-12-15,245.4077,245.4077,242.3324,2016.00,,,1218721.25,"Re-sized to target allocation (rank 5 of 145, in top.n selection)"
2022-01-12,2022-01-11,145,TRIM,TATAPOWER,195.00,227.0685,44278.37,2021-12-15,221.3652,221.3652,221.3652,1853.00,1112.14,,1262999.61,"Re-sized to target allocation (rank 3 of 145, in top.n selection)"
2022-01-12,2022-01-11,145,ENTRY,KPITTECH,592.00,710.7629,420771.63,2022-01-12,710.7629,0.0000,710.7629,592.00,,,842227.98,Entered: rank 1 of 145 (top.n=5)
2022-01-12,2022-01-11,145,ENTRY,SUZLON,38199.00,11.0186,420898.24,2022-01-12,11.0186,0.0000,11.0186,38199.00,,,421329.73,Entered: rank 2 of 145 (top.n=5)
2022-01-12,2022-01-11,145,ENTRY,TMPV,854.00,492.8152,420864.17,2022-01-12,492.8152,0.0000,492.8152,854.00,,,465.56,Entered: rank 4 of 145 (top.n=5)
2022-02-10,2022-02-09,146,TRIM,BSE,294.00,238.5596,70136.53,2021-12-15,245.4077,242.3324,242.3324,1722.00,-1109.19,,70602.09,"Re-sized to target allocation (rank 1 of 145, in top.n selection)"
2022-02-10,2022-02-09,146,ADD,KPITTECH,102.00,591.7438,60357.87,2022-01-12,710.7629,710.7629,693.2702,694.00,,,10244.22,"Re-sized to target allocation (rank 2 of 145, in top.n selection)"
2022-02-10,2022-02-09,146,ADD,SUZLON,3810.00,9.7790,37257.91,2022-01-12,11.0186,11.0186,10.9061,42009.00,,,-27013.69,"Re-sized to target allocation (rank 3 of 145, in top.n selection)"
2022-02-10,2022-02-09,146,TRIM,TATAPOWER,72.00,230.5485,16599.49,2021-12-15,221.3652,221.3652,221.3652,1781.00,661.20,,-10414.19,"Re-sized to target allocation (rank 5 of 145, in top.n selection)"
2022-02-10,2022-02-09,146,TRIM,TMPV,22.00,493.6433,10860.15,2022-01-12,492.8152,492.8152,492.8152,832.00,18.22,,445.96,"Re-sized to target allocation (rank 4 of 145, in top.n selection)"
2022-03-11,2022-03-10,147,EXIT,SUZLON,42009.00,9.2740,389589.83,2022-01-12,11.0186,10.9061,0.0000,0.00,-68566.32,-73289.15,390035.79,"Rank 4 of 145, within exit rank 5 but not reselected (sector cap or book capacity)"
2022-03-11,2022-03-10,147,EXIT,TATAPOWER,1781.00,224.1686,399244.19,2021-12-15,221.3652,221.3652,0.0000,0.00,4992.70,4992.70,789279.98,"Rank 34 of 145, below exit rank 5"
2022-03-11,2022-03-10,147,EXIT,TMPV,832.00,402.9423,335248.01,2022-01-12,492.8152,492.8152,0.0000,0.00,-74774.23,-74774.23,1124527.99,"Rank 104 of 145, below exit rank 5"
2022-03-11,2022-03-10,147,TRIM,BSE,303.00,283.1302,85788.44,2021-12-15,245.4077,242.3324,242.3324,1419.00,12361.72,,1210316.43,"Re-sized to target allocation (rank 1 of 145, in top.n selection)"
2022-03-11,2022-03-10,147,ADD,KPITTECH,7.00,572.7963,4009.57,2022-01-12,710.7629,693.2702,692.0672,701.00,,,1206306.85,"Re-sized to target allocation (rank 2 of 145, in top.n selection)"
2022-03-11,2022-03-10,147,ENTRY,NATIONALUM,3968.00,101.2886,401912.97,2022-03-11,101.2886,0.0000,101.2886,3968.00,,,804393.88,Entered: rank 5 of 145 (top.n=5)
2022-03-11,2022-03-10,147,ENTRY,ONGC,3003.00,133.8043,401814.33,2022-03-11,133.8043,0.0000,133.8043,3003.00,,,402579.56,"Entered: rank 9 of 145 (top.n=5, higher-ranked names skipped by sector cap)"
2022-03-11,2022-03-10,147,ENTRY,POWERINDIA,119.00,3369.4871,400968.97,2022-03-11,3369.4871,0.0000,3369.4871,119.00,,,1610.59,Entered: rank 3 of 145 (top.n=5)
2022-04-11,2022-04-08,148,EXIT,KPITTECH,701.00,597.8653,419103.58,2022-01-12,710.7629,692.0672,0.0000,0.00,-66035.50,-79141.21,420714.17,"Rank 24 of 148, below exit rank 5"
2022-04-11,2022-04-08,148,EXIT,NATIONALUM,3968.00,104.9252,416343.18,2022-03-11,101.2886,101.2886,0.0000,0.00,14430.20,14430.20,837057.35,"Rank 7 of 148, below exit rank 5"
2022-04-11,2022-04-08,148,EXIT,ONGC,3003.00,132.6408,398320.26,2022-03-11,133.8043,133.8043,0.0000,0.00,-3494.06,-3494.06,1235377.61,"Rank 25 of 148, below exit rank 5"
2022-04-11,2022-04-08,148,EXIT,POWERINDIA,119.00,3461.0560,411865.67,2022-03-11,3369.4871,3369.4871,0.0000,0.00,10896.70,10896.70,1647243.28,"Rank 13 of 148, below exit rank 5"
2022-04-11,2022-04-08,148,ADD,BSE,17.00,285.7762,4858.20,2021-12-15,245.4077,242.3324,242.8467,1436.00,,,1642385.08,"Re-sized to target allocation (rank 3 of 148, in top.n selection)"
2022-04-11,2022-04-08,148,ENTRY,ATGL,166.00,2465.3878,409254.38,2022-04-11,2465.3878,0.0000,2465.3878,166.00,,,1233130.70,Entered: rank 4 of 148 (top.n=5)
2022-04-11,2022-04-08,148,ENTRY,BDL,1171.00,350.5749,410523.25,2022-04-11,350.5749,0.0000,350.5749,1171.00,,,822607.46,Entered: rank 1 of 148 (top.n=5)
2022-04-11,2022-04-08,148,ENTRY,NMDC,10834.00,37.8946,410550.36,2022-04-11,37.8946,0.0000,37.8946,10834.00,,,412057.09,"Entered: rank 6 of 148 (top.n=5, higher-ranked names skipped by sector cap)"
2022-04-11,2022-04-08,148,ENTRY,TATAELXSI,49.00,8284.1979,405925.70,2022-04-11,8284.1979,0.0000,8284.1979,49.00,,,6131.40,Entered: rank 5 of 148 (top.n=5)
2022-05-12,2022-05-11,149,EXIT,BSE,1436.00,230.2086,330579.58,2021-12-15,245.4077,242.8467,0.0000,0.00,-18148.27,-21825.85,336710.98,"Rank 21 of 148, below exit rank 5"
2022-05-12,2022-05-11,149,EXIT,NMDC,10834.00,30.8152,333851.54,2022-04-11,37.8946,37.8946,0.0000,0.00,-76698.82,-76698.82,670562.52,"Rank 16 of 148, below exit rank 5"
2022-05-12,2022-05-11,149,EXIT,TATAELXSI,49.00,6462.9655,316685.31,2022-04-11,8284.1979,8284.1979,0.0000,0.00,-89240.38,-89240.38,987247.83,"Rank 10 of 148, below exit rank 5"
2022-05-12,2022-05-11,149,TRIM,ATGL,19.00,2359.0435,44821.83,2022-04-11,2465.3878,2465.3878,2465.3878,147.00,-2020.54,,1032069.66,"Re-sized to target allocation (rank 2 of 148, in top.n selection)"
2022-05-12,2022-05-11,149,TRIM,BDL,54.00,312.0556,16851.00,2022-04-11,350.5749,350.5749,350.5749,1117.00,-2080.04,,1048920.66,"Re-sized to target allocation (rank 1 of 148, in top.n selection)"
2022-05-12,2022-05-11,149,ENTRY,ADANIENT,166.00,2098.3158,348320.43,2022-05-12,2098.3158,0.0000,2098.3158,166.00,,,700600.23,Entered: rank 5 of 148 (top.n=5)
2022-05-12,2022-05-11,149,ENTRY,AUBANK,555.00,628.1953,348648.42,2022-05-12,628.1953,0.0000,628.1953,555.00,,,351951.82,Entered: rank 4 of 148 (top.n=5)
2022-05-12,2022-05-11,149,ENTRY,NTPC,2646.00,131.8099,348769.06,2022-05-12,131.8099,0.0000,131.8099,2646.00,,,3182.76,Entered: rank 3 of 148 (top.n=5)
2022-06-09,2022-06-08,150,EXIT,AUBANK,555.00,631.1278,350275.91,2022-05-12,628.1953,628.1953,0.0000,0.00,1627.49,1627.49,353458.66,"Rank 53 of 149, below exit rank 5"
2022-06-09,2022-06-08,150,EXIT,NTPC,2646.00,135.4737,358463.39,2022-05-12,131.8099,131.8099,0.0000,0.00,9694.33,9694.33,711922.06,"Rank 12 of 149, below exit rank 5"
2022-06-09,2022-06-08,150,ADD,ADANIENT,6.00,2155.4884,12932.93,2022-05-12,2098.3158,2098.3158,2100.3102,172.00,,,698989.13,"Re-sized to target allocation (rank 4 of 149, in top.n selection)"
2022-06-09,2022-06-08,150,ADD,ATGL,6.00,2425.4458,14552.67,2022-04-11,2465.3878,2465.3878,2463.8215,153.00,,,684436.45,"Re-sized to target allocation (rank 2 of 149, in top.n selection)"
2022-06-09,2022-06-08,150,TRIM,BDL,163.00,390.0207,63573.38,2022-04-11,350.5749,350.5749,350.5749,954.00,6429.66,,748009.83,"Re-sized to target allocation (rank 1 of 149, in top.n selection)"
2022-06-09,2022-06-08,150,ENTRY,ITC,1683.00,221.1925,372266.96,2022-06-09,221.1925,0.0000,221.1925,1683.00,,,375742.87,Entered: rank 3 of 149 (top.n=5)
2022-06-09,2022-06-08,150,ENTRY,TATAELXSI,45.00,8162.6358,367318.61,2022-06-09,8162.6358,0.0000,8162.6358,45.00,,,8424.26,"Entered: rank 7 of 149 (top.n=5, higher-ranked names skipped by sector cap)"
2022-07-07,2022-07-06,151,EXIT,TATAELXSI,45.00,7745.0811,348528.65,2022-06-09,8162.6358,8162.6358,0.0000,0.00,-18789.96,-18789.96,356952.91,"Rank 8 of 149, below exit rank 5"
2022-07-07,2022-07-06,151,TRIM,ADANIENT,9.00,2274.9216,20474.29,2022-05-12,2098.3158,2100.3102,2100.3102,163.00,1571.50,,377427.21,"Re-sized to target allocation (rank 3 of 149, in top.n selection)"
2022-07-07,2022-07-06,151,TRIM,ATGL,4.00,2496.1923,9984.77,2022-04-11,2465.3878,2463.8215,2463.8215,149.00,129.48,,387411.97,"Re-sized to target allocation (rank 2 of 149, in top.n selection)"
2022-07-07,2022-07-06,151,ADD,BDL,131.00,342.8711,44916.12,2022-04-11,350.5749,350.5749,349.6448,1085.00,,,342495.86,"Re-sized to target allocation (rank 1 of 149, in top.n selection)"
2022-07-07,2022-07-06,151,TRIM,ITC,134.00,240.3549,32207.55,2022-06-09,221.1925,221.1925,221.1925,1549.00,2567.76,,374703.41,"Re-sized to target allocation (rank 4 of 149, in top.n selection)"
2022-07-07,2022-07-06,151,ENTRY,M&M,348.00,1068.3189,371774.99,2022-07-07,1068.3189,0.0000,1068.3189,348.00,,,2928.42,Entered: rank 5 of 149 (top.n=5)
2022-08-04,2022-08-03,152,EXIT,ITC,1549.00,254.3961,394059.59,2022-06-09,221.1925,221.1925,0.0000,0.00,51432.43,51432.43,396988.01,"Rank 17 of 149, below exit rank 5"
2022-08-04,2022-08-03,152,TRIM,ADANIENT,1.00,2720.0509,2720.05,2022-05-12,2098.3158,2100.3102,2100.3102,162.00,619.74,,399708.06,"Re-sized to target allocation (rank 5 of 149, in top.n selection)"
2022-08-04,2022-08-03,152,TRIM,ATGL,15.00,3280.3507,49205.26,2022-04-11,2465.3878,2463.8215,2463.8215,134.00,12247.94,,448913.32,"Re-sized to target allocation (rank 3 of 149, in top.n selection)"
2022-08-04,2022-08-03,152,TRIM,BDL,28.00,417.2768,11683.75,2022-04-11,350.5749,349.6448,349.6448,1057.00,1893.70,,460597.08,"Re-sized to target allocation (rank 2 of 149, in top.n selection)"
2022-08-04,2022-08-03,152,ADD,M&M,13.00,1219.9672,15859.57,2022-07-07,1068.3189,1068.3189,1073.7799,361.00,,,444737.50,"Re-sized to target allocation (rank 1 of 149, in top.n selection)"
2022-08-04,2022-08-03,152,ENTRY,PAYTM,547.00,805.3000,440499.09,2022-08-04,805.3000,0.0000,805.3000,547.00,,,4238.41,Entered: rank 4 of 149 (top.n=5)
2022-09-06,2022-09-05,153,EXIT,BDL,1057.00,406.7693,429955.17,2022-04-11,350.5749,349.6448,0.0000,0.00,60380.62,59397.47,434193.58,"Rank 55 of 150, below exit rank 5"
2022-09-06,2022-09-05,153,EXIT,PAYTM,547.00,716.0000,391652.00,2022-08-04,805.3000,805.3000,0.0000,0.00,-48847.09,-48847.09,825845.58,"Rank 23 of 150, below exit rank 5"
2022-09-06,2022-09-05,153,TRIM,ADANIENT,25.00,3363.8795,84096.99,2022-05-12,2098.3158,2100.3102,2100.3102,137.00,31589.23,,909942.57,"Re-sized to target allocation (rank 2 of 150, in top.n selection)"
2022-09-06,2022-09-05,153,TRIM,ATGL,4.00,3541.0930,14164.37,2022-04-11,2465.3878,2463.8215,2463.8215,130.00,4309.09,,924106.94,"Re-sized to target allocation (rank 3 of 150, in top.n selection)"
2022-09-06,2022-09-05,153,TRIM,M&M,1.00,1277.9323,1277.93,2022-07-07,1068.3189,1073.7799,1073.7799,360.00,204.15,,925384.87,"Re-sized to target allocation (rank 1 of 150, in top.n selection)"
2022-09-06,2022-09-05,153,ENTRY,BEL,4376.00,105.4151,461296.40,2022-09-06,105.4151,0.0000,105.4151,4376.00,,,464088.48,Entered: rank 5 of 150 (top.n=5)
2022-09-06,2022-09-05,153,ENTRY,KALYANKJIL,5626.00,81.9960,461309.24,2022-09-06,81.9960,0.0000,81.9960,5626.00,,,2779.23,"Entered: rank 6 of 150 (top.n=5, higher-ranked names skipped by sector cap)"
2022-10-04,2022-10-03,154,EXIT,ATGL,130.00,3177.6415,413093.40,2022-04-11,2465.3878,2463.8215,0.0000,0.00,92796.60,92592.98,415872.63,"Rank 17 of 150, below exit rank 5"
2022-10-04,2022-10-03,154,EXIT,BEL,4376.00,96.2319,421110.62,2022-09-06,105.4151,105.4151,0.0000,0.00,-40185.78,-40185.78,836983.25,"Rank 15 of 150, below exit rank 5"
2022-10-04,2022-10-03,154,EXIT,M&M,360.00,1220.0637,439222.93,2022-07-07,1068.3189,1073.7799,0.0000,0.00,52662.15,54628.12,1276206.18,"Rank 10 of 150, below exit rank 5"
2022-10-04,2022-10-03,154,ADD,ADANIENT,2.00,3224.1336,6448.27,2022-05-12,2098.3158,2100.3102,2116.4803,139.00,,,1269757.91,"Re-sized to target allocation (rank 4 of 150, in top.n selection)"
2022-10-04,2022-10-03,154,TRIM,KALYANKJIL,888.00,95.0857,84436.08,2022-09-06,81.9960,81.9960,81.9960,4738.00,11623.67,,1354193.99,"Re-sized to target allocation (rank 3 of 150, in top.n selection)"
2022-10-04,2022-10-03,154,ENTRY,COCHINSHIP,1972.00,228.4768,450556.27,2022-10-04,228.4768,0.0000,228.4768,1972.00,,,903637.72,Entered: rank 5 of 150 (top.n=5)
2022-10-04,2022-10-03,154,ENTRY,TATAINVEST,1953.00,230.6720,450502.44,2022-10-04,230.6720,0.0000,230.6720,1953.00,,,453135.28,Entered: rank 2 of 150 (top.n=5)
2022-10-04,2022-10-03,154,ENTRY,TIINDIA,166.00,2711.9543,450184.41,2022-10-04,2711.9543,0.0000,2711.9543,166.00,,,2950.87,Entered: rank 1 of 150 (top.n=5)
2022-11-03,2022-11-02,155,EXIT,TATAINVEST,1953.00,226.6702,442686.95,2022-10-04,230.6720,230.6720,0.0000,0.00,-7815.49,-7815.49,445637.82,"Rank 4 of 150, within exit rank 5 but not reselected (sector cap or book capacity)"
2022-11-03,2022-11-02,155,TRIM,ADANIENT,3.00,3543.5524,10630.66,2022-05-12,2098.3158,2116.4803,2116.4803,136.00,4281.22,,456268.48,"Re-sized to target allocation (rank 6 of 150, in top.n selection)"
2022-11-03,2022-11-02,155,TRIM,COCHINSHIP,213.00,275.8550,58757.13,2022-10-04,228.4768,228.4768,228.4768,1759.00,10091.56,,515025.61,"Re-sized to target allocation (rank 2 of 150, in top.n selection)"
2022-11-03,2022-11-02,155,ADD,KALYANKJIL,101.00,100.2722,10127.49,2022-09-06,81.9960,81.9960,82.3774,4839.00,,,504898.12,"Re-sized to target allocation (rank 5 of 150, in top.n selection)"
2022-11-03,2022-11-02,155,ADD,TIINDIA,5.00,2826.4037,14132.02,2022-10-04,2711.9543,2711.9543,2715.3008,171.00,,,490766.10,"Re-sized to target allocation (rank 1 of 150, in top.n selection)"
2022-11-03,2022-11-02,155,ENTRY,IDFCFIRSTB,8870.00,54.7097,485274.89,2022-11-03,54.7097,0.0000,54.7097,8870.00,,,5491.21,Entered: rank 3 of 150 (top.n=5)
2022-12-02,2022-12-01,156,EXIT,ADANIENT,136.00,3897.9078,530115.46,2022-05-12,2098.3158,2116.4803,0.0000,0.00,242274.13,244744.50,535606.66,"Rank 10 of 150, below exit rank 5"
2022-12-02,2022-12-01,156,EXIT,IDFCFIRSTB,8870.00,58.3371,517450.26,2022-11-03,54.7097,54.7097,0.0000,0.00,32175.37,32175.37,1053056.92,"Rank 5 of 150, within exit rank 5 but not reselected (sector cap or book capacity)"
2022-12-02,2022-12-01,156,EXIT,TIINDIA,171.00,2786.5950,476507.74,2022-10-04,2711.9543,2715.3008,0.0000,0.00,12191.31,12763.56,1529564.66,"Rank 22 of 150, below exit rank 5"
2022-12-02,2022-12-01,156,TRIM,COCHINSHIP,139.00,321.0070,44619.97,2022-10-04,228.4768,228.4768,228.4768,1620.00,12861.69,,1574184.63,"Re-sized to target allocation (rank 2 of 150, in top.n selection)"
2022-12-02,2022-12-01,156,ADD,KALYANKJIL,132.00,104.6189,13809.70,2022-09-06,81.9960,82.3774,82.9680,4971.00,,,1560374.93,"Re-sized to target allocation (rank 6 of 150, in top.n selection)"
2022-12-02,2022-12-01,156,ENTRY,BANKINDIA,7088.00,73.3708,520052.38,2022-12-02,73.3708,0.0000,73.3708,7088.00,,,1040322.55,Entered: rank 3 of 150 (top.n=5)
2022-12-02,2022-12-01,156,ENTRY,GODFRYPHLP,909.00,571.5618,519549.68,2022-12-02,571.5618,0.0000,571.5618,909.00,,,520772.87,Entered: rank 4 of 150 (top.n=5)
2022-12-02,2022-12-01,156,ENTRY,RVNL,7212.00,72.1064,520031.46,2022-12-02,72.1064,0.0000,72.1064,7212.00,,,741.41,Entered: rank 1 of 150 (top.n=5)
2022-12-30,2022-12-29,157,TRIM,BANKINDIA,349.00,77.6397,27096.25,2022-12-02,73.3708,73.3708,73.3708,6739.00,1489.83,,27837.65,"Re-sized to target allocation (rank 3 of 151, in top.n selection)"
2022-12-30,2022-12-29,157,ADD,COCHINSHIP,417.00,256.8056,107087.92,2022-10-04,228.4768,228.4768,234.2761,2037.00,,,-79250.27,"Re-sized to target allocation (rank 5 of 151, in top.n selection)"
2022-12-30,2022-12-29,157,TRIM,GODFRYPHLP,26.00,592.0972,15394.53,2022-12-02,571.5618,571.5618,571.5618,883.00,533.92,,-63855.74,"Re-sized to target allocation (rank 4 of 151, in top.n selection)"
2022-12-30,2022-12-29,157,TRIM,KALYANKJIL,834.00,126.4516,105460.63,2022-09-06,81.9960,82.9680,82.9680,4137.00,36265.30,,41604.89,"Re-sized to target allocation (rank 2 of 151, in top.n selection)"
2022-12-30,2022-12-29,157,ADD,RVNL,611.00,66.8771,40861.93,2022-12-02,72.1064,72.1064,71.6980,7823.00,,,742.96,"Re-sized to target allocation (rank 1 of 151, in top.n selection)"
2023-01-30,2023-01-27,158,EXIT,COCHINSHIP,2037.00,226.3818,461139.71,2022-10-04,228.4768,234.2761,0.0000,0.00,-16080.64,-4267.55,461882.67,"Rank 18 of 151, below exit rank 5"
2023-01-30,2023-01-27,158,EXIT,KALYANKJIL,4137.00,109.5585,453243.37,2022-09-06,81.9960,82.9680,0.0000,0.00,110004.68,114026.11,915126.05,"Rank 20 of 151, below exit rank 5"
2023-01-30,2023-01-27,158,ADD,BANKINDIA,356.00,69.2799,24663.63,2022-12-02,73.3708,73.3708,73.1656,7095.00,,,890462.42,"Re-sized to target allocation (rank 3 of 151, in top.n selection)"
2023-01-30,2023-01-27,158,TRIM,GODFRYPHLP,61.00,597.7363,36461.91,2022-12-02,571.5618,571.5618,571.5618,822.00,1596.64,,926924.33,"Re-sized to target allocation (rank 2 of 151, in top.n selection)"
2023-01-30,2023-01-27,158,TRIM,RVNL,806.00,70.0435,56455.06,2022-12-02,72.1064,71.6980,71.6980,7017.00,-1333.53,,983379.39,"Re-sized to target allocation (rank 1 of 151, in top.n selection)"
2023-01-30,2023-01-27,158,ENTRY,OIL,3572.00,137.5819,491442.46,2023-01-30,137.5819,0.0000,137.5819,3572.00,,,491936.93,"Entered: rank 6 of 151 (top.n=5, higher-ranked names skipped by sector cap)"
2023-01-30,2023-01-27,158,ENTRY,PERSISTENT,219.00,2241.5024,490889.02,2023-01-30,2241.5024,0.0000,2241.5024,219.00,,,1047.91,Entered: rank 4 of 151 (top.n=5)
2023-02-27,2023-02-24,159,EXIT,GODFRYPHLP,822.00,537.2735,441638.83,2022-12-02,571.5618,571.5618,0.0000,0.00,-28184.98,-28184.98,442686.74,"Rank 11 of 151, below exit rank 5"
2023-02-27,2023-02-24,159,ADD,BANKINDIA,502.00,61.8094,31028.30,2022-12-02,73.3708,73.1656,72.4151,7597.00,,,411658.44,"Re-sized to target allocation (rank 2 of 151, in top.n selection)"
2023-02-27,2023-02-24,159,TRIM,OIL,359.00,146.1503,52467.97,2023-01-30,137.5819,137.5819,137.5819,3213.00,3076.08,,464126.42,"Re-sized to target allocation (rank 3 of 151, in top.n selection)"
2023-02-27,2023-02-24,159,TRIM,PERSISTENT,22.00,2380.5099,52371.22,2023-01-30,2241.5024,2241.5024,2241.5024,197.00,3058.17,,516497.64,"Re-sized to target allocation (rank 6 of 151, in top.n selection)"
2023-02-27,2023-02-24,159,ADD,RVNL,764.00,60.3525,46109.34,2022-12-02,72.1064,71.6980,70.5840,7781.00,,,470388.29,"Re-sized to target allocation (rank 1 of 151, in top.n selection)"
2023-02-27,2023-02-24,159,ENTRY,SUPREMEIND,177.00,2640.4845,467365.76,2023-02-27,2640.4845,0.0000,2640.4845,177.00,,,3022.53,Entered: rank 5 of 151 (top.n=5)
2023-03-28,2023-03-27,160,EXIT,BANKINDIA,7597.00,61.7649,469227.97,2022-12-02,73.3708,72.4151,0.0000,0.00,-80909.92,-88170.16,472250.50,"Rank 99 of 151, below exit rank 5"
2023-03-28,2023-03-27,160,EXIT,PERSISTENT,197.00,2138.4618,421276.97,2023-01-30,2241.5024,2241.5024,0.0000,0.00,-20299.00,-20299.00,893527.47,"Rank 8 of 151, below exit rank 5"
2023-03-28,2023-03-27,160,EXIT,RVNL,7781.00,63.9986,497973.42,2022-12-02,72.1064,70.5840,0.0000,0.00,-51240.73,-63086.59,1391500.89,"Rank 26 of 151, below exit rank 5"
2023-03-28,2023-03-27,160,EXIT,SUPREMEIND,177.00,2375.0284,420380.03,2023-02-27,2640.4845,2640.4845,0.0000,0.00,-46985.74,-46985.74,1811880.92,"Rank 22 of 151, below exit rank 5"
2023-03-28,2023-03-27,160,TRIM,OIL,175.00,151.2647,26471.32,2023-01-30,137.5819,137.5819,137.5819,3038.00,2394.49,,1838352.24,"Re-sized to target allocation (rank 2 of 151, in top.n selection)"
2023-03-28,2023-03-27,160,ENTRY,KALYANKJIL,4153.00,110.6451,459509.27,2023-03-28,110.6451,0.0000,110.6451,4153.00,,,1378842.97,Entered: rank 4 of 151 (top.n=5)
2023-03-28,2023-03-27,160,ENTRY,KPITTECH,536.00,856.3473,459002.16,2023-03-28,856.3473,0.0000,856.3473,536.00,,,919840.80,Entered: rank 3 of 151 (top.n=5)
2023-03-28,2023-03-27,160,ENTRY,POLICYBZR,784.00,586.0000,459424.00,2023-03-28,586.0000,0.0000,586.0000,784.00,,,460416.80,Entered: rank 1 of 151 (top.n=5)
2023-03-28,2023-03-27,160,ENTRY,RADICO,389.00,1179.6512,458884.31,2023-03-28,1179.6512,0.0000,1179.6512,389.00,,,1532.50,Entered: rank 5 of 151 (top.n=5)
2023-05-02,2023-04-28,161,EXIT,KALYANKJIL,4153.00,102.3962,425251.23,2023-03-28,110.6451,110.6451,0.0000,0.00,-34258.04,-34258.04,426783.73,"Rank 143 of 151, below exit rank 5"
2023-05-02,2023-04-28,161,EXIT,OIL,3038.00,154.5740,469595.79,2023-01-30,137.5819,137.5819,0.0000,0.00,51622.06,51622.06,896379.52,"Rank 11 of 151, below exit rank 5"
2023-05-02,2023-04-28,161,EXIT,RADICO,389.00,1122.0081,436461.16,2023-03-28,1179.6512,1179.6512,0.0000,0.00,-22423.15,-22423.15,1332840.68,"Rank 38 of 151, below exit rank 5"
2023-05-02,2023-04-28,161,TRIM,KPITTECH,28.00,899.8581,25196.03,2023-03-28,856.3473,856.3473,856.3473,508.00,1218.30,,1358036.70,"Re-sized to target allocation (rank 5 of 151, in top.n selection)"
2023-05-02,2023-04-28,161,TRIM,POLICYBZR,25.00,601.9000,15047.50,2023-03-28,586.0000,586.0000,586.0000,759.00,397.50,,1373084.20,"Re-sized to target allocation (rank 6 of 151, in top.n selection)"
2023-05-02,2023-04-28,161,ENTRY,AUROPHARMA,746.00,612.9211,457239.14,2023-05-02,612.9211,0.0000,612.9211,746.00,,,915845.06,Entered: rank 3 of 151 (top.n=5)
2023-05-02,2023-04-28,161,ENTRY,GVT&D,2601.00,175.8313,457337.32,2023-05-02,175.8313,0.0000,175.8313,2601.00,,,458507.74,Entered: rank 2 of 151 (top.n=5)
2023-05-02,2023-04-28,161,ENTRY,RVNL,4137.00,110.5457,457327.45,2023-05-02,110.5457,0.0000,110.5457,4137.00,,,1180.30,Entered: rank 1 of 151 (top.n=5)
2023-05-30,2023-05-29,162,EXIT,AUROPHARMA,746.00,609.0528,454353.40,2023-05-02,612.9211,612.9211,0.0000,0.00,-2885.74,-2885.74,455533.70,"Rank 5 of 151, within exit rank 5 but not reselected (sector cap or book capacity)"
2023-05-30,2023-05-29,162,EXIT,POLICYBZR,759.00,604.7000,458967.31,2023-03-28,586.0000,586.0000,0.0000,0.00,14193.31,14193.31,914501.01,"Rank 8 of 151, below exit rank 5"
2023-05-30,2023-05-29,162,TRIM,GVT&D,43.00,185.0307,7956.32,2023-05-02,175.8313,175.8313,175.8313,2558.00,395.57,,922457.33,"Re-sized to target allocation (rank 1 of 151, in top.n selection)"
2023-05-30,2023-05-29,162,TRIM,KPITTECH,21.00,971.7901,20407.59,2023-03-28,856.3473,856.3473,856.3473,487.00,2424.30,,942864.92,"Re-sized to target allocation (rank 3 of 151, in top.n selection)"
2023-05-30,2023-05-29,162,TRIM,RVNL,37.00,115.4588,4271.98,2023-05-02,110.5457,110.5457,110.5457,4100.00,181.79,,947136.90,"Re-sized to target allocation (rank 2 of 151, in top.n selection)"
2023-05-30,2023-05-29,162,ENTRY,GLENMARK,798.00,592.8087,473061.38,2023-05-30,592.8087,0.0000,592.8087,798.00,,,474075.52,Entered: rank 4 of 151 (top.n=5)
2023-05-30,2023-05-29,162,ENTRY,ITC,1250.00,378.5341,473167.60,2023-05-30,378.5341,0.0000,378.5341,1250.00,,,907.92,"Entered: rank 7 of 151 (top.n=5, higher-ranked names skipped by sector cap)"
2023-06-27,2023-06-26,163,EXIT,GLENMARK,798.00,641.8746,512215.96,2023-05-30,592.8087,592.8087,0.0000,0.00,39154.58,39154.58,513123.88,"Rank 6 of 151, below exit rank 5"
2023-06-27,2023-06-26,163,EXIT,ITC,1250.00,382.9117,478639.59,2023-05-30,378.5341,378.5341,0.0000,0.00,5471.99,5471.99,991763.47,"Rank 36 of 151, below exit rank 5"
2023-06-27,2023-06-26,163,EXIT,KPITTECH,487.00,1054.1724,513381.94,2023-03-28,856.3473,856.3473,0.0000,0.00,96340.80,96340.80,1505145.41,"Rank 19 of 151, below exit rank 5"
2023-06-27,2023-06-26,163,TRIM,GVT&D,163.00,212.7778,34682.78,2023-05-02,175.8313,175.8313,175.8313,2395.00,6022.27,,1539828.19,"Re-sized to target allocation (rank 2 of 151, in top.n selection)"
2023-06-27,2023-06-26,163,ADD,RVNL,89.00,121.6494,10826.79,2023-05-02,110.5457,110.5457,110.7816,4189.00,,,1529001.40,"Re-sized to target allocation (rank 1 of 151, in top.n selection)"
2023-06-27,2023-06-26,163,ENTRY,AUROPHARMA,711.00,716.1243,509164.37,2023-06-27,716.1243,0.0000,716.1243,711.00,,,1019837.03,Entered: rank 5 of 151 (top.n=5)
2023-06-27,2023-06-26,163,ENTRY,DIXON,114.00,4466.1567,509141.86,2023-06-27,4466.1567,0.0000,4466.1567,114.00,,,510695.17,Entered: rank 3 of 151 (top.n=5)
2023-06-27,2023-06-26,163,ENTRY,ETERNAL,6781.00,75.1500,509592.16,2023-06-27,75.1500,0.0000,75.1500,6781.00,,,1103.01,"Entered: rank 7 of 151 (top.n=5, higher-ranked names skipped by sector cap)"
2023-07-26,2023-07-25,164,EXIT,AUROPHARMA,711.00,781.0913,555355.92,2023-06-27,716.1243,716.1243,0.0000,0.00,46191.55,46191.55,556458.93,"Rank 5 of 151, within exit rank 5 but not reselected (sector cap or book capacity)"
2023-07-26,2023-07-25,164,EXIT,DIXON,114.00,4130.9414,470927.31,2023-06-27,4466.1567,4466.1567,0.0000,0.00,-38214.55,-38214.55,1027386.24,"Rank 18 of 151, below exit rank 5"
2023-07-26,2023-07-25,164,EXIT,GVT&D,2395.00,258.5258,619169.29,2023-05-02,175.8313,175.8313,0.0000,0.00,198053.23,198053.23,1646555.53,"Rank 2 of 151, within exit rank 5 but not reselected (sector cap or book capacity)"
2023-07-26,2023-07-25,164,TRIM,ETERNAL,163.00,83.1000,13545.30,2023-06-27,75.1500,75.1500,75.1500,6618.00,1295.85,,1660100.83,"Re-sized to target allocation (rank 8 of 151, in top.n selection)"
2023-07-26,2023-07-25,164,ADD,RVNL,78.00,128.8717,10051.99,2023-05-02,110.5457,110.7816,111.1123,4267.00,,,1650048.84,"Re-sized to target allocation (rank 3 of 151, in top.n selection)"
2023-07-26,2023-07-25,164,ENTRY,BSE,2289.00,240.2460,549923.00,2023-07-26,240.2460,0.0000,240.2460,2289.00,,,1100125.84,"Entered: rank 6 of 151 (top.n=5, higher-ranked names skipped by sector cap)"
2023-07-26,2023-07-25,164,ENTRY,GLENMARK,706.00,778.9018,549904.67,2023-07-26,778.9018,0.0000,778.9018,706.00,,,550221.17,Entered: rank 4 of 151 (top.n=5)
2023-07-26,2023-07-25,164,ENTRY,SUZLON,30469.00,18.0500,549965.43,2023-07-26,18.0500,0.0000,18.0500,30469.00,,,255.75,Entered: rank 1 of 151 (top.n=5)
2023-08-24,2023-08-23,165,EXIT,GLENMARK,706.00,755.0882,533092.30,2023-07-26,778.9018,778.9018,0.0000,0.00,-16812.37,-16812.37,533348.05,"Rank 14 of 151, below exit rank 5"
2023-08-24,2023-08-23,165,TRIM,BSE,257.00,302.8982,77844.83,2023-07-26,240.2460,240.2460,240.2460,2032.00,16101.62,,611192.88,"Re-sized to target allocation (rank 4 of 151, in top.n selection)"
2023-08-24,2023-08-23,165,TRIM,ETERNAL,188.00,95.7500,18001.00,2023-06-27,75.1500,75.1500,75.1500,6430.00,3872.80,,629193.88,"Re-sized to target allocation (rank 6 of 151, in top.n selection)"
2023-08-24,2023-08-23,165,ADD,RVNL,737.00,123.0250,90669.46,2023-05-02,110.5457,111.1123,112.8668,5004.00,,,538524.42,"Re-sized to target allocation (rank 7 of 151, in top.n selection)"
2023-08-24,2023-08-23,165,TRIM,SUZLON,3406.00,22.7500,77486.50,2023-07-26,18.0500,18.0500,18.0500,27063.00,16008.20,,616010.92,"Re-sized to target allocation (rank 1 of 151, in top.n selection)"
2023-08-24,2023-08-23,165,ENTRY,KALYANKJIL,2792.00,220.4551,615510.69,2023-08-24,220.4551,0.0000,220.4551,2792.00,,,500.22,Entered: rank 3 of 151 (top.n=5)
2023-09-22,2023-09-21,166,EXIT,RVNL,5004.00,157.5636,788448.10,2023-05-02,110.5457,112.8668,0.0000,0.00,223662.60,235277.55,788948.32,"Rank 29 of 152, below exit rank 5"
2023-09-22,2023-09-21,166,TRIM,BSE,225.00,387.2746,87136.78,2023-07-26,240.2460,240.2460,240.2460,1807.00,33081.44,,876085.10,"Re-sized to target allocation (rank 2 of 152, in top.n selection)"
2023-09-22,2023-09-21,166,ADD,ETERNAL,606.00,99.5000,60297.00,2023-06-27,75.1500,75.1500,77.2472,7036.00,,,815788.10,"Re-sized to target allocation (rank 7 of 152, in top.n selection)"
2023-09-22,2023-09-21,166,ADD,KALYANKJIL,517.00,211.5378,109365.06,2023-08-24,220.4551,220.4551,219.0619,3309.00,,,706423.04,"Re-sized to target allocation (rank 3 of 152, in top.n selection)"
2023-09-22,2023-09-21,166,ADD,SUZLON,230.00,25.6500,5899.50,2023-07-26,18.0500,18.0500,18.1140,27293.00,,,700523.54,"Re-sized to target allocation (rank 1 of 152, in top.n selection)"
2023-09-22,2023-09-21,166,ENTRY,JSWENERGY,1783.00,392.5059,699838.08,2023-09-22,392.5059,0.0000,392.5059,1783.00,,,685.46,"Entered: rank 8 of 152 (top.n=5, higher-ranked names skipped by sector cap)"
2023-10-23,2023-10-20,167,EXIT,ETERNAL,7036.00,113.8000,800696.82,2023-06-27,75.1500,77.2472,0.0000,0.00,257185.31,271941.41,801382.28,"Rank 16 of 152, below exit rank 5"
2023-10-23,2023-10-20,167,EXIT,JSWENERGY,1783.00,405.6653,723301.16,2023-09-22,392.5059,392.5059,0.0000,0.00,23463.08,23463.08,1524683.44,"Rank 10 of 152, below exit rank 5"
2023-10-23,2023-10-20,167,TRIM,BSE,181.00,540.5365,97837.10,2023-07-26,240.2460,240.2460,240.2460,1626.00,54352.58,,1622520.54,"Re-sized to target allocation (rank 1 of 152, in top.n selection)"
2023-10-23,2023-10-20,167,TRIM,KALYANKJIL,365.00,298.6796,109018.04,2023-08-24,220.4551,219.0619,219.0619,2944.00,29060.45,,1731538.58,"Re-sized to target allocation (rank 2 of 152, in top.n selection)"
2023-10-23,2023-10-20,167,TRIM,SUZLON,844.00,33.2500,28063.00,2023-07-26,18.0500,18.1140,18.1140,26449.00,12774.75,,1759601.58,"Re-sized to target allocation (rank 3 of 152, in top.n selection)"
2023-10-23,2023-10-20,167,ENTRY,IDEA,74529.00,11.8000,879442.21,2023-10-23,11.8000,0.0000,11.8000,74529.00,,,880159.37,"Entered: rank 7 of 152 (top.n=5, higher-ranked names skipped by sector cap)"
2023-10-23,2023-10-20,167,ENTRY,NMDC,18630.00,47.2054,879436.88,2023-10-23,47.2054,0.0000,47.2054,18630.00,,,722.48,"Entered: rank 9 of 152 (top.n=5, higher-ranked names skipped by sector cap)"
2023-11-22,2023-11-21,168,TRIM,BSE,191.00,712.0084,135993.61,2023-07-26,240.2460,240.2460,240.2460,1435.00,90106.63,,136716.09,"Re-sized to target allocation (rank 1 of 152, in top.n selection)"
2023-11-22,2023-11-21,168,TRIM,IDEA,489.00,13.8000,6748.20,2023-10-23,11.8000,11.8000,11.8000,74040.00,978.00,,143464.29,"Re-sized to target allocation (rank 3 of 152, in top.n selection)"
2023-11-22,2023-11-21,168,ADD,KALYANKJIL,134.00,331.9212,44477.44,2023-08-24,220.4551,219.0619,223.9752,3078.00,,,98986.85,"Re-sized to target allocation (rank 4 of 152, in top.n selection)"
2023-11-22,2023-11-21,168,ADD,NMDC,1487.00,50.7906,75525.68,2023-10-23,47.2054,47.2054,47.4704,20117.00,,,23461.17,"Re-sized to target allocation (rank 10 of 152, in top.n selection)"
2023-11-22,2023-11-21,168,ADD,SUZLON,617.00,37.7500,23291.75,2023-07-26,18.0500,18.1140,18.5617,27066.00,,,169.42,"Re-sized to target allocation (rank 2 of 152, in top.n selection)"
2023-12-21,2023-12-20,169,EXIT,IDEA,74040.00,13.2500,981030.00,2023-10-23,11.8000,11.8000,0.0000,0.00,107357.99,107357.99,981199.42,"Rank 11 of 152, below exit rank 5"
2023-12-21,2023-12-20,169,EXIT,SUZLON,27066.00,34.3000,928363.78,2023-07-26,18.0500,18.5617,0.0000,0.00,425973.65,439822.50,1909563.20,"Rank 5 of 152, within exit rank 5 but not reselected (sector cap or book capacity)"
2023-12-21,2023-12-20,169,TRIM,BSE,100.00,757.4102,75741.02,2023-07-26,240.2460,240.2460,240.2460,1335.00,51716.42,,1985304.22,"Re-sized to target allocation (rank 1 of 152, in top.n selection)"
2023-12-21,2023-12-20,169,ADD,KALYANKJIL,121.00,316.1177,38250.25,2023-08-24,220.4551,223.9752,227.4604,3199.00,,,1947053.97,"Re-sized to target allocation (rank 6 of 152, in top.n selection)"
2023-12-21,2023-12-20,169,TRIM,NMDC,1413.00,54.0771,76410.93,2023-10-23,47.2054,47.4704,47.4704,18704.00,9335.22,,2023464.90,"Re-sized to target allocation (rank 8 of 152, in top.n selection)"
2023-12-21,2023-12-20,169,ENTRY,COCHINSHIP,1666.00,606.9482,1011175.72,2023-12-21,606.9482,0.0000,606.9482,1666.00,,,1012289.18,Entered: rank 4 of 152 (top.n=5)
2023-12-21,2023-12-20,169,ENTRY,PRESTIGE,952.00,1061.8189,1010851.61,2023-12-21,1061.8189,0.0000,1061.8189,952.00,,,1437.57,Entered: rank 3 of 152 (top.n=5)
2024-01-19,2024-01-18,170,EXIT,COCHINSHIP,1666.00,862.2986,1436589.45,2023-12-21,606.9482,606.9482,0.0000,0.00,425413.73,425413.73,1438027.02,"Rank 12 of 155, below exit rank 5"
2024-01-19,2024-01-18,170,EXIT,KALYANKJIL,3199.00,361.7941,1157379.26,2023-08-24,220.4551,227.4604,0.0000,0.00,429733.40,452143.33,2595406.28,"Rank 16 of 155, below exit rank 5"
2024-01-19,2024-01-18,170,EXIT,NMDC,18704.00,61.7106,1154235.54,2023-10-23,47.2054,47.4704,0.0000,0.00,266348.69,271305.45,3749641.82,"Rank 23 of 155, below exit rank 5"
2024-01-19,2024-01-18,170,ADD,BSE,242.00,763.0133,184649.23,2023-07-26,240.2460,240.2460,320.4677,1577.00,,,3564992.60,"Re-sized to target allocation (rank 3 of 155, in top.n selection)"
2024-01-19,2024-01-18,170,TRIM,PRESTIGE,37.00,1314.3672,48631.59,2023-12-21,1061.8189,1061.8189,1061.8189,915.00,9344.29,,3613624.18,"Re-sized to target allocation (rank 1 of 155, in top.n selection)"
2024-01-19,2024-01-18,170,ENTRY,GVT&D,1891.00,636.4936,1203609.37,2024-01-19,636.4936,0.0000,636.4936,1891.00,,,2410014.81,Entered: rank 2 of 155 (top.n=5)
2024-01-19,2024-01-18,170,ENTRY,HINDPETRO,4545.00,264.8516,1203750.74,2024-01-19,264.8516,0.0000,264.8516,4545.00,,,1206264.08,"Entered: rank 6 of 155 (top.n=5, higher-ranked names skipped by sector cap)"
2024-01-19,2024-01-18,170,ENTRY,RVNL,4974.00,242.0078,1203746.67,2024-01-19,242.0078,0.0000,242.0078,4974.00,,,2517.40,"Entered: rank 9 of 155 (top.n=5, higher-ranked names skipped by sector cap)"
2024-02-20,2024-02-19,171,EXIT,BSE,1577.00,763.0133,1203272.04,2023-07-26,240.2460,320.4677,0.0000,0.00,697894.46,824404.16,1205789.44,"Rank 20 of 155, below exit rank 5"
2024-02-20,2024-02-19,171,EXIT,PRESTIGE,915.00,1165.8679,1066769.15,2023-12-21,1061.8189,1061.8189,0.0000,0.00,95204.84,95204.84,2272558.60,"Rank 13 of 155, below exit rank 5"
2024-02-20,2024-02-19,171,EXIT,RVNL,4974.00,263.5251,1310773.68,2024-01-19,242.0078,242.0078,0.0000,0.00,107027.01,107027.01,3583332.27,"Rank 22 of 155, below exit rank 5"
2024-02-20,2024-02-19,171,TRIM,GVT&D,184.00,764.6376,140693.32,2024-01-19,636.4936,636.4936,636.4936,1707.00,23578.50,,3724025.59,"Re-sized to target allocation (rank 3 of 155, in top.n selection)"
2024-02-20,2024-02-19,171,TRIM,HINDPETRO,585.00,329.5782,192803.25,2024-01-19,264.8516,264.8516,264.8516,3960.00,37865.04,,3916828.84,"Re-sized to target allocation (rank 1 of 155, in top.n selection)"
2024-02-20,2024-02-19,171,ENTRY,HUDCO,7237.00,180.3660,1305309.07,2024-02-20,180.3660,0.0000,180.3660,7237.00,,,2611519.77,Entered: rank 2 of 155 (top.n=5)
2024-02-20,2024-02-19,171,ENTRY,OFSS,184.00,7058.2202,1298712.51,2024-02-20,7058.2202,0.0000,7058.2202,184.00,,,1312807.26,"Entered: rank 6 of 155 (top.n=5, higher-ranked names skipped by sector cap)"
2024-02-20,2024-02-19,171,ENTRY,TRENT,322.00,4047.7731,1303382.95,2024-02-20,4047.7731,0.0000,4047.7731,322.00,,,9424.31,Entered: rank 4 of 155 (top.n=5)
2024-03-20,2024-03-19,172,EXIT,HINDPETRO,3960.00,266.7760,1056432.78,2024-01-19,264.8516,264.8516,0.0000,0.00,7620.26,7620.26,1065857.09,"Rank 10 of 155, below exit rank 5"
2024-03-20,2024-03-19,172,EXIT,TRENT,322.00,3961.4901,1275599.80,2024-02-20,4047.7731,4047.7731,0.0000,0.00,-27783.15,-27783.15,2341456.89,"Rank 11 of 155, below exit rank 5"
2024-03-20,2024-03-19,172,TRIM,GVT&D,196.00,840.7184,164780.81,2024-01-19,636.4936,636.4936,636.4936,1511.00,40028.06,,2506237.70,"Re-sized to target allocation (rank 2 of 155, in top.n selection)"
2024-03-20,2024-03-19,172,ADD,HUDCO,396.00,166.5060,65936.37,2024-02-20,180.3660,180.3660,179.6470,7633.00,,,2440301.32,"Re-sized to target allocation (rank 1 of 155, in top.n selection)"
2024-03-20,2024-03-19,172,TRIM,OFSS,14.00,7463.7824,104492.95,2024-02-20,7058.2202,7058.2202,7058.2202,170.00,5677.87,,2544794.28,"Re-sized to target allocation (rank 4 of 155, in top.n selection)"
2024-03-20,2024-03-19,172,ENTRY,NHPC,16111.00,78.8851,1270918.64,2024-03-20,78.8851,0.0000,78.8851,16111.00,,,1273875.64,"Entered: rank 9 of 155 (top.n=5, higher-ranked names skipped by sector cap)"
2024-03-20,2024-03-19,172,ENTRY,OIL,3634.00,349.6752,1270719.69,2024-03-20,349.6752,0.0000,349.6752,3634.00,,,3155.95,Entered: rank 5 of 155 (top.n=5)
2024-04-23,2024-04-22,173,EXIT,HUDCO,7633.00,183.7409,1402493.96,2024-02-20,180.3660,179.6470,0.0000,0.00,31248.52,25759.94,1405649.92,"Rank 3 of 156, within exit rank 5 but not reselected (sector cap or book capacity)"
2024-04-23,2024-04-22,173,EXIT,NHPC,16111.00,84.6827,1364323.46,2024-03-20,78.8851,78.8851,0.0000,0.00,93404.82,93404.82,2769973.38,"Rank 27 of 156, below exit rank 5"
2024-04-23,2024-04-22,173,TRIM,GVT&D,146.00,998.4992,145780.89,2024-01-19,636.4936,636.4936,636.4936,1365.00,52852.82,,2915754.27,"Re-sized to target allocation (rank 2 of 156, in top.n selection)"
2024-04-23,2024-04-22,173,ADD,OFSS,29.00,6852.2921,198716.47,2024-02-20,7058.2202,7058.2202,7028.2105,199.00,,,2717037.80,"Re-sized to target allocation (rank 6 of 156, in top.n selection)"
2024-04-23,2024-04-22,173,TRIM,OIL,32.00,378.6573,12117.03,2024-03-20,349.6752,349.6752,349.6752,3602.00,927.43,,2729154.83,"Re-sized to target allocation (rank 4 of 156, in top.n selection)"
2024-04-23,2024-04-22,173,ENTRY,IREDA,8001.00,170.4545,1363806.83,2024-04-23,170.4545,0.0000,170.4545,8001.00,,,1365348.00,Entered: rank 1 of 156 (top.n=5)
2024-04-23,2024-04-22,173,ENTRY,NATIONALUM,8008.00,170.3155,1363886.79,2024-04-23,170.3155,0.0000,170.3155,8008.00,,,1461.21,Entered: rank 5 of 156 (top.n=5)
2024-05-23,2024-05-22,174,EXIT,IREDA,8001.00,186.9565,1495838.99,2024-04-23,170.4545,170.4545,0.0000,0.00,132032.16,132032.16,1497300.20,"Rank 6 of 158, below exit rank 5"
2024-05-23,2024-05-22,174,EXIT,NATIONALUM,8008.00,177.3627,1420320.86,2024-04-23,170.3155,170.3155,0.0000,0.00,56434.07,56434.07,2917621.06,"Rank 13 of 158, below exit rank 5"
2024-05-23,2024-05-22,174,EXIT,OIL,3602.00,414.5384,1493167.29,2024-03-20,349.6752,349.6752,0.0000,0.00,233637.21,233637.21,4410788.34,"Rank 9 of 158, below exit rank 5"
2024-05-23,2024-05-22,174,TRIM,GVT&D,303.00,1475.8693,447188.40,2024-01-19,636.4936,636.4936,636.4936,1062.00,254330.85,,4857976.75,"Re-sized to target allocation (rank 1 of 158, in top.n selection)"
2024-05-23,2024-05-22,174,ADD,OFSS,21.00,7100.5628,149111.82,2024-02-20,7058.2202,7028.2105,7035.1169,220.00,,,4708864.93,"Re-sized to target allocation (rank 8 of 158, in top.n selection)"
2024-05-23,2024-05-22,174,ENTRY,GODFRYPHLP,1249.00,1255.1261,1567652.48,2024-05-23,1255.1261,0.0000,1255.1261,1249.00,,,3141212.45,"Entered: rank 7 of 158 (top.n=5, higher-ranked names skipped by sector cap)"
2024-05-23,2024-05-22,174,ENTRY,HUDCO,6319.00,248.0875,1567665.11,2024-05-23,248.0875,0.0000,248.0875,6319.00,,,1573547.34,Entered: rank 3 of 158 (top.n=5)
2024-05-23,2024-05-22,174,ENTRY,RVNL,4639.00,337.8753,1567403.74,2024-05-23,337.8753,0.0000,337.8753,4639.00,,,6143.60,Entered: rank 4 of 158 (top.n=5)
2024-06-21,2024-06-20,175,EXIT,GVT&D,1062.00,1571.3434,1668766.73,2024-01-19,636.4936,636.4936,0.0000,0.00,992810.54,992810.54,1674910.33,"Rank 2 of 158, within exit rank 5 but not reselected (sector cap or book capacity)"
2024-06-21,2024-06-20,175,EXIT,HUDCO,6319.00,264.9102,1673967.48,2024-05-23,248.0875,248.0875,0.0000,0.00,106302.38,106302.38,3348877.82,"Rank 24 of 158, below exit rank 5"
2024-06-21,2024-06-20,175,EXIT,OFSS,220.00,9104.3962,2002967.17,2024-02-20,7058.2202,7035.1169,0.0000,0.00,455241.45,450158.74,5351844.98,"Rank 23 of 158, below exit rank 5"
2024-06-21,2024-06-20,175,EXIT,RVNL,4639.00,379.7282,1761559.09,2024-05-23,337.8753,337.8753,0.0000,0.00,194155.35,194155.35,7113404.07,"Rank 30 of 158, below exit rank 5"
2024-06-21,2024-06-20,175,ADD,GODFRYPHLP,35.00,1375.0424,48126.48,2024-05-23,1255.1261,1255.1261,1258.3948,1284.00,,,7065277.59,"Re-sized to target allocation (rank 7 of 158, in top.n selection)"
2024-06-21,2024-06-20,175,ENTRY,COCHINSHIP,802.00,2200.8115,1765050.81,2024-06-21,2200.8115,0.0000,2200.8115,802.00,,,5300226.78,Entered: rank 1 of 158 (top.n=5)
2024-06-21,2024-06-20,175,ENTRY,DIXON,154.00,11467.3636,1765974.00,2024-06-21,11467.3636,0.0000,11467.3636,154.00,,,3534252.78,Entered: rank 3 of 158 (top.n=5)
2024-06-21,2024-06-20,175,ENTRY,M&M,628.00,2811.4327,1765579.72,2024-06-21,2811.4327,0.0000,2811.4327,628.00,,,1768673.06,"Entered: rank 9 of 158 (top.n=5, higher-ranked names skipped by sector cap)"
2024-06-21,2024-06-20,175,ENTRY,TRENT,331.00,5326.2000,1762972.19,2024-06-21,5326.2000,0.0000,5326.2000,331.00,,,5700.88,"Entered: rank 6 of 158 (top.n=5, higher-ranked names skipped by sector cap)"
2024-07-22,2024-07-19,176,EXIT,GODFRYPHLP,1284.00,1343.0646,1724494.90,2024-05-23,1255.1261,1258.3948,0.0000,0.00,108715.94,112913.01,1730195.78,"Rank 22 of 158, below exit rank 5"
2024-07-22,2024-07-19,176,EXIT,M&M,628.00,2700.7619,1696078.47,2024-06-21,2811.4327,2811.4327,0.0000,0.00,-69501.25,-69501.25,3426274.24,"Rank 18 of 158, below exit rank 5"
2024-07-22,2024-07-19,176,EXIT,TRENT,331.00,5099.5161,1687939.84,2024-06-21,5326.2000,5326.2000,0.0000,0.00,-75032.35,-75032.35,5114214.08,"Rank 26 of 158, below exit rank 5"
2024-07-22,2024-07-19,176,TRIM,COCHINSHIP,88.00,2469.9970,217359.74,2024-06-21,2200.8115,2200.8115,2200.8115,714.00,23688.33,,5331573.81,"Re-sized to target allocation (rank 1 of 158, in top.n selection)"
2024-07-22,2024-07-19,176,ADD,DIXON,2.00,11249.5056,22499.01,2024-06-21,11467.3636,11467.3636,11464.5706,156.00,,,5309074.80,"Re-sized to target allocation (rank 8 of 158, in top.n selection)"
2024-07-22,2024-07-19,176,ENTRY,EXIDEIND,3314.00,532.6421,1765175.92,2024-07-22,532.6421,0.0000,532.6421,3314.00,,,3543898.88,Entered: rank 5 of 158 (top.n=5)
2024-07-22,2024-07-19,176,ENTRY,IREDA,6520.00,270.7510,1765296.27,2024-07-22,270.7510,0.0000,270.7510,6520.00,,,1778602.61,Entered: rank 3 of 158 (top.n=5)
2024-07-22,2024-07-19,176,ENTRY,RVNL,2915.00,605.6350,1765425.94,2024-07-22,605.6350,0.0000,605.6350,2915.00,,,13176.67,Entered: rank 2 of 158 (top.n=5)
2024-08-20,2024-08-19,177,EXIT,EXIDEIND,3314.00,492.9910,1633772.22,2024-07-22,532.6421,532.6421,0.0000,0.00,-131403.70,-131403.70,1646948.90,"Rank 11 of 159, below exit rank 5"
2024-08-20,2024-08-19,177,EXIT,IREDA,6520.00,242.5395,1581357.62,2024-07-22,270.7510,270.7510,0.0000,0.00,-183938.65,-183938.65,3228306.51,"Rank 19 of 159, below exit rank 5"
2024-08-20,2024-08-19,177,ADD,COCHINSHIP,78.00,2119.9574,165356.68,2024-06-21,2200.8115,2200.8115,2192.8486,792.00,,,3062949.84,"Re-sized to target allocation (rank 2 of 159, in top.n selection)"
2024-08-20,2024-08-19,177,TRIM,DIXON,26.00,12879.7425,334873.30,2024-06-21,11467.3636,11464.5706,11464.5706,130.00,36794.47,,3397823.14,"Re-sized to target allocation (rank 7 of 159, in top.n selection)"
2024-08-20,2024-08-19,177,ADD,RVNL,52.00,566.2440,29444.69,2024-07-22,605.6350,605.6350,604.9446,2967.00,,,3368378.45,"Re-sized to target allocation (rank 1 of 159, in top.n selection)"
2024-08-20,2024-08-19,177,ENTRY,OIL,2559.00,656.6332,1680324.44,2024-08-20,656.6332,0.0000,656.6332,2559.00,,,1688054.01,"Entered: rank 8 of 159 (top.n=5, higher-ranked names skipped by sector cap)"
2024-08-20,2024-08-19,177,ENTRY,TRENT,250.00,6696.2332,1674058.29,2024-08-20,6696.2332,0.0000,6696.2332,250.00,,,13995.72,"Entered: rank 6 of 159 (top.n=5, higher-ranked names skipped by sector cap)"
2024-09-17,2024-09-16,178,EXIT,COCHINSHIP,792.00,1769.1293,1401150.42,2024-06-21,2200.8115,2192.8486,0.0000,0.00,-335585.66,-341892.27,1415146.13,"Rank 28 of 159, below exit rank 5"
2024-09-17,2024-09-16,178,EXIT,DIXON,130.00,13982.0124,1817661.61,2024-06-21,11467.3636,11464.5706,0.0000,0.00,327267.44,326904.34,3232807.75,"Rank 7 of 159, below exit rank 5"
2024-09-17,2024-09-16,178,EXIT,OIL,2559.00,580.4061,1485259.14,2024-08-20,656.6332,656.6332,0.0000,0.00,-195065.31,-195065.31,4718066.88,"Rank 18 of 159, below exit rank 5"
2024-09-17,2024-09-16,178,EXIT,TRENT,250.00,7399.7869,1849946.71,2024-08-20,6696.2332,6696.2332,0.0000,0.00,175888.42,175888.42,6568013.60,"Rank 8 of 159, below exit rank 5"
2024-09-17,2024-09-16,178,ADD,RVNL,92.00,532.7618,49014.08,2024-07-22,605.6350,604.9446,602.7737,3059.00,,,6518999.51,"Re-sized to target allocation (rank 4 of 159, in top.n selection)"
2024-09-17,2024-09-16,178,ENTRY,GODFRYPHLP,622.00,2617.9923,1628391.21,2024-09-17,2617.9923,0.0000,2617.9923,622.00,,,4890608.30,Entered: rank 1 of 159 (top.n=5)
2024-09-17,2024-09-16,178,ENTRY,KALYANKJIL,2334.00,698.1997,1629598.02,2024-09-17,698.1997,0.0000,698.1997,2334.00,,,3261010.28,Entered: rank 5 of 159 (top.n=5)
2024-09-17,2024-09-16,178,ENTRY,PAYTM,2390.00,681.7000,1629263.03,2024-09-17,681.7000,0.0000,681.7000,2390.00,,,1631747.25,Entered: rank 2 of 159 (top.n=5)
2024-09-17,2024-09-16,178,ENTRY,SUZLON,19132.00,85.1800,1629663.77,2024-09-17,85.1800,0.0000,85.1800,19132.00,,,2083.48,Entered: rank 3 of 159 (top.n=5)
2024-10-16,2024-10-15,179,EXIT,RVNL,3059.00,467.5607,1430268.28,2024-07-22,605.6350,602.7737,0.0000,0.00,-413616.43,-422369.10,1432351.76,"Rank 31 of 160, below exit rank 5"
2024-10-16,2024-10-15,179,EXIT,SUZLON,19132.00,73.7100,1410219.70,2024-09-17,85.1800,85.1800,0.0000,0.00,-219444.06,-219444.06,2842571.46,"Rank 14 of 160, below exit rank 5"
2024-10-16,2024-10-15,179,ADD,GODFRYPHLP,61.00,2264.1575,138113.61,2024-09-17,2617.9923,2617.9923,2586.3907,683.00,,,2704457.85,"Re-sized to target allocation (rank 3 of 160, in top.n selection)"
2024-10-16,2024-10-15,179,TRIM,KALYANKJIL,260.00,745.7658,193899.12,2024-09-17,698.1997,698.1997,698.1997,2074.00,12367.21,,2898356.97,"Re-sized to target allocation (rank 2 of 160, in top.n selection)"
2024-10-16,2024-10-15,179,TRIM,PAYTM,269.00,729.0000,196101.00,2024-09-17,681.7000,681.7000,681.7000,2121.00,12723.70,,3094457.97,"Re-sized to target allocation (rank 1 of 160, in top.n selection)"
2024-10-16,2024-10-15,179,ENTRY,POWERINDIA,95.00,16171.9477,1536335.04,2024-10-16,16171.9477,0.0000,16171.9477,95.00,,,1558122.94,"Entered: rank 9 of 160 (top.n=5, higher-ranked names skipped by sector cap)"
2024-10-16,2024-10-15,179,ENTRY,TRENT,191.00,8093.3607,1545831.90,2024-10-16,8093.3607,0.0000,8093.3607,191.00,,,12291.04,"Entered: rank 6 of 160 (top.n=5, higher-ranked names skipped by sector cap)"
2024-11-13,2024-11-12,180,EXIT,PAYTM,2121.00,791.0000,1677711.00,2024-09-17,681.7000,681.7000,0.0000,0.00,231825.27,231825.27,1690002.04,"Rank 2 of 161, within exit rank 5 but not reselected (sector cap or book capacity)"
2024-11-13,2024-11-12,180,EXIT,POWERINDIA,95.00,12843.2086,1220104.82,2024-10-16,16171.9477,16171.9477,0.0000,0.00,-316230.22,-316230.22,2910106.85,"Rank 102 of 161, below exit rank 5"
2024-11-13,2024-11-12,180,EXIT,TRENT,191.00,6485.6659,1238762.19,2024-10-16,8093.3607,8093.3607,0.0000,0.00,-307069.71,-307069.71,4148869.05,"Rank 24 of 161, below exit rank 5"
2024-11-13,2024-11-12,180,TRIM,GODFRYPHLP,22.00,2131.7155,46897.74,2024-09-17,2617.9923,2586.3907,2586.3907,661.00,-10002.85,,4195766.79,"Re-sized to target allocation (rank 4 of 161, in top.n selection)"
2024-11-13,2024-11-12,180,TRIM,KALYANKJIL,56.00,699.0437,39146.45,2024-09-17,698.1997,698.1997,698.1997,2018.00,47.27,,4234913.24,"Re-sized to target allocation (rank 6 of 161, in top.n selection)"
2024-11-13,2024-11-12,180,ENTRY,BSE,898.00,1570.0820,1409933.60,2024-11-13,1570.0820,0.0000,1570.0820,898.00,,,2824979.64,Entered: rank 1 of 161 (top.n=5)
2024-11-13,2024-11-12,180,ENTRY,COFORGE,883.00,1597.5769,1410660.42,2024-11-13,1597.5769,0.0000,1597.5769,883.00,,,1414319.21,"Entered: rank 8 of 161 (top.n=5, higher-ranked names skipped by sector cap)"
2024-11-13,2024-11-12,180,ENTRY,FORTIS,2209.00,638.4668,1410373.21,2024-11-13,638.4668,0.0000,638.4668,2209.00,,,3946.00,"Entered: rank 7 of 161 (top.n=5, higher-ranked names skipped by sector cap)"
2024-12-13,2024-12-12,181,EXIT,KALYANKJIL,2018.00,754.7031,1522990.90,2024-09-17,698.1997,698.1997,0.0000,0.00,114023.97,114023.97,1526936.90,"Rank 12 of 161, below exit rank 5"
2024-12-13,2024-12-12,181,TRIM,BSE,73.00,1857.5655,135602.28,2024-11-13,1570.0820,1570.0820,1570.0820,825.00,20986.30,,1662539.18,"Re-sized to target allocation (rank 1 of 161, in top.n selection)"
2024-12-13,2024-12-12,181,TRIM,COFORGE,35.00,1808.7724,63307.03,2024-11-13,1597.5769,1597.5769,1597.5769,848.00,7391.84,,1725846.21,"Re-sized to target allocation (rank 6 of 161, in top.n selection)"
2024-12-13,2024-12-12,181,TRIM,FORTIS,85.00,722.1789,61385.21,2024-11-13,638.4668,638.4668,638.4668,2124.00,7115.53,,1787231.42,"Re-sized to target allocation (rank 10 of 161, in top.n selection)"
2024-12-13,2024-12-12,181,ADD,GODFRYPHLP,129.00,1939.8212,250236.94,2024-09-17,2617.9923,2586.3907,2480.8116,790.00,,,1536994.48,"Re-sized to target allocation (rank 7 of 161, in top.n selection)"
2024-12-13,2024-12-12,181,ENTRY,DIXON,87.00,17617.5956,1532730.82,2024-12-13,17617.5956,0.0000,17617.5956,87.00,,,4263.66,Entered: rank 5 of 161 (top.n=5)
2025-01-13,2025-01-10,182,EXIT,FORTIS,2124.00,682.4680,1449562.10,2024-11-13,638.4668,638.4668,0.0000,0.00,93458.56,93458.56,1453825.76,"Rank 8 of 166, below exit rank 5"
2025-01-13,2025-01-10,182,EXIT,GODFRYPHLP,790.00,1539.9517,1216561.87,2024-09-17,2617.9923,2480.8116,0.0000,0.00,-743279.29,-851652.05,2670387.63,"Rank 159 of 166, below exit rank 5"
2025-01-13,2025-01-10,182,ADD,BSE,14.00,1680.4255,23525.96,2024-11-13,1570.0820,1570.0820,1571.9232,839.00,,,2646861.68,"Re-sized to target allocation (rank 1 of 166, in top.n selection)"
2025-01-13,2025-01-10,182,TRIM,COFORGE,82.00,1839.0604,150802.95,2024-11-13,1597.5769,1597.5769,1597.5769,766.00,19801.65,,2797664.63,"Re-sized to target allocation (rank 2 of 166, in top.n selection)"
2025-01-13,2025-01-10,182,TRIM,DIXON,2.00,16479.9784,32959.96,2024-12-13,17617.5956,17617.5956,17617.5956,85.00,-2275.23,,2830624.59,"Re-sized to target allocation (rank 6 of 166, in top.n selection)"
2025-01-13,2025-01-10,182,ENTRY,MAXHEALTH,1260.00,1119.0177,1409962.34,2025-01-13,1119.0177,0.0000,1119.0177,1260.00,,,1420662.25,Entered: rank 5 of 166 (top.n=5)
2025-01-13,2025-01-10,182,ENTRY,PREMIERENE,1267.00,1112.7970,1409913.77,2025-01-13,1112.7970,0.0000,1112.7970,1267.00,,,10748.47,Entered: rank 4 of 166 (top.n=5)
2025-02-07,2025-02-06,183,EXIT,DIXON,85.00,14706.5826,1250059.52,2024-12-13,17617.5956,17617.5956,0.0000,0.00,-247436.11,-247436.11,1260807.99,"Rank 23 of 166, below exit rank 5"
2025-02-07,2025-02-06,183,EXIT,MAXHEALTH,1260.00,1129.6864,1423404.92,2025-01-13,1119.0177,1119.0177,0.0000,0.00,13442.58,13442.58,2684212.92,"Rank 6 of 166, below exit rank 5"
2025-02-07,2025-02-06,183,EXIT,PREMIERENE,1267.00,1020.7792,1293327.28,2025-01-13,1112.7970,1112.7970,0.0000,0.00,-116586.49,-116586.49,3977540.20,"Rank 61 of 166, below exit rank 5"
2025-02-07,2025-02-06,183,TRIM,BSE,94.00,1822.7672,171340.12,2024-11-13,1570.0820,1571.9232,1571.9232,745.00,23579.34,,4148880.32,"Re-sized to target allocation (rank 1 of 166, in top.n selection)"
2025-02-07,2025-02-06,183,ADD,COFORGE,40.00,1686.4426,67457.70,2024-11-13,1597.5769,1597.5769,1601.9871,806.00,,,4081422.62,"Re-sized to target allocation (rank 3 of 166, in top.n selection)"
2025-02-07,2025-02-06,183,ENTRY,LAURUSLABS,2144.00,634.0278,1359355.68,2025-02-07,634.0278,0.0000,634.0278,2144.00,,,2722066.94,Entered: rank 2 of 166 (top.n=5)
2025-02-07,2025-02-06,183,ENTRY,RADICO,603.00,2251.7310,1357793.79,2025-02-07,2251.7310,0.0000,2251.7310,603.00,,,1364273.14,"Entered: rank 10 of 166 (top.n=5, higher-ranked names skipped by sector cap)"
2025-02-07,2025-02-06,183,ENTRY,SRF,469.00,2894.8384,1357679.21,2025-02-07,2894.8384,0.0000,2894.8384,469.00,,,6593.94,Entered: rank 5 of 166 (top.n=5)
2025-03-10,2025-03-07,184,EXIT,BSE,745.00,1381.9889,1029581.73,2024-11-13,1570.0820,1571.9232,0.0000,0.00,-141501.07,-140129.34,1036175.66,"Rank 36 of 167, below exit rank 5"
2025-03-10,2025-03-07,184,EXIT,COFORGE,806.00,1520.5500,1225563.32,2024-11-13,1597.5769,1601.9871,0.0000,0.00,-65638.30,-62083.68,2261738.99,"Rank 27 of 167, below exit rank 5"
2025-03-10,2025-03-07,184,EXIT,RADICO,603.00,2186.7697,1318622.14,2025-02-07,2251.7310,2251.7310,0.0000,0.00,-39171.65,-39171.65,3580361.13,"Rank 68 of 167, below exit rank 5"
2025-03-10,2025-03-07,184,ADD,LAURUSLABS,25.00,569.1847,14229.62,2025-02-07,634.0278,634.0278,633.2805,2169.00,,,3566131.51,"Re-sized to target allocation (rank 4 of 167, in top.n selection)"
2025-03-10,2025-03-07,184,TRIM,SRF,48.00,2930.1596,140647.66,2025-02-07,2894.8384,2894.8384,2894.8384,421.00,1695.42,,3706779.17,"Re-sized to target allocation (rank 1 of 167, in top.n selection)"
2025-03-10,2025-03-07,184,ENTRY,BLUESTARCO,593.00,2080.7511,1233885.43,2025-03-10,2080.7511,0.0000,2080.7511,593.00,,,2472893.74,Entered: rank 5 of 167 (top.n=5)
2025-03-10,2025-03-07,184,ENTRY,INDIGO,265.00,4658.1280,1234403.92,2025-03-10,4658.1280,0.0000,4658.1280,265.00,,,1238489.82,"Entered: rank 7 of 167 (top.n=5, higher-ranked names skipped by sector cap)"
2025-03-10,2025-03-07,184,ENTRY,SBICARD,1484.00,831.8856,1234518.29,2025-03-10,831.8856,0.0000,831.8856,1484.00,,,3971.53,Entered: rank 2 of 167 (top.n=5)
2025-04-09,2025-04-08,185,EXIT,BLUESTARCO,593.00,1954.0839,1158771.76,2025-03-10,2080.7511,2080.7511,0.0000,0.00,-75113.66,-75113.66,1162743.30,"Rank 16 of 168, below exit rank 5"
2025-04-09,2025-04-08,185,EXIT,LAURUSLABS,2169.00,562.4561,1219967.32,2025-02-07,634.0278,633.2805,0.0000,0.00,-153617.98,-155239.06,2382710.61,"Rank 29 of 168, below exit rank 5"
2025-04-09,2025-04-08,185,EXIT,SBICARD,1484.00,837.2668,1242503.93,2025-03-10,831.8856,831.8856,0.0000,0.00,7985.64,7985.64,3625214.54,"Rank 3 of 168, within exit rank 5 but not reselected (sector cap or book capacity)"
2025-04-09,2025-04-08,185,TRIM,INDIGO,26.00,5136.8192,133557.30,2025-03-10,4658.1280,4658.1280,4658.1280,239.00,12445.97,,3758771.84,"Re-sized to target allocation (rank 6 of 168, in top.n selection)"
2025-04-09,2025-04-08,185,ADD,SRF,26.00,2746.6393,71412.62,2025-02-07,2894.8384,2894.8384,2886.2183,447.00,,,3687359.22,"Re-sized to target allocation (rank 2 of 168, in top.n selection)"
2025-04-09,2025-04-08,185,ENTRY,BAJFINANCE,1410.00,870.7414,1227745.39,2025-04-09,870.7414,0.0000,870.7414,1410.00,,,2459613.83,Entered: rank 1 of 168 (top.n=5)
2025-04-09,2025-04-08,185,ENTRY,BDL,963.00,1274.5179,1227360.72,2025-04-09,1274.5179,0.0000,1274.5179,963.00,,,1232253.10,"Entered: rank 11 of 168 (top.n=5, higher-ranked names skipped by sector cap)"
2025-04-09,2025-04-08,185,ENTRY,GODFRYPHLP,549.00,2235.4868,1227282.25,2025-04-09,2235.4868,0.0000,2235.4868,549.00,,,4970.85,"Entered: rank 7 of 168 (top.n=5, higher-ranked names skipped by sector cap)"
2025-05-13,2025-05-12,186,EXIT,BAJFINANCE,1410.00,890.6208,1255775.33,2025-04-09,870.7414,870.7414,0.0000,0.00,28029.94,28029.94,1260746.18,"Rank 6 of 170, below exit rank 5"
2025-05-13,2025-05-12,186,EXIT,INDIGO,239.00,5491.7198,1312521.03,2025-03-10,4658.1280,4658.1280,0.0000,0.00,199228.43,199228.43,2573267.20,"Rank 16 of 170, below exit rank 5"
2025-05-13,2025-05-12,186,EXIT,SRF,447.00,2999.3095,1340691.35,2025-02-07,2894.8384,2886.2183,0.0000,0.00,50551.76,46698.59,3913958.55,"Rank 5 of 170, within exit rank 5 but not reselected (sector cap or book capacity)"
2025-05-13,2025-05-12,186,TRIM,BDL,72.00,1563.1761,112548.68,2025-04-09,1274.5179,1274.5179,1274.5179,891.00,20783.39,,4026507.23,"Re-sized to target allocation (rank 2 of 170, in top.n selection)"
2025-05-13,2025-05-12,186,TRIM,GODFRYPHLP,55.00,2815.9664,154878.15,2025-04-09,2235.4868,2235.4868,2235.4868,494.00,31926.38,,4181385.38,"Re-sized to target allocation (rank 1 of 170, in top.n selection)"
2025-05-13,2025-05-12,186,ENTRY,NYKAA,7000.00,199.0000,1393000.00,2025-05-13,199.0000,0.0000,199.0000,7000.00,,,2788385.38,"Entered: rank 14 of 170 (top.n=5, higher-ranked names skipped by sector cap)"
2025-05-13,2025-05-12,186,ENTRY,SBICARD,1559.00,893.5197,1392997.21,2025-05-13,893.5197,0.0000,893.5197,1559.00,,,1395388.17,Entered: rank 4 of 170 (top.n=5)
2025-05-13,2025-05-12,186,ENTRY,UPL,2096.00,664.3311,1392438.04,2025-05-13,664.3311,0.0000,664.3311,2096.00,,,2950.13,Entered: rank 3 of 170 (top.n=5)
2025-06-10,2025-06-09,187,EXIT,BDL,891.00,1961.5625,1747752.16,2025-04-09,1274.5179,1274.5179,0.0000,0.00,612156.73,612156.73,1750702.29,"Rank 5 of 170, within exit rank 5 but not reselected (sector cap or book capacity)"
2025-06-10,2025-06-09,187,EXIT,NYKAA,7000.00,203.9600,1427720.05,2025-05-13,199.0000,199.0000,0.0000,0.00,34720.05,34720.05,3178422.34,"Rank 50 of 170, below exit rank 5"
2025-06-10,2025-06-09,187,EXIT,SBICARD,1559.00,1017.4356,1586182.07,2025-05-13,893.5197,893.5197,0.0000,0.00,193184.86,193184.86,4764604.41,"Rank 20 of 170, below exit rank 5"
2025-06-10,2025-06-09,187,EXIT,UPL,2096.00,631.9930,1324657.24,2025-05-13,664.3311,664.3311,0.0000,0.00,-67780.80,-67780.80,6089261.65,"Rank 61 of 170, below exit rank 5"
2025-06-10,2025-06-09,187,ADD,GODFRYPHLP,51.00,2728.8864,139173.20,2025-04-09,2235.4868,2235.4868,2281.6581,545.00,,,5950088.44,"Re-sized to target allocation (rank 1 of 170, in top.n selection)"
2025-06-10,2025-06-09,187,ENTRY,BSE,495.00,3001.3928,1485689.45,2025-06-10,3001.3928,0.0000,3001.3928,495.00,,,4464398.99,Entered: rank 3 of 170 (top.n=5)
2025-06-10,2025-06-09,187,ENTRY,COROMANDEL,622.00,2390.3174,1486777.45,2025-06-10,2390.3174,0.0000,2390.3174,622.00,,,2977621.54,"Entered: rank 11 of 170 (top.n=5, higher-ranked names skipped by sector cap)"
2025-06-10,2025-06-09,187,ENTRY,MODEFENCE,14949.00,99.5000,1487425.50,2025-06-10,99.5000,0.0000,99.5000,14949.00,,,1490196.04,"Entered: rank 6 of 170 (top.n=5, higher-ranked names skipped by sector cap)"
2025-06-10,2025-06-09,187,ENTRY,POWERINDIA,82.00,18135.4092,1487103.56,2025-06-10,18135.4092,0.0000,18135.4092,82.00,,,3092.49,Entered: rank 2 of 170 (top.n=5)
2025-07-08,2025-07-07,188,EXIT,BSE,495.00,2633.0632,1303366.26,2025-06-10,3001.3928,3001.3928,0.0000,0.00,-182323.19,-182323.19,1306458.75,"Rank 18 of 172, below exit rank 5"
2025-07-08,2025-07-07,188,EXIT,COROMANDEL,622.00,2243.0046,1395148.88,2025-06-10,2390.3174,2390.3174,0.0000,0.00,-91628.57,-91628.57,2701607.62,"Rank 21 of 172, below exit rank 5"
2025-07-08,2025-07-07,188,EXIT,POWERINDIA,82.00,19619.6243,1608809.19,2025-06-10,18135.4092,18135.4092,0.0000,0.00,121705.63,121705.63,4310416.81,"Rank 3 of 172, within exit rank 5 but not reselected (sector cap or book capacity)"
2025-07-08,2025-07-07,188,TRIM,GODFRYPHLP,22.00,2781.3615,61189.95,2025-04-09,2235.4868,2281.6581,2281.6581,523.00,10993.47,,4371606.77,"Re-sized to target allocation (rank 14 of 172, in top.n selection)"
2025-07-08,2025-07-07,188,TRIM,MODEFENCE,5.00,97.4700,487.35,2025-06-10,99.5000,99.5000,99.5000,14944.00,-10.15,,4372094.12,"Re-sized to target allocation (rank 5 of 172, in top.n selection)"
2025-07-08,2025-07-07,188,ENTRY,ABCAPITAL,5273.00,276.2500,1456666.25,2025-07-08,276.2500,0.0000,276.2500,5273.00,,,2915427.87,Entered: rank 2 of 172 (top.n=5)
2025-07-08,2025-07-07,188,ENTRY,BDL,754.00,1931.6910,1456495.00,2025-07-08,1931.6910,0.0000,1931.6910,754.00,,,1458932.86,Entered: rank 1 of 172 (top.n=5)
2025-07-08,2025-07-07,188,ENTRY,LAURUSLABS,1882.00,773.5908,1455897.96,2025-07-08,773.5908,0.0000,773.5908,1882.00,,,3034.90,"Entered: rank 13 of 172 (top.n=5, higher-ranked names skipped by sector cap)"
2025-08-05,2025-08-04,189,EXIT,ABCAPITAL,5273.00,279.0000,1471167.00,2025-07-08,276.2500,276.2500,0.0000,0.00,14500.75,14500.75,1474201.90,"Rank 5 of 172, within exit rank 5 but not reselected (sector cap or book capacity)"
2025-08-05,2025-08-04,189,EXIT,BDL,754.00,1583.1900,1193725.28,2025-07-08,1931.6910,1931.6910,0.0000,0.00,-262769.72,-262769.72,2667927.19,"Rank 34 of 172, below exit rank 5"
2025-08-05,2025-08-04,189,EXIT,MODEFENCE,14944.00,86.9000,1298633.62,2025-06-10,99.5000,99.5000,0.0000,0.00,-188294.38,-188294.38,3966560.81,"Rank 31 of 172, below exit rank 5"
2025-08-05,2025-08-04,189,TRIM,GODFRYPHLP,55.00,3070.5455,168880.00,2025-04-09,2235.4868,2281.6581,2281.6581,468.00,43388.80,,4135440.81,"Re-sized to target allocation (rank 9 of 172, in top.n selection)"
2025-08-05,2025-08-04,189,TRIM,LAURUSLABS,210.00,859.5842,180512.69,2025-07-08,773.5908,773.5908,773.5908,1672.00,18058.62,,4315953.50,"Re-sized to target allocation (rank 10 of 172, in top.n selection)"
2025-08-05,2025-08-04,189,ENTRY,BSE,578.00,2485.4521,1436591.32,2025-08-05,2485.4521,0.0000,2485.4521,578.00,,,2879362.18,Entered: rank 3 of 172 (top.n=5)
2025-08-05,2025-08-04,189,ENTRY,ETERNAL,4685.00,306.9000,1437826.47,2025-08-05,306.9000,0.0000,306.9000,4685.00,,,1441535.71,"Entered: rank 8 of 172 (top.n=5, higher-ranked names skipped by sector cap)"
2025-08-05,2025-08-04,189,ENTRY,POWERINDIA,67.00,21188.7954,1419649.29,2025-08-05,21188.7954,0.0000,21188.7954,67.00,,,21886.42,Entered: rank 1 of 172 (top.n=5)
2025-09-04,2025-09-03,190,EXIT,BSE,578.00,2233.1167,1290741.47,2025-08-05,2485.4521,2485.4521,0.0000,0.00,-145849.85,-145849.85,1312627.89,"Rank 100 of 172, below exit rank 5"
2025-09-04,2025-09-03,190,EXIT,GODFRYPHLP,468.00,3430.1939,1605330.74,2025-04-09,2235.4868,2281.6581,0.0000,0.00,537514.73,559122.91,2917958.63,"Rank 19 of 172, below exit rank 5"
2025-09-04,2025-09-03,190,EXIT,LAURUSLABS,1672.00,883.3909,1477029.56,2025-07-08,773.5908,773.5908,0.0000,0.00,183585.68,183585.68,4394988.19,"Rank 7 of 172, below exit rank 5"
2025-09-04,2025-09-03,190,EXIT,POWERINDIA,67.00,19384.3717,1298752.90,2025-08-05,21188.7954,21188.7954,0.0000,0.00,-120896.39,-120896.39,5693741.09,"Rank 10 of 172, below exit rank 5"
2025-09-04,2025-09-03,190,TRIM,ETERNAL,277.00,328.0000,90856.00,2025-08-05,306.9000,306.9000,306.9000,4408.00,5844.70,,5784597.09,"Re-sized to target allocation (rank 3 of 172, in top.n selection)"
2025-09-04,2025-09-03,190,ENTRY,GLENMARK,716.00,2018.0373,1444914.70,2025-09-04,2018.0373,0.0000,2018.0373,716.00,,,4339682.39,Entered: rank 4 of 172 (top.n=5)
2025-09-04,2025-09-03,190,ENTRY,GVT&D,511.00,2828.0003,1445108.14,2025-09-04,2828.0003,0.0000,2828.0003,511.00,,,2894574.25,Entered: rank 1 of 172 (top.n=5)
2025-09-04,2025-09-03,190,ENTRY,HEROMOTOCO,271.00,5321.4759,1442119.96,2025-09-04,5321.4759,0.0000,5321.4759,271.00,,,1452454.29,"Entered: rank 8 of 172 (top.n=5, higher-ranked names skipped by sector cap)"
2025-09-04,2025-09-03,190,ENTRY,PAYTM,1115.00,1296.0000,1445040.00,2025-09-04,1296.0000,0.0000,1296.0000,1115.00,,,7414.29,Entered: rank 2 of 172 (top.n=5)
2025-10-03,2025-10-01,191,EXIT,GLENMARK,716.00,1957.2524,1401392.75,2025-09-04,2018.0373,2018.0373,0.0000,0.00,-43521.95,-43521.95,1408807.04,"Rank 5 of 172, within exit rank 5 but not reselected (sector cap or book capacity)"
2025-10-03,2025-10-01,191,EXIT,HEROMOTOCO,271.00,5282.8094,1431641.34,2025-09-04,5321.4759,5321.4759,0.0000,0.00,-10478.62,-10478.62,2840448.38,"Rank 13 of 172, below exit rank 5"
2025-10-03,2025-10-01,191,EXIT,PAYTM,1115.00,1148.6000,1280688.97,2025-09-04,1296.0000,1296.0000,0.0000,0.00,-164351.03,-164351.03,4121137.35,"Rank 9 of 172, below exit rank 5"
2025-10-03,2025-10-01,191,TRIM,ETERNAL,35.00,326.2000,11417.00,2025-08-05,306.9000,306.9000,306.9000,4373.00,675.50,,4132554.35,"Re-sized to target allocation (rank 3 of 172, in top.n selection)"
2025-10-03,2025-10-01,191,TRIM,GVT&D,48.00,3081.3731,147905.91,2025-09-04,2828.0003,2828.0003,2828.0003,463.00,12161.90,,4280460.26,"Re-sized to target allocation (rank 7 of 172, in top.n selection)"
2025-10-03,2025-10-01,191,ENTRY,EICHERMOT,205.00,6927.4564,1420128.57,2025-10-03,6927.4564,0.0000,6927.4564,205.00,,,2860331.69,"Entered: rank 10 of 172 (top.n=5, higher-ranked names skipped by sector cap)"
2025-10-03,2025-10-01,191,ENTRY,LAURUSLABS,1639.00,870.4145,1426609.31,2025-10-03,870.4145,0.0000,870.4145,1639.00,,,1433722.38,Entered: rank 4 of 172 (top.n=5)
2025-10-03,2025-10-01,191,ENTRY,TATAINVEST,1352.00,1054.5613,1425766.85,2025-10-03,1054.5613,0.0000,1054.5613,1352.00,,,7955.54,Entered: rank 1 of 172 (top.n=5)
2025-11-03,2025-10-31,192,EXIT,EICHERMOT,205.00,6957.1455,1426214.83,2025-10-03,6927.4564,6927.4564,0.0000,0.00,6086.26,6086.26,1434170.37,"Rank 10 of 172, below exit rank 5"
2025-11-03,2025-10-31,192,EXIT,ETERNAL,4373.00,316.4500,1383835.90,2025-08-05,306.9000,306.9000,0.0000,0.00,41762.23,41762.23,2818006.27,"Rank 14 of 172, below exit rank 5"
2025-11-03,2025-10-31,192,EXIT,GVT&D,463.00,3032.4941,1404044.77,2025-09-04,2828.0003,2828.0003,0.0000,0.00,94680.65,94680.65,4222051.04,"Rank 13 of 172, below exit rank 5"
2025-11-03,2025-10-31,192,EXIT,TATAINVEST,1352.00,793.9056,1073360.33,2025-10-03,1054.5613,1054.5613,0.0000,0.00,-352406.52,-352406.52,5295411.37,"Rank 22 of 172, below exit rank 5"
2025-11-03,2025-10-31,192,TRIM,LAURUSLABS,205.00,956.9972,196184.43,2025-10-03,870.4145,870.4145,870.4145,1434.00,17749.46,,5491595.80,"Re-sized to target allocation (rank 2 of 172, in top.n selection)"
2025-11-03,2025-10-31,192,ENTRY,HEROMOTOCO,254.00,5393.4921,1369947.00,2025-11-03,5393.4921,0.0000,5393.4921,254.00,,,4121648.81,"Entered: rank 6 of 172 (top.n=5, higher-ranked names skipped by sector cap)"
2025-11-03,2025-10-31,192,ENTRY,HINDALCO,1627.00,843.4499,1372293.04,2025-11-03,843.4499,0.0000,843.4499,1627.00,,,2749355.76,"Entered: rank 8 of 172 (top.n=5, higher-ranked names skipped by sector cap)"
2025-11-03,2025-10-31,192,ENTRY,IDEA,150031.00,9.1500,1372783.59,2025-11-03,9.1500,0.0000,9.1500,150031.00,,,1376572.17,"Entered: rank 9 of 172 (top.n=5, higher-ranked names skipped by sector cap)"
2025-11-03,2025-10-31,192,ENTRY,PAYTM,1055.00,1300.1000,1371605.47,2025-11-03,1300.1000,0.0000,1300.1000,1055.00,,,4966.70,Entered: rank 1 of 172 (top.n=5)
2025-12-02,2025-12-01,193,EXIT,HINDALCO,1627.00,806.7912,1312649.29,2025-11-03,843.4499,843.4499,0.0000,0.00,-59643.75,-59643.75,1317615.99,"Rank 23 of 172, below exit rank 5"
2025-12-02,2025-12-01,193,EXIT,LAURUSLABS,1434.00,1027.1773,1472972.23,2025-10-03,870.4145,870.4145,0.0000,0.00,224797.88,224797.88,2790588.22,"Rank 16 of 172, below exit rank 5"
2025-12-02,2025-12-01,193,EXIT,PAYTM,1055.00,1366.7000,1441868.45,2025-11-03,1300.1000,1300.1000,0.0000,0.00,70262.97,70262.97,4232456.67,"Rank 14 of 172, below exit rank 5"
2025-12-02,2025-12-01,193,TRIM,HEROMOTOCO,15.00,6118.9725,91784.59,2025-11-03,5393.4921,5393.4921,5393.4921,239.00,10882.21,,4324241.25,"Re-sized to target allocation (rank 2 of 172, in top.n selection)"
2025-12-02,2025-12-01,193,TRIM,IDEA,6561.00,10.2000,66922.20,2025-11-03,9.1500,9.1500,9.1500,143470.00,6889.05,,4391163.45,"Re-sized to target allocation (rank 6 of 172, in top.n selection)"
2025-12-02,2025-12-01,193,ENTRY,ASHOKLEY,9302.00,157.3163,1463356.64,2025-12-02,157.3163,0.0000,157.3163,9302.00,,,2927806.81,"Entered: rank 13 of 172 (top.n=5, higher-ranked names skipped by sector cap)"
2025-12-02,2025-12-01,193,ENTRY,LTF,4782.00,305.9995,1463289.64,2025-12-02,305.9995,0.0000,305.9995,4782.00,,,1464517.17,Entered: rank 1 of 172 (top.n=5)
2025-12-02,2025-12-01,193,ENTRY,NATIONALUM,5612.00,260.7453,1463302.76,2025-12-02,260.7453,0.0000,260.7453,5612.00,,,1214.41,Entered: rank 5 of 172 (top.n=5)
2025-12-31,2025-12-30,194,EXIT,HEROMOTOCO,239.00,5519.1582,1319078.81,2025-11-03,5393.4921,5393.4921,0.0000,0.00,30034.19,30034.19,1320293.22,"Rank 38 of 172, below exit rank 5"
2025-12-31,2025-12-30,194,EXIT,LTF,4782.00,301.2979,1440806.61,2025-12-02,305.9995,305.9995,0.0000,0.00,-22483.03,-22483.03,2761099.83,"Rank 5 of 172, within exit rank 5 but not reselected (sector cap or book capacity)"
2025-12-31,2025-12-30,194,TRIM,ASHOKLEY,313.00,175.4864,54927.24,2025-12-02,157.3163,157.3163,157.3163,8989.00,5687.22,,2816027.06,"Re-sized to target allocation (rank 6 of 172, in top.n selection)"
2025-12-31,2025-12-30,194,TRIM,IDEA,13738.00,12.1600,167054.08,2025-11-03,9.1500,9.1500,9.1500,129732.00,41351.38,,2983081.14,"Re-sized to target allocation (rank 1 of 172, in top.n selection)"
2025-12-31,2025-12-30,194,TRIM,NATIONALUM,553.00,311.7671,172407.19,2025-12-02,260.7453,260.7453,260.7453,5059.00,28215.03,,3155488.33,"Re-sized to target allocation (rank 2 of 172, in top.n selection)"
2025-12-31,2025-12-30,194,ENTRY,BHARATFORG,1062.00,1484.6927,1576743.67,2025-12-31,1484.6927,0.0000,1484.6927,1062.00,,,1578744.66,"Entered: rank 12 of 172 (top.n=5, higher-ranked names skipped by sector cap)"
2025-12-31,2025-12-30,194,ENTRY,SHRIRAMFIN,1613.00,977.4708,1576660.39,2025-12-31,977.4708,0.0000,977.4708,1613.00,,,2084.27,Entered: rank 3 of 172 (top.n=5)
2026-01-29,2026-01-28,195,EXIT,BHARATFORG,1062.00,1455.0168,1545227.85,2025-12-31,1484.6927,1484.6927,0.0000,0.00,-31515.82,-31515.82,1547312.12,"Rank 28 of 172, below exit rank 5"
2026-01-29,2026-01-28,195,TRIM,ASHOKLEY,426.00,193.1058,82263.07,2025-12-02,157.3163,157.3163,157.3163,8563.00,15246.31,,1629575.20,"Re-sized to target allocation (rank 5 of 172, in top.n selection)"
2026-01-29,2026-01-28,195,ADD,IDEA,34972.00,10.0400,351118.88,2025-11-03,9.1500,9.1500,9.3390,164704.00,,,1278456.32,"Re-sized to target allocation (rank 12 of 172, in top.n selection)"
2026-01-29,2026-01-28,195,TRIM,NATIONALUM,964.00,403.7631,389227.65,2025-12-02,260.7453,260.7453,260.7453,4095.00,137869.16,,1667683.97,"Re-sized to target allocation (rank 1 of 172, in top.n selection)"
2026-01-29,2026-01-28,195,ADD,SHRIRAMFIN,13.00,1016.6492,13216.44,2025-12-31,977.4708,977.4708,977.7840,1626.00,,,1654467.53,"Re-sized to target allocation (rank 2 of 172, in top.n selection)"
2026-01-29,2026-01-28,195,ENTRY,PSUBNKBEES,16586.00,99.7000,1653624.15,2026-01-29,99.7000,0.0000,99.7000,16586.00,,,843.38,"Entered: rank 14 of 172 (top.n=5, higher-ranked names skipped by sector cap)"
2026-02-26,2026-02-25,196,EXIT,IDEA,164704.00,10.7500,1770568.00,2025-11-03,9.1500,9.3390,0.0000,0.00,232401.37,263526.46,1771411.38,"Rank 20 of 173, below exit rank 5"
2026-02-26,2026-02-25,196,EXIT,PSUBNKBEES,16586.00,110.4000,1831094.43,2026-01-29,99.7000,99.7000,0.0000,0.00,177470.28,177470.28,3602505.80,"Rank 12 of 173, below exit rank 5"
2026-02-26,2026-02-25,196,TRIM,ASHOKLEY,276.00,208.1000,57435.61,2025-12-02,157.3163,157.3163,157.3163,8287.00,14016.29,,3659941.41,"Re-sized to target allocation (rank 3 of 173, in top.n selection)"
2026-02-26,2026-02-25,196,ADD,NATIONALUM,683.00,360.8806,246481.43,2025-12-02,260.7453,260.7453,275.0593,4778.00,,,3413459.98,"Re-sized to target allocation (rank 1 of 173, in top.n selection)"
2026-02-26,2026-02-25,196,TRIM,SHRIRAMFIN,34.00,1082.8746,36817.74,2025-12-31,977.4708,977.7840,977.7840,1592.00,3573.08,,3450277.72,"Re-sized to target allocation (rank 2 of 173, in top.n selection)"
2026-02-26,2026-02-25,196,ENTRY,BHARATFORG,909.00,1896.3465,1723778.94,2026-02-26,1896.3465,0.0000,1896.3465,909.00,,,1726498.78,Entered: rank 4 of 173 (top.n=5)
2026-02-26,2026-02-25,196,ENTRY,INDUSTOWER,3867.00,445.9181,1724365.46,2026-02-26,445.9181,0.0000,445.9181,3867.00,,,2133.32,"Entered: rank 9 of 173 (top.n=5, higher-ranked names skipped by sector cap)"
2026-03-30,2026-03-27,197,EXIT,ASHOKLEY,8287.00,156.6281,1297976.92,2025-12-02,157.3163,157.3163,0.0000,0.00,-5703.64,-5703.64,1300110.24,"Rank 16 of 175, below exit rank 5"
2026-03-30,2026-03-27,197,EXIT,INDUSTOWER,3867.00,409.6337,1584053.45,2026-02-26,445.9181,445.9181,0.0000,0.00,-140312.00,-140312.00,2884163.69,"Rank 24 of 175, below exit rank 5"
2026-03-30,2026-03-27,197,EXIT,SHRIRAMFIN,1592.00,883.0052,1405744.23,2025-12-31,977.4708,977.7840,0.0000,0.00,-150887.94,-150389.27,4289907.92,"Rank 17 of 175, below exit rank 5"
2026-03-30,2026-03-27,197,TRIM,BHARATFORG,5.00,1684.8881,8424.44,2026-02-26,1896.3465,1896.3465,1896.3465,904.00,-1057.29,,4298332.36,"Re-sized to target allocation (rank 4 of 175, in top.n selection)"
2026-03-30,2026-03-27,197,TRIM,NATIONALUM,736.00,377.1579,277588.21,2025-12-02,260.7453,275.0593,275.0593,4042.00,75144.54,,4575920.57,"Re-sized to target allocation (rank 1 of 175, in top.n selection)"
2026-03-30,2026-03-27,197,ENTRY,GVT&D,418.00,3645.9757,1524017.83,2026-03-30,3645.9757,0.0000,3645.9757,418.00,,,3051902.74,Entered: rank 2 of 175 (top.n=5)
2026-03-30,2026-03-27,197,ENTRY,LENSKART,3047.00,500.3000,1524414.06,2026-03-30,500.3000,0.0000,500.3000,3047.00,,,1527488.68,Entered: rank 5 of 175 (top.n=5)
2026-03-30,2026-03-27,197,ENTRY,MCX,644.00,2365.4041,1523320.24,2026-03-30,2365.4041,0.0000,2365.4041,644.00,,,4168.43,Entered: rank 3 of 175 (top.n=5)
2026-04-30,2026-04-29,198,EXIT,GVT&D,418.00,4483.9015,1874270.85,2026-03-30,3645.9757,3645.9757,0.0000,0.00,350253.02,350253.02,1878439.28,"Rank 3 of 175, within exit rank 5 but not reselected (sector cap or book capacity)"
2026-04-30,2026-04-29,198,EXIT,LENSKART,3047.00,511.7500,1559302.25,2026-03-30,500.3000,500.3000,0.0000,0.00,34888.19,34888.19,3437741.53,"Rank 10 of 175, below exit rank 5"
2026-04-30,2026-04-29,198,EXIT,MCX,644.00,2967.7283,1911217.00,2026-03-30,2365.4041,2365.4041,0.0000,0.00,387896.76,387896.76,5348958.53,"Rank 5 of 175, within exit rank 5 but not reselected (sector cap or book capacity)"
2026-04-30,2026-04-29,198,ADD,BHARATFORG,22.00,1898.3404,41763.49,2026-02-26,1896.3465,1896.3465,1896.3938,926.00,,,5307195.04,"Re-sized to target allocation (rank 8 of 175, in top.n selection)"
2026-04-30,2026-04-29,198,ADD,NATIONALUM,69.00,427.7765,29516.58,2025-12-02,260.7453,275.0593,277.6226,4111.00,,,5277678.47,"Re-sized to target allocation (rank 2 of 175, in top.n selection)"
2026-04-30,2026-04-29,198,ENTRY,GROWW,8249.00,213.2000,1758686.77,2026-04-30,213.2000,0.0000,213.2000,8249.00,,,3518991.69,Entered: rank 4 of 175 (top.n=5)
2026-04-30,2026-04-29,198,ENTRY,ONGC,5793.00,303.6080,1758801.36,2026-04-30,303.6080,0.0000,303.6080,5793.00,,,1760190.33,"Entered: rank 9 of 175 (top.n=5, higher-ranked names skipped by sector cap)"
2026-04-30,2026-04-29,198,ENTRY,POWERINDIA,53.00,32967.1294,1747257.86,2026-04-30,32967.1294,0.0000,32967.1294,53.00,,,12932.47,Entered: rank 1 of 175 (top.n=5)
2026-05-28,2026-05-27,199,EXIT,BHARATFORG,926.00,1932.7361,1789713.61,2026-02-26,1896.3465,1896.3938,0.0000,0.00,33652.91,33696.78,1802646.09,"Rank 11 of 176, below exit rank 5"
2026-05-28,2026-05-27,199,EXIT,GROWW,8249.00,187.3500,1545450.20,2026-04-30,213.2000,213.2000,0.0000,0.00,-213236.57,-213236.57,3348096.29,"Rank 36 of 176, below exit rank 5"
2026-05-28,2026-05-27,199,EXIT,NATIONALUM,4111.00,431.9521,1775755.28,2025-12-02,260.7453,277.6226,0.0000,0.00,634448.85,703831.25,5123851.57,"Rank 26 of 176, below exit rank 5"
2026-05-28,2026-05-27,199,EXIT,ONGC,5793.00,272.8888,1580844.61,2026-04-30,303.6080,303.6080,0.0000,0.00,-177956.75,-177956.75,6704696.17,"Rank 42 of 176, below exit rank 5"
2026-05-28,2026-05-27,199,TRIM,POWERINDIA,7.00,37541.0352,262787.25,2026-04-30,32967.1294,32967.1294,32967.1294,46.00,32017.34,,6967483.42,"Re-sized to target allocation (rank 1 of 176, in top.n selection)"
2026-05-28,2026-05-27,199,ENTRY,ADANIENT,585.00,2971.7715,1738486.32,2026-05-28,2971.7715,0.0000,2971.7715,585.00,,,5228997.10,"Entered: rank 8 of 176 (top.n=5, higher-ranked names skipped by sector cap)"
2026-05-28,2026-05-27,199,ENTRY,ATGL,2151.00,808.2677,1738583.82,2026-05-28,808.2677,0.0000,808.2677,2151.00,,,3490413.28,Entered: rank 5 of 176 (top.n=5)
2026-05-28,2026-05-27,199,ENTRY,BSE,410.00,4237.2368,1737267.09,2026-05-28,4237.2368,0.0000,4237.2368,410.00,,,1753146.18,Entered: rank 4 of 176 (top.n=5)
2026-05-28,2026-05-27,199,ENTRY,OFSS,168.00,10299.5000,1730316.00,2026-05-28,10299.5000,0.0000,10299.5000,168.00,,,22830.18,"Entered: rank 7 of 176 (top.n=5, higher-ranked names skipped by sector cap)"
2026-06-25,2026-06-24,200,EXIT,BSE,410.00,3894.7392,1596843.09,2026-05-28,4237.2368,4237.2368,0.0000,0.00,-140424.01,-140424.01,1619673.27,"Rank 15 of 176, below exit rank 5"
2026-06-25,2026-06-24,200,EXIT,POWERINDIA,46.00,34291.8106,1577423.29,2026-04-30,32967.1294,32967.1294,0.0000,0.00,60935.34,60935.34,3197096.56,"Rank 3 of 176, within exit rank 5 but not reselected (sector cap or book capacity)"
2026-06-25,2026-06-24,200,TRIM,ADANIENT,46.00,3086.0000,141956.00,2026-05-28,2971.7715,2971.7715,2971.7715,539.00,5254.51,,3339052.56,"Re-sized to target allocation (rank 6 of 176, in top.n selection)"
2026-06-25,2026-06-24,200,ADD,ATGL,151.00,723.0000,109173.00,2026-05-28,808.2677,808.2677,802.6746,2302.00,,,3229879.56,"Re-sized to target allocation (rank 8 of 176, in top.n selection)"
2026-06-25,2026-06-24,200,TRIM,OFSS,10.00,10504.0000,105040.00,2026-05-28,10299.5000,10299.5000,10299.5000,158.00,2045.00,,3334919.56,"Re-sized to target allocation (rank 1 of 176, in top.n selection)"
2026-06-25,2026-06-24,200,ENTRY,BHEL,4126.00,403.3987,1664423.12,2026-06-25,403.3987,0.0000,403.3987,4126.00,,,1670496.44,Entered: rank 2 of 176 (top.n=5)
2026-06-25,2026-06-24,200,ENTRY,LAURUSLABS,1143.00,1455.5000,1663636.50,2026-06-25,1455.5000,0.0000,1455.5000,1143.00,,,6859.94,Entered: rank 4 of 176 (top.n=5)
2026-07-23,2026-07-22,201,EXIT,ATGL,2302.00,682.0000,1569964.00,2026-05-28,808.2677,802.6746,0.0000,0.00,-277792.82,-290668.25,1576823.94,"Rank 44 of 176, below exit rank 5"
2026-07-23,2026-07-22,201,ADD,ADANIENT,5.00,3147.1001,15735.50,2026-05-28,2971.7715,2971.7715,2973.3830,544.00,,,1561088.44,"Re-sized to target allocation (rank 3 of 176, in top.n selection)"
2026-07-23,2026-07-22,201,ADD,BHEL,2.00,415.4500,830.90,2026-06-25,403.3987,403.3987,403.4046,4128.00,,,1560257.54,"Re-sized to target allocation (rank 2 of 176, in top.n selection)"
2026-07-23,2026-07-22,201,TRIM,LAURUSLABS,56.00,1577.7000,88351.20,2026-06-25,1455.5000,1455.5000,1455.5000,1087.00,6843.20,,1648608.74,"Re-sized to target allocation (rank 4 of 176, in top.n selection)"
2026-07-23,2026-07-22,201,TRIM,OFSS,7.00,11299.0000,79093.00,2026-05-28,10299.5000,10299.5000,10299.5000,151.00,6996.50,,1727701.74,"Re-sized to target allocation (rank 1 of 176, in top.n selection)"
2026-07-23,2026-07-22,201,ENTRY,KALYANKJIL,2879.00,595.6695,1714932.43,2026-07-23,595.6695,0.0000,595.6695,2879.00,,,12769.30,Entered: rank 5 of 176 (top.n=5)
2026-08-20,2026-08-19,202,EXIT,ADANIENT,544.00,3000.0000,1632000.00,2026-05-28,2971.7715,2973.3830,0.0000,0.00,14479.67,15356.31,1644769.30,"Rank 9 of 176, below exit rank 5"
2026-08-20,2026-08-19,202,EXIT,BHEL,4128.00,422.9000,1745731.17,2026-06-25,403.3987,403.4046,0.0000,0.00,80477.15,80501.26,3390500.48,"Rank 8 of 176, below exit rank 5"
2026-08-20,2026-08-19,202,EXIT,KALYANKJIL,2879.00,598.2589,1722387.42,2026-07-23,595.6695,595.6695,0.0000,0.00,7454.99,7454.99,5112887.90,"Rank 10 of 176, below exit rank 5"
2026-08-20,2026-08-19,202,TRIM,LAURUSLABS,112.00,1819.0000,203728.00,2026-06-25,1455.5000,1455.5000,1455.5000,975.00,40712.00,,5316615.90,"Re-sized to target allocation (rank 1 of 176, in top.n selection)"
2026-08-20,2026-08-19,202,TRIM,OFSS,1.00,11825.0000,11825.00,2026-05-28,10299.5000,10299.5000,10299.5000,150.00,1525.50,,5328440.90,"Re-sized to target allocation (rank 2 of 176, in top.n selection)"
2026-08-20,2026-08-19,202,ENTRY,EXIDEIND,3818.00,464.9000,1774988.18,2026-08-20,464.9000,0.0000,464.9000,3818.00,,,3553452.72,Entered: rank 5 of 176 (top.n=5)
2026-08-20,2026-08-19,202,ENTRY,IDEA,125540.00,14.1400,1775135.64,2026-08-20,14.1400,0.0000,14.1400,125540.00,,,1778317.08,Entered: rank 4 of 176 (top.n=5)
2026-08-20,2026-08-19,202,ENTRY,RADICO,376.00,4710.7998,1771260.73,2026-08-20,4710.7998,0.0000,4710.7998,376.00,,,7056.35,Entered: rank 3 of 176 (top.n=5)
2026-09-17,2026-09-16,203,EXIT,EXIDEIND,3818.00,415.3500,1585806.32,2026-08-20,464.9000,464.9000,0.0000,0.00,-189181.85,-189181.85,1592862.67,"Rank 12 of 176, below exit rank 5"
2026-09-17,2026-09-16,203,EXIT,IDEA,125540.00,14.2500,1788945.00,2026-08-20,14.1400,14.1400,0.0000,0.00,13809.36,13809.36,3381807.67,"Rank 27 of 176, below exit rank 5"
2026-09-17,2026-09-16,203,EXIT,OFSS,150.00,11500.0000,1725000.00,2026-05-28,10299.5000,10299.5000,0.0000,0.00,180075.00,180075.00,5106807.67,"Rank 8 of 176, below exit rank 5"
2026-09-17,2026-09-16,203,EXIT,RADICO,376.00,4450.0000,1673200.00,2026-08-20,4710.7998,4710.7998,0.0000,0.00,-98060.73,-98060.73,6780007.67,"Rank 7 of 176, below exit rank 5"
2026-09-17,2026-09-16,203,TRIM,LAURUSLABS,66.00,1898.0000,125268.00,2026-06-25,1455.5000,1455.5000,1455.5000,909.00,29205.00,,6905275.67,"Re-sized to target allocation (rank 3 of 176, in top.n selection)"
2026-09-17,2026-09-16,203,ENTRY,COFORGE,976.00,1766.8000,1724396.85,2026-09-17,1766.8000,0.0000,1766.8000,976.00,,,5180878.83,Entered: rank 5 of 176 (top.n=5)
2026-09-17,2026-09-16,203,ENTRY,KALYANKJIL,2976.00,580.0000,1726080.00,2026-09-17,580.0000,0.0000,580.0000,2976.00,,,3454798.83,Entered: rank 1 of 176 (top.n=5)
2026-09-17,2026-09-16,203,ENTRY,LENSKART,2545.00,678.0000,1725510.00,2026-09-17,678.0000,0.0000,678.0000,2545.00,,,1729288.83,Entered: rank 4 of 176 (top.n=5)
2026-09-17,2026-09-16,203,ENTRY,PAYTM,961.00,1795.0000,1724995.00,2026-09-17,1795.0000,0.0000,1795.0000,961.00,,,4293.83,Entered: rank 2 of 176 (top.n=5)
