date,rebalance_number,positions,cash,invested_value,account_equity,contribution,cumulative_contributions,net_capital,daily_pnl,daily_return_pct,twr_index,drawdown_pct,realized_pnl,unrealized_pnl,total_pnl,missing_prices,reconciliation_diff
2010-01-04,0,0,100000.00,0.00,100000.00,0.00,0.00,100000.00,0.00,0.0000,1.0000000000,0.0000,0.00,0.00,0.00,0,0.0000
2010-01-05,0,0,100000.00,0.00,100000.00,0.00,0.00,100000.00,0.00,0.0000,1.0000000000,0.0000,0.00,0.00,0.00,0,0.0000
2010-01-06,0,0,100000.00,0.00,100000.00,0.00,0.00,100000.00,0.00,0.0000,1.0000000000,0.0000,0.00,0.00,0.00,0,0.0000
2010-01-07,0,0,100000.00,0.00,100000.00,0.00,0.00,100000.00,0.00,0.0000,1.0000000000,0.0000,0.00,0.00,0.00,0,0.0000
2010-01-08,0,0,100000.00,0.00,100000.00,0.00,0.00,100000.00,0.00,0.0000,1.0000000000,0.0000,0.00,0.00,0.00,0,0.0000
2010-01-11,0,0,100000.00,0.00,100000.00,0.00,0.00,100000.00,0.00,0.0000,1.0000000000,0.0000,0.00,0.00,0.00,0,0.0000
2010-01-12,0,0,100000.00,0.00,100000.00,0.00,0.00,100000.00,0.00,0.0000,1.0000000000,0.0000,0.00,0.00,0.00,0,0.0000
2010-01-13,0,0,100000.00,0.00,100000.00,0.00,0.00,100000.00,0.00,0.0000,1.0000000000,0.0000,0.00,0.00,0.00,0,0.0000
2010-01-14,0,0,100000.00,0.00,100000.00,0.00,0.00,100000.00,0.00,0.0000,1.0000000000,0.0000,0.00,0.00,0.00,0,0.0000
2010-01-15,0,0,100000.00,0.00,100000.00,0.00,0.00,100000.00,0.00,0.0000,1.0000000000,0.0000,0.00,0.00,0.00,0,0.0000
2010-01-18,0,0,100000.00,0.00,100000.00,0.00,0.00,100000.00,0.00,0.0000,1.0000000000,0.0000,0.00,0.00,0.00,0,0.0000
2010-01-19,0,0,100000.00,0.00,100000.00,0.00,0.00,100000.00,0.00,0.0000,1.0000000000,0.0000,0.00,0.00,0.00,0,0.0000
2010-01-20,0,0,100000.00,0.00,100000.00,0.00,0.00,100000.00,0.00,0.0000,1.0000000000,0.0000,0.00,0.00,0.00,0,0.0000
2010-01-21,0,0,100000.00,0.00,100000.00,0.00,0.00,100000.00,0.00,0.0000,1.0000000000,0.0000,0.00,0.00,0.00,0,0.0000
2010-01-22,0,0,100000.00,0.00,100000.00,0.00,0.00,100000.00,0.00,0.0000,1.0000000000,0.0000,0.00,0.00,0.00,0,0.0000
2010-01-25,0,0,100000.00,0.00,100000.00,0.00,0.00,100000.00,0.00,0.0000,1.0000000000,0.0000,0.00,0.00,0.00,0,0.0000
2010-01-27,0,0,100000.00,0.00,100000.00,0.00,0.00,100000.00,0.00,0.0000,1.0000000000,0.0000,0.00,0.00,0.00,0,0.0000
2010-01-28,0,0,100000.00,0.00,100000.00,0.00,0.00,100000.00,0.00,0.0000,1.0000000000,0.0000,0.00,0.00,0.00,0,0.0000
2010-01-29,0,0,100000.00,0.00,100000.00,0.00,0.00,100000.00,0.00,0.0000,1.0000000000,0.0000,0.00,0.00,0.00,0,0.0000
2010-02-01,0,0,100000.00,0.00,100000.00,0.00,0.00,100000.00,0.00,0.0000,1.0000000000,0.0000,0.00,0.00,0.00,0,0.0000
2010-02-02,0,0,100000.00,0.00,100000.00,0.00,0.00,100000.00,0.00,0.0000,1.0000000000,0.0000,0.00,0.00,0.00,0,0.0000
2010-02-03,0,0,100000.00,0.00,100000.00,0.00,0.00,100000.00,0.00,0.0000,1.0000000000,0.0000,0.00,0.00,0.00,0,0.0000
2010-02-04,0,0,100000.00,0.00,100000.00,0.00,0.00,100000.00,0.00,0.0000,1.0000000000,0.0000,0.00,0.00,0.00,0,0.0000
2010-02-05,0,0,100000.00,0.00,100000.00,0.00,0.00,100000.00,0.00,0.0000,1.0000000000,0.0000,0.00,0.00,0.00,0,0.0000
2010-02-06,0,0,100000.00,0.00,100000.00,0.00,0.00,100000.00,0.00,0.0000,1.0000000000,0.0000,0.00,0.00,0.00,0,0.0000
2010-02-08,0,0,100000.00,0.00,100000.00,0.00,0.00,100000.00,0.00,0.0000,1.0000000000,0.0000,0.00,0.00,0.00,0,0.0000
2010-02-09,0,0,100000.00,0.00,100000.00,0.00,0.00,100000.00,0.00,0.0000,1.0000000000,0.0000,0.00,0.00,0.00,0,0.0000
2010-02-10,0,0,100000.00,0.00,100000.00,0.00,0.00,100000.00,0.00,0.0000,1.0000000000,0.0000,0.00,0.00,0.00,0,0.0000
2010-02-11,0,0,100000.00,0.00,100000.00,0.00,0.00,100000.00,0.00,0.0000,1.0000000000,0.0000,0.00,0.00,0.00,0,0.0000
2010-02-15,0,0,100000.00,0.00,100000.00,0.00,0.00,100000.00,0.00,0.0000,1.0000000000,0.0000,0.00,0.00,0.00,0,0.0000
2010-02-16,0,0,100000.00,0.00,100000.00,0.00,0.00,100000.00,0.00,0.0000,1.0000000000,0.0000,0.00,0.00,0.00,0,0.0000
2010-02-17,0,0,100000.00,0.00,100000.00,0.00,0.00,100000.00,0.00,0.0000,1.0000000000,0.0000,0.00,0.00,0.00,0,0.0000
2010-02-18,0,0,100000.00,0.00,100000.00,0.00,0.00,100000.00,0.00,0.0000,1.0000000000,0.0000,0.00,0.00,0.00,0,0.0000
2010-02-19,0,0,100000.00,0.00,100000.00,0.00,0.00,100000.00,0.00,0.0000,1.0000000000,0.0000,0.00,0.00,0.00,0,0.0000
2010-02-22,0,0,100000.00,0.00,100000.00,0.00,0.00,100000.00,0.00,0.0000,1.0000000000,0.0000,0.00,0.00,0.00,0,0.0000
2010-02-23,0,0,100000.00,0.00,100000.00,0.00,0.00,100000.00,0.00,0.0000,1.0000000000,0.0000,0.00,0.00,0.00,0,0.0000
2010-02-24,0,0,100000.00,0.00,100000.00,0.00,0.00,100000.00,0.00,0.0000,1.0000000000,0.0000,0.00,0.00,0.00,0,0.0000
2010-02-25,0,0,100000.00,0.00,100000.00,0.00,0.00,100000.00,0.00,0.0000,1.0000000000,0.0000,0.00,0.00,0.00,0,0.0000
2010-02-26,0,0,100000.00,0.00,100000.00,0.00,0.00,100000.00,0.00,0.0000,1.0000000000,0.0000,0.00,0.00,0.00,0,0.0000
2010-03-02,0,0,100000.00,0.00,100000.00,0.00,0.00,100000.00,0.00,0.0000,1.0000000000,0.0000,0.00,0.00,0.00,0,0.0000
2010-03-03,0,0,100000.00,0.00,100000.00,0.00,0.00,100000.00,0.00,0.0000,1.0000000000,0.0000,0.00,0.00,0.00,0,0.0000
2010-03-04,0,0,100000.00,0.00,100000.00,0.00,0.00,100000.00,0.00,0.0000,1.0000000000,0.0000,0.00,0.00,0.00,0,0.0000
2010-03-05,0,0,100000.00,0.00,100000.00,0.00,0.00,100000.00,0.00,0.0000,1.0000000000,0.0000,0.00,0.00,0.00,0,0.0000
2010-03-08,0,0,100000.00,0.00,100000.00,0.00,0.00,100000.00,0.00,0.0000,1.0000000000,0.0000,0.00,0.00,0.00,0,0.0000
2010-03-09,0,0,100000.00,0.00,100000.00,0.00,0.00,100000.00,0.00,0.0000,1.0000000000,0.0000,0.00,0.00,0.00,0,0.0000
2010-03-10,0,0,100000.00,0.00,100000.00,0.00,0.00,100000.00,0.00,0.0000,1.0000000000,0.0000,0.00,0.00,0.00,0,0.0000
2010-03-11,0,0,100000.00,0.00,100000.00,0.00,0.00,100000.00,0.00,0.0000,1.0000000000,0.0000,0.00,0.00,0.00,0,0.0000
2010-03-12,0,0,100000.00,0.00,100000.00,0.00,0.00,100000.00,0.00,0.0000,1.0000000000,0.0000,0.00,0.00,0.00,0,0.0000
2010-03-15,0,0,100000.00,0.00,100000.00,0.00,0.00,100000.00,0.00,0.0000,1.0000000000,0.0000,0.00,0.00,0.00,0,0.0000
2010-03-16,0,0,100000.00,0.00,100000.00,0.00,0.00,100000.00,0.00,0.0000,1.0000000000,0.0000,0.00,0.00,0.00,0,0.0000
2010-03-17,0,0,100000.00,0.00,100000.00,0.00,0.00,100000.00,0.00,0.0000,1.0000000000,0.0000,0.00,0.00,0.00,0,0.0000
2010-03-18,0,0,100000.00,0.00,100000.00,0.00,0.00,100000.00,0.00,0.0000,1.0000000000,0.0000,0.00,0.00,0.00,0,0.0000
2010-03-19,0,0,100000.00,0.00,100000.00,0.00,0.00,100000.00,0.00,0.0000,1.0000000000,0.0000,0.00,0.00,0.00,0,0.0000
2010-03-22,0,0,100000.00,0.00,100000.00,0.00,0.00,100000.00,0.00,0.0000,1.0000000000,0.0000,0.00,0.00,0.00,0,0.0000
2010-03-23,0,0,100000.00,0.00,100000.00,0.00,0.00,100000.00,0.00,0.0000,1.0000000000,0.0000,0.00,0.00,0.00,0,0.0000
2010-03-25,0,0,100000.00,0.00,100000.00,0.00,0.00,100000.00,0.00,0.0000,1.0000000000,0.0000,0.00,0.00,0.00,0,0.0000
2010-03-26,0,0,100000.00,0.00,100000.00,0.00,0.00,100000.00,0.00,0.0000,1.0000000000,0.0000,0.00,0.00,0.00,0,0.0000
2010-03-29,0,0,100000.00,0.00,100000.00,0.00,0.00,100000.00,0.00,0.0000,1.0000000000,0.0000,0.00,0.00,0.00,0,0.0000
2010-03-30,0,0,100000.00,0.00,100000.00,0.00,0.00,100000.00,0.00,0.0000,1.0000000000,0.0000,0.00,0.00,0.00,0,0.0000
2010-03-31,0,0,100000.00,0.00,100000.00,0.00,0.00,100000.00,0.00,0.0000,1.0000000000,0.0000,0.00,0.00,0.00,0,0.0000
2010-04-01,0,0,100000.00,0.00,100000.00,0.00,0.00,100000.00,0.00,0.0000,1.0000000000,0.0000,0.00,0.00,0.00,0,0.0000
2010-04-05,0,0,100000.00,0.00,100000.00,0.00,0.00,100000.00,0.00,0.0000,1.0000000000,0.0000,0.00,0.00,0.00,0,0.0000
2010-04-06,0,0,100000.00,0.00,100000.00,0.00,0.00,100000.00,0.00,0.0000,1.0000000000,0.0000,0.00,0.00,0.00,0,0.0000
2010-04-07,0,0,100000.00,0.00,100000.00,0.00,0.00,100000.00,0.00,0.0000,1.0000000000,0.0000,0.00,0.00,0.00,0,0.0000
2010-04-08,0,0,100000.00,0.00,100000.00,0.00,0.00,100000.00,0.00,0.0000,1.0000000000,0.0000,0.00,0.00,0.00,0,0.0000
2010-04-09,0,0,100000.00,0.00,100000.00,0.00,0.00,100000.00,0.00,0.0000,1.0000000000,0.0000,0.00,0.00,0.00,0,0.0000
2010-04-12,0,0,100000.00,0.00,100000.00,0.00,0.00,100000.00,0.00,0.0000,1.0000000000,0.0000,0.00,0.00,0.00,0,0.0000
2010-04-13,0,0,100000.00,0.00,100000.00,0.00,0.00,100000.00,0.00,0.0000,1.0000000000,0.0000,0.00,0.00,0.00,0,0.0000
2010-04-15,0,0,100000.00,0.00,100000.00,0.00,0.00,100000.00,0.00,0.0000,1.0000000000,0.0000,0.00,0.00,0.00,0,0.0000
2010-04-16,0,0,100000.00,0.00,100000.00,0.00,0.00,100000.00,0.00,0.0000,1.0000000000,0.0000,0.00,0.00,0.00,0,0.0000
2010-04-19,0,0,100000.00,0.00,100000.00,0.00,0.00,100000.00,0.00,0.0000,1.0000000000,0.0000,0.00,0.00,0.00,0,0.0000
2010-04-20,0,0,100000.00,0.00,100000.00,0.00,0.00,100000.00,0.00,0.0000,1.0000000000,0.0000,0.00,0.00,0.00,0,0.0000
2010-04-21,0,0,100000.00,0.00,100000.00,0.00,0.00,100000.00,0.00,0.0000,1.0000000000,0.0000,0.00,0.00,0.00,0,0.0000
2010-04-22,0,0,100000.00,0.00,100000.00,0.00,0.00,100000.00,0.00,0.0000,1.0000000000,0.0000,0.00,0.00,0.00,0,0.0000
2010-04-23,0,0,100000.00,0.00,100000.00,0.00,0.00,100000.00,0.00,0.0000,1.0000000000,0.0000,0.00,0.00,0.00,0,0.0000
2010-04-26,0,0,100000.00,0.00,100000.00,0.00,0.00,100000.00,0.00,0.0000,1.0000000000,0.0000,0.00,0.00,0.00,0,0.0000
2010-04-27,0,0,100000.00,0.00,100000.00,0.00,0.00,100000.00,0.00,0.0000,1.0000000000,0.0000,0.00,0.00,0.00,0,0.0000
2010-04-28,0,0,100000.00,0.00,100000.00,0.00,0.00,100000.00,0.00,0.0000,1.0000000000,0.0000,0.00,0.00,0.00,0,0.0000
2010-04-29,0,0,100000.00,0.00,100000.00,0.00,0.00,100000.00,0.00,0.0000,1.0000000000,0.0000,0.00,0.00,0.00,0,0.0000
2010-04-30,0,0,100000.00,0.00,100000.00,0.00,0.00,100000.00,0.00,0.0000,1.0000000000,0.0000,0.00,0.00,0.00,0,0.0000
2010-05-03,0,0,100000.00,0.00,100000.00,0.00,0.00,100000.00,0.00,0.0000,1.0000000000,0.0000,0.00,0.00,0.00,0,0.0000
2010-05-04,0,0,100000.00,0.00,100000.00,0.00,0.00,100000.00,0.00,0.0000,1.0000000000,0.0000,0.00,0.00,0.00,0,0.0000
2010-05-05,0,0,100000.00,0.00,100000.00,0.00,0.00,100000.00,0.00,0.0000,1.0000000000,0.0000,0.00,0.00,0.00,0,0.0000
2010-05-06,0,0,100000.00,0.00,100000.00,0.00,0.00,100000.00,0.00,0.0000,1.0000000000,0.0000,0.00,0.00,0.00,0,0.0000
2010-05-07,0,0,100000.00,0.00,100000.00,0.00,0.00,100000.00,0.00,0.0000,1.0000000000,0.0000,0.00,0.00,0.00,0,0.0000
2010-05-10,0,0,100000.00,0.00,100000.00,0.00,0.00,100000.00,0.00,0.0000,1.0000000000,0.0000,0.00,0.00,0.00,0,0.0000
2010-05-11,0,0,100000.00,0.00,100000.00,0.00,0.00,100000.00,0.00,0.0000,1.0000000000,0.0000,0.00,0.00,0.00,0,0.0000
2010-05-12,0,0,100000.00,0.00,100000.00,0.00,0.00,100000.00,0.00,0.0000,1.0000000000,0.0000,0.00,0.00,0.00,0,0.0000
2010-05-13,0,0,100000.00,0.00,100000.00,0.00,0.00,100000.00,0.00,0.0000,1.0000000000,0.0000,0.00,0.00,0.00,0,0.0000
2010-05-14,0,0,100000.00,0.00,100000.00,0.00,0.00,100000.00,0.00,0.0000,1.0000000000,0.0000,0.00,0.00,0.00,0,0.0000
2010-05-17,1,5,146.57,100410.18,100556.76,0.00,0.00,100000.00,556.76,0.5568,1.0055675797,0.0000,0.00,556.76,556.76,0,0.0000
2010-05-18,1,5,146.57,99996.75,100143.33,0.00,0.00,100000.00,-413.43,-0.4111,1.0014332500,-0.4111,0.00,143.33,143.33,0,0.0000
2010-05-19,1,5,146.57,97809.47,97956.04,0.00,0.00,100000.00,-2187.29,-2.1842,0.9795603997,-2.5863,0.00,-2043.96,-2043.96,0,0.0000
2010-05-20,1,5,146.57,97498.02,97644.59,0.00,0.00,100000.00,-311.45,-0.3179,0.9764458956,-2.8960,0.00,-2355.41,-2355.41,0,0.0000
2010-05-21,1,5,146.57,96616.02,96762.60,0.00,0.00,100000.00,-881.99,-0.9033,0.9676259507,-3.7732,0.00,-3237.40,-3237.40,0,0.0000
2010-05-24,1,5,146.57,96282.44,96429.01,0.00,0.00,100000.00,-333.58,-0.3447,0.9642901488,-4.1049,0.00,-3570.99,-3570.99,0,0.0000
2010-05-25,1,5,146.57,94440.75,94587.33,0.00,0.00,100000.00,-1841.69,-1.9099,0.9458732820,-5.9364,0.00,-5412.67,-5412.67,0,0.0000
2010-05-26,1,5,146.57,94945.32,95091.89,0.00,0.00,100000.00,504.56,0.5334,0.9509189111,-5.4346,0.00,-4908.11,-4908.11,0,0.0000
2010-05-27,1,5,146.57,94352.87,94499.44,0.00,0.00,100000.00,-592.45,-0.6230,0.9449944411,-6.0238,0.00,-5500.56,-5500.56,0,0.0000
2010-05-28,1,5,146.57,94977.34,95123.91,0.00,0.00,100000.00,624.47,0.6608,0.9512391377,-5.4028,0.00,-4876.09,-4876.09,0,0.0000
2010-05-31,1,5,146.57,95266.06,95412.63,0.00,0.00,100000.00,288.71,0.3035,0.9541262858,-5.1156,0.00,-4587.37,-4587.37,0,0.0000
2010-06-01,1,5,146.57,96400.84,96547.42,0.00,0.00,100000.00,1134.79,1.1893,0.9654741667,-3.9871,0.00,-3452.58,-3452.58,0,0.0000
2010-06-02,1,5,146.57,97078.97,97225.54,0.00,0.00,100000.00,678.12,0.7024,0.9722553845,-3.3128,0.00,-2774.46,-2774.46,0,0.0000
2010-06-03,1,5,146.57,98883.29,99029.87,0.00,0.00,100000.00,1804.33,1.8558,0.9902986651,-1.5184,0.00,-970.13,-970.13,0,0.0000
2010-06-04,1,5,146.57,98338.61,98485.19,0.00,0.00,100000.00,-544.68,-0.5500,0.9848518633,-2.0601,0.00,-1514.81,-1514.81,0,0.0000
2010-06-07,1,5,146.57,97206.09,97352.66,0.00,0.00,100000.00,-1132.53,-1.1499,0.9735266045,-3.1864,0.00,-2647.34,-2647.34,0,0.0000
2010-06-08,1,5,146.57,96095.64,96242.21,0.00,0.00,100000.00,-1110.45,-1.1406,0.9624220847,-4.2907,0.00,-3757.79,-3757.79,0,0.0000
2010-06-09,1,5,146.57,96717.51,96864.08,0.00,0.00,100000.00,621.87,0.6462,0.9686408303,-3.6722,0.00,-3135.92,-3135.92,0,0.0000
2010-06-10,1,5,146.57,97635.14,97781.72,0.00,0.00,100000.00,917.63,0.9473,0.9778171629,-2.7597,0.00,-2218.28,-2218.28,0,0.0000
2010-06-11,1,5,146.57,97533.12,97679.70,0.00,0.00,100000.00,-102.02,-0.1043,0.9767969681,-2.8611,0.00,-2320.30,-2320.30,0,0.0000
2010-06-14,2,5,477.37,98824.52,99301.89,0.00,0.00,100000.00,1622.20,1.6607,0.9930189472,-1.2479,-2943.72,2245.61,-698.11,0,0.0000
2010-06-15,2,5,477.37,100186.37,100663.74,0.00,0.00,100000.00,1361.85,1.3714,1.0066373997,0.0000,-2943.72,3607.46,663.74,0,0.0000
2010-06-16,2,5,477.37,100007.14,100484.52,0.00,0.00,100000.00,-179.22,-0.1780,1.0048451730,-0.1780,-2943.72,3428.23,484.52,0,0.0000
2010-06-17,2,5,477.37,100310.41,100787.78,0.00,0.00,100000.00,303.26,0.3018,1.0078777831,0.0000,-2943.72,3731.50,787.78,0,0.0000
2010-06-18,2,5,477.37,99427.88,99905.25,0.00,0.00,100000.00,-882.53,-0.8756,0.9990525029,-0.8756,-2943.72,2848.97,-94.75,0,0.0000
2010-06-21,2,5,477.37,99764.59,100241.96,0.00,0.00,100000.00,336.71,0.3370,1.0024196264,-0.5415,-2943.72,3185.68,241.96,0,0.0000
2010-06-22,2,5,477.37,100499.62,100977.00,0.00,0.00,100000.00,735.03,0.7333,1.0097699526,0.0000,-2943.72,3920.71,977.00,0,0.0000
2010-06-23,2,5,477.37,101258.30,101735.67,0.00,0.00,100000.00,758.68,0.7513,1.0173567370,0.0000,-2943.72,4679.39,1735.67,0,0.0000
2010-06-24,2,5,477.37,102457.01,102934.38,0.00,0.00,100000.00,1198.71,1.1783,1.0293437980,0.0000,-2943.72,5878.10,2934.38,0,0.0000
2010-06-25,2,5,477.37,102073.10,102550.47,0.00,0.00,100000.00,-383.91,-0.3730,1.0255047181,-0.3730,-2943.72,5494.19,2550.47,0,0.0000
2010-06-28,2,5,477.37,102767.27,103244.64,0.00,0.00,100000.00,694.17,0.6769,1.0324464168,0.0000,-2943.72,6188.36,3244.64,0,0.0000
2010-06-29,2,5,477.37,102223.45,102700.82,0.00,0.00,100000.00,-543.82,-0.5267,1.0270082177,-0.5267,-2943.72,5644.54,2700.82,0,0.0000
2010-06-30,2,5,477.37,102904.88,103382.25,0.00,0.00,100000.00,681.43,0.6635,1.0338224824,0.0000,-2943.72,6325.97,3382.25,0,0.0000
2010-07-01,2,5,477.37,101804.17,102281.55,0.00,0.00,100000.00,-1100.70,-1.0647,1.0228154650,-1.0647,-2943.72,5225.26,2281.55,0,0.0000
2010-07-02,2,5,477.37,102258.85,102736.23,0.00,0.00,100000.00,454.68,0.4445,1.0273622728,-0.6249,-2943.72,5679.94,2736.23,0,0.0000
2010-07-05,2,5,477.37,104336.69,104814.06,0.00,0.00,100000.00,2077.84,2.0225,1.0481406300,0.0000,-2943.72,7757.78,4814.06,0,0.0000
2010-07-06,2,5,477.37,105141.66,105619.03,0.00,0.00,100000.00,804.97,0.7680,1.0561903499,0.0000,-2943.72,8562.75,5619.03,0,0.0000
2010-07-07,2,5,477.37,105271.98,105749.36,0.00,0.00,100000.00,130.32,0.1234,1.0574935624,0.0000,-2943.72,8693.07,5749.36,0,0.0000
2010-07-08,2,5,477.37,107039.76,107517.13,0.00,0.00,100000.00,1767.78,1.6717,1.0751713368,0.0000,-2943.72,10460.85,7517.13,0,0.0000
2010-07-09,2,5,477.37,107124.78,107602.16,0.00,0.00,100000.00,85.02,0.0791,1.0760215587,0.0000,-2943.72,10545.87,7602.16,0,0.0000
2010-07-12,3,5,293.50,107330.90,107624.39,0.00,0.00,100000.00,22.24,0.0207,1.0762439199,0.0000,93.65,7530.74,7624.39,0,0.0000
2010-07-13,3,5,293.50,108706.40,108999.90,0.00,0.00,100000.00,1375.51,1.2781,1.0899990129,0.0000,93.65,8906.25,8999.90,0,0.0000
2010-07-14,3,5,293.50,109376.26,109669.76,0.00,0.00,100000.00,669.86,0.6145,1.0966975852,0.0000,93.65,9576.11,9669.76,0,0.0000
2010-07-15,3,5,293.50,107252.82,107546.32,0.00,0.00,100000.00,-2123.44,-1.9362,1.0754631647,-1.9362,93.65,7452.67,7546.32,0,0.0000
2010-07-16,3,5,293.50,108129.47,108422.97,0.00,0.00,100000.00,876.65,0.8151,1.0842297093,-1.1369,93.65,8329.32,8422.97,0,0.0000
2010-07-19,3,5,293.50,108442.38,108735.88,0.00,0.00,100000.00,312.91,0.2886,1.0873587730,-0.8515,93.65,8642.23,8735.88,0,0.0000
2010-07-20,3,5,293.50,107857.67,108151.17,0.00,0.00,100000.00,-584.71,-0.5377,1.0815116598,-1.3847,93.65,8057.52,8151.17,0,0.0000
2010-07-21,3,5,293.50,108617.24,108910.74,0.00,0.00,100000.00,759.57,0.7023,1.0891073733,-0.6921,93.65,8817.09,8910.74,0,0.0000
2010-07-22,3,5,293.50,109795.80,110089.29,0.00,0.00,100000.00,1178.56,1.0821,1.1008929448,0.0000,93.65,9995.64,10089.29,0,0.0000
2010-07-23,3,5,293.50,109196.05,109489.55,0.00,0.00,100000.00,-599.75,-0.5448,1.0948954881,-0.5448,93.65,9395.90,9489.55,0,0.0000
2010-07-26,3,5,293.50,109565.82,109859.32,0.00,0.00,100000.00,369.77,0.3377,1.0985931641,-0.2089,93.65,9765.67,9859.32,0,0.0000
2010-07-27,3,5,293.50,109720.09,110013.58,0.00,0.00,100000.00,154.27,0.1404,1.1001358285,-0.0688,93.65,9919.93,10013.58,0,0.0000
2010-07-28,3,5,293.50,111255.38,111548.87,0.00,0.00,100000.00,1535.29,1.3955,1.1154887398,0.0000,93.65,11455.22,11548.87,0,0.0000
2010-07-29,3,5,293.50,111514.98,111808.47,0.00,0.00,100000.00,259.60,0.2327,1.1180847303,0.0000,93.65,11714.82,11808.47,0,0.0000
2010-07-30,3,5,293.50,112785.35,113078.85,0.00,0.00,100000.00,1270.38,1.1362,1.1307884861,0.0000,93.65,12985.20,13078.85,0,0.0000
2010-08-02,3,5,293.50,114176.04,114469.54,0.00,0.00,100000.00,1390.69,1.2298,1.1446953546,0.0000,93.65,14375.88,14469.54,0,0.0000
2010-08-03,3,5,293.50,117721.07,118014.57,0.00,0.00,100000.00,3545.03,3.0969,1.1801457018,0.0000,93.65,17920.92,18014.57,0,0.0000
2010-08-04,3,5,293.50,117380.14,117673.64,0.00,0.00,100000.00,-340.93,-0.2889,1.1767363735,-0.2889,93.65,17579.99,17673.64,0,0.0000
2010-08-05,3,5,293.50,117259.59,117553.09,0.00,0.00,100000.00,-120.55,-0.1024,1.1755308981,-0.3910,93.65,17459.44,17553.09,0,0.0000
2010-08-06,3,5,293.50,117648.29,117941.78,0.00,0.00,100000.00,388.69,0.3307,1.1794178318,-0.0617,93.65,17848.13,17941.78,0,0.0000
2010-08-09,4,5,796.35,118115.62,118911.97,0.00,0.00,100000.00,970.18,0.8226,1.1891196611,0.0000,3849.56,15062.40,18911.97,0,0.0000
2010-08-10,4,5,796.35,116581.12,117377.47,0.00,0.00,100000.00,-1534.50,-1.2904,1.1737746935,-1.2904,3849.56,13527.91,17377.47,0,0.0000
2010-08-11,4,5,796.35,116491.71,117288.06,0.00,0.00,100000.00,-89.41,-0.0762,1.1728806412,-1.3656,3849.56,13438.50,17288.06,0,0.0000
2010-08-12,4,5,796.35,120757.57,121553.91,0.00,0.00,100000.00,4265.85,3.6371,1.2155391490,0.0000,3849.56,17704.35,21553.91,0,0.0000
2010-08-13,4,5,796.35,122503.95,123300.30,0.00,0.00,100000.00,1746.38,1.4367,1.2330029769,0.0000,3849.56,19450.73,23300.30,0,0.0000
2010-08-16,4,5,796.35,123255.77,124052.12,0.00,0.00,100000.00,751.82,0.6097,1.2405211547,0.0000,3849.56,20202.55,24052.12,0,0.0000
2010-08-17,4,5,796.35,123256.77,124053.11,0.00,0.00,100000.00,1.00,0.0008,1.2405311475,0.0000,3849.56,20203.55,24053.11,0,0.0000
2010-08-18,4,5,796.35,123384.69,124181.04,0.00,0.00,100000.00,127.93,0.1031,1.2418104322,0.0000,3849.56,20331.48,24181.04,0,0.0000
2010-08-19,4,5,796.35,122837.85,123634.20,0.00,0.00,100000.00,-546.84,-0.4404,1.2363420067,-0.4404,3849.56,19784.64,23634.20,0,0.0000
2010-08-20,4,5,796.35,122227.50,123023.85,0.00,0.00,100000.00,-610.35,-0.4937,1.2302385409,-0.9319,3849.56,19174.29,23023.85,0,0.0000
2010-08-23,4,5,796.35,122740.47,123536.82,0.00,0.00,100000.00,512.96,0.4170,1.2353681751,-0.5188,3849.56,19687.25,23536.82,0,0.0000
2010-08-24,4,5,796.35,122431.11,123227.46,0.00,0.00,100000.00,-309.36,-0.2504,1.2322745645,-0.7679,3849.56,19377.89,23227.46,0,0.0000
2010-08-25,4,5,796.35,121213.06,122009.41,0.00,0.00,100000.00,-1218.05,-0.9885,1.2200940636,-1.7488,3849.56,18159.84,22009.41,0,0.0000
2010-08-26,4,5,796.35,125793.21,126589.55,0.00,0.00,100000.00,4580.15,3.7539,1.2658955475,0.0000,3849.56,22739.99,26589.55,0,0.0000
2010-08-27,4,5,796.35,126168.16,126964.50,0.00,0.00,100000.00,374.95,0.2962,1.2696450487,0.0000,3849.56,23114.94,26964.50,0,0.0000
2010-08-30,4,5,796.35,125071.33,125867.68,0.00,0.00,100000.00,-1096.82,-0.8639,1.2586768270,-0.8639,3849.56,22018.12,25867.68,0,0.0000
2010-08-31,4,5,796.35,125457.81,126254.16,0.00,0.00,100000.00,386.48,0.3070,1.2625415831,-0.5595,3849.56,22404.60,26254.16,0,0.0000
2010-09-01,4,5,796.35,127334.78,128131.13,0.00,0.00,100000.00,1876.98,1.4867,1.2813113369,0.0000,3849.56,24281.57,28131.13,0,0.0000
2010-09-02,4,5,796.35,128643.95,129440.30,0.00,0.00,100000.00,1309.16,1.0217,1.2944029534,0.0000,3849.56,25590.73,29440.30,0,0.0000
2010-09-03,4,5,796.35,129686.77,130483.12,0.00,0.00,100000.00,1042.82,0.8056,1.3048311770,0.0000,3849.56,26633.55,30483.12,0,0.0000
2010-09-06,5,5,728.56,130245.82,130974.38,0.00,0.00,100000.00,491.26,0.3765,1.3097438035,0.0000,14299.78,16674.60,30974.38,0,0.0000
2010-09-07,5,5,728.56,128858.70,129587.26,0.00,0.00,100000.00,-1387.12,-1.0591,1.2958725992,-1.0591,14299.78,15287.48,29587.26,0,0.0000
2010-09-08,5,5,728.56,129593.36,130321.92,0.00,0.00,100000.00,734.66,0.5669,1.3032191984,-0.4982,14299.78,16022.14,30321.92,0,0.0000
2010-09-09,5,5,728.56,131839.26,132567.82,0.00,0.00,100000.00,2245.90,1.7233,1.3256781991,0.0000,14299.78,18268.04,32567.82,0,0.0000
2010-09-13,5,5,728.56,132762.34,133490.90,0.00,0.00,100000.00,923.08,0.6963,1.3349090079,0.0000,14299.78,19191.12,33490.90,0,0.0000
2010-09-14,5,5,728.56,131915.65,132644.21,0.00,0.00,100000.00,-846.69,-0.6343,1.3264420998,-0.6343,14299.78,18344.43,32644.21,0,0.0000
2010-09-15,5,5,728.56,130582.20,131310.76,0.00,0.00,100000.00,-1333.45,-1.0053,1.3131075795,-1.6332,14299.78,17010.98,31310.76,0,0.0000
2010-09-16,5,5,728.56,129514.97,130243.53,0.00,0.00,100000.00,-1067.23,-0.8128,1.3024352928,-2.4327,14299.78,15943.75,30243.53,0,0.0000
2010-09-17,5,5,728.56,129791.39,130519.95,0.00,0.00,100000.00,276.42,0.2122,1.3051994955,-2.2256,14299.78,16220.17,30519.95,0,0.0000
2010-09-20,5,5,728.56,130302.33,131030.89,0.00,0.00,100000.00,510.94,0.3915,1.3103089299,-1.8428,14299.78,16731.12,31030.89,0,0.0000
2010-09-21,5,5,728.56,128430.89,129159.45,0.00,0.00,100000.00,-1871.44,-1.4282,1.2915945267,-3.2448,14299.78,14859.67,29159.45,0,0.0000
2010-09-22,5,5,728.56,126639.40,127367.96,0.00,0.00,100000.00,-1791.50,-1.3870,1.2736795663,-4.5868,14299.78,13068.18,27367.96,0,0.0000
2010-09-23,5,5,728.56,126296.66,127025.23,0.00,0.00,100000.00,-342.73,-0.2691,1.2702522576,-4.8435,14299.78,12725.45,27025.23,0,0.0000
2010-09-24,5,5,728.56,126768.94,127497.50,0.00,0.00,100000.00,472.27,0.3718,1.2749749665,-4.4897,14299.78,13197.72,27497.50,0,0.0000
2010-09-27,5,5,728.56,127860.35,128588.91,0.00,0.00,100000.00,1091.42,0.8560,1.2858891436,-3.6722,14299.78,14289.14,28588.91,0,0.0000
2010-09-28,5,5,728.56,126695.34,127423.90,0.00,0.00,100000.00,-1165.01,-0.9060,1.2742390012,-4.5449,14299.78,13124.12,27423.90,0,0.0000
2010-09-29,5,5,728.56,127102.87,127831.43,0.00,0.00,100000.00,407.53,0.3198,1.2783143402,-4.2396,14299.78,13531.66,27831.43,0,0.0000
2010-09-30,5,5,728.56,126373.78,127102.34,0.00,0.00,100000.00,-729.10,-0.5704,1.2710233837,-4.7858,14299.78,12802.56,27102.34,0,0.0000
2010-10-01,5,5,728.56,129009.47,129738.03,0.00,0.00,100000.00,2635.69,2.0737,1.2973802994,-2.8113,14299.78,15438.25,29738.03,0,0.0000
2010-10-04,5,5,728.56,130522.81,131251.37,0.00,0.00,100000.00,1513.34,1.1665,1.3125137492,-1.6777,14299.78,16951.60,31251.37,0,0.0000
2010-10-05,6,5,140.29,130474.87,130615.16,0.00,0.00,100000.00,-636.22,-0.4847,1.3061515671,-2.1543,11467.77,19147.39,30615.16,0,0.0000
2010-10-06,6,5,140.29,132455.11,132595.39,0.00,0.00,100000.00,1980.23,1.5161,1.3259539167,-0.6708,11467.77,21127.62,32595.39,0,0.0000
2010-10-07,6,5,140.29,129173.47,129313.76,0.00,0.00,100000.00,-3281.63,-2.4749,1.2931375941,-3.1292,11467.77,17845.99,29313.76,0,0.0000
2010-10-08,6,5,140.29,129988.65,130128.94,0.00,0.00,100000.00,815.18,0.6304,1.3012893874,-2.5185,11467.77,18661.17,30128.94,0,0.0000
2010-10-11,6,5,140.29,130541.28,130681.57,0.00,0.00,100000.00,552.63,0.4247,1.3068156749,-2.1045,11467.77,19213.80,30681.57,0,0.0000
2010-10-12,6,5,140.29,131516.63,131656.92,0.00,0.00,100000.00,975.35,0.7464,1.3165691792,-1.3739,11467.77,20189.15,31656.92,0,0.0000
2010-10-13,6,5,140.29,131979.56,132119.85,0.00,0.00,100000.00,462.93,0.3516,1.3211984870,-1.0271,11467.77,20652.08,32119.85,0,0.0000
2010-10-14,6,5,140.29,133380.77,133521.05,0.00,0.00,100000.00,1401.20,1.0606,1.3352105306,0.0000,11467.77,22053.29,33521.05,0,0.0000
2010-10-15,6,5,140.29,132530.02,132670.30,0.00,0.00,100000.00,-850.75,-0.6372,1.3267030016,-0.6372,11467.77,21202.53,32670.30,0,0.0000
2010-10-18,6,5,140.29,130099.76,130240.05,0.00,0.00,100000.00,-2430.25,-1.8318,1.3024004958,-2.4573,11467.77,18772.28,30240.05,0,0.0000
2010-10-19,6,5,140.29,131698.41,131838.70,0.00,0.00,100000.00,1598.65,1.2275,1.3183869694,-1.2600,11467.77,20370.93,31838.70,0,0.0000
2010-10-20,6,5,140.29,131236.21,131376.50,0.00,0.00,100000.00,-462.20,-0.3506,1.3137649593,-1.6062,11467.77,19908.73,31376.50,0,0.0000
2010-10-21,6,5,140.29,131647.61,131787.90,0.00,0.00,100000.00,411.40,0.3131,1.3178789668,-1.2980,11467.77,20320.13,31787.90,0,0.0000
2010-10-22,6,5,140.29,131683.69,131823.98,0.00,0.00,100000.00,36.08,0.0274,1.3182397569,-1.2710,11467.77,20356.21,31823.98,0,0.0000
2010-10-25,6,5,140.29,133219.84,133360.13,0.00,0.00,100000.00,1536.15,1.1653,1.3336012828,-0.1205,11467.77,21892.36,33360.13,0,0.0000
2010-10-26,6,5,140.29,132305.44,132445.73,0.00,0.00,100000.00,-914.40,-0.6857,1.3244572734,-0.8054,11467.77,20977.96,32445.73,0,0.0000
2010-10-27,6,5,140.29,131507.27,131647.55,0.00,0.00,100000.00,-798.17,-0.6026,1.3164755241,-1.4031,11467.77,20179.78,31647.55,0,0.0000
2010-10-28,6,5,140.29,131975.37,132115.66,0.00,0.00,100000.00,468.10,0.3556,1.3211565540,-1.0526,11467.77,20647.89,32115.66,0,0.0000
2010-10-29,6,5,140.29,131980.91,132121.19,0.00,0.00,100000.00,5.54,0.0042,1.3212119496,-1.0484,11467.77,20653.43,32121.19,0,0.0000
2010-11-01,6,5,140.29,133488.29,133628.58,0.00,0.00,100000.00,1507.38,1.1409,1.3362857931,0.0000,11467.77,22160.81,33628.58,0,0.0000
2010-11-02,7,5,181.25,134516.12,134697.36,0.00,0.00,100000.00,1068.78,0.7998,1.3469736387,0.0000,31463.82,3233.54,34697.36,0,0.0000
2010-11-03,7,5,181.25,136481.44,136662.68,0.00,0.00,100000.00,1965.32,1.4591,1.3666268495,0.0000,31463.82,5198.86,36662.68,0,0.0000
2010-11-04,7,5,181.25,138158.92,138340.17,0.00,0.00,100000.00,1677.48,1.2275,1.3834016599,0.0000,31463.82,6876.34,38340.17,0,0.0000
2010-11-08,7,5,181.25,142655.16,142836.40,0.00,0.00,100000.00,4496.24,3.2501,1.4283640249,0.0000,31463.82,11372.58,42836.40,0,0.0000
2010-11-09,7,5,181.25,142866.83,143048.08,0.00,0.00,100000.00,211.67,0.1482,1.4304807625,0.0000,31463.82,11584.25,43048.08,0,0.0000
2010-11-10,7,5,181.25,144244.53,144425.78,0.00,0.00,100000.00,1377.70,0.9631,1.4442577691,0.0000,31463.82,12961.95,44425.78,0,0.0000
2010-11-11,7,5,181.25,142875.95,143057.19,0.00,0.00,100000.00,-1368.58,-0.9476,1.4305719490,-0.9476,31463.82,11593.37,43057.19,0,0.0000
2010-11-12,7,5,181.25,138376.57,138557.82,0.00,0.00,100000.00,-4499.38,-3.1452,1.3855781828,-4.0630,31463.82,7093.99,38557.82,0,0.0000
2010-11-15,7,5,181.25,137183.84,137365.08,0.00,0.00,100000.00,-1192.74,-0.8608,1.3736508253,-4.8888,31463.82,5901.26,37365.08,0,0.0000
2010-11-16,7,5,181.25,133763.69,133944.94,0.00,0.00,100000.00,-3420.15,-2.4898,1.3394493642,-7.2569,31463.82,2481.11,33944.94,0,0.0000
2010-11-18,7,5,181.25,133811.00,133992.25,0.00,0.00,100000.00,47.31,0.0353,1.3399224718,-7.2241,31463.82,2528.42,33992.25,0,0.0000
2010-11-19,7,5,181.25,131264.50,131445.75,0.00,0.00,100000.00,-2546.50,-1.9005,1.3144574631,-8.9873,31463.82,-18.08,31445.75,0,0.0000
2010-11-22,7,5,181.25,134885.30,135066.54,0.00,0.00,100000.00,3620.80,2.7546,1.3506654293,-6.4803,31463.82,3602.72,35066.54,0,0.0000
2010-11-23,7,5,181.25,133415.01,133596.26,0.00,0.00,100000.00,-1470.29,-1.0886,1.3359625688,-7.4983,31463.82,2132.43,33596.26,0,0.0000
2010-11-24,7,5,181.25,132983.05,133164.30,0.00,0.00,100000.00,-431.96,-0.3233,1.3316429899,-7.7974,31463.82,1700.47,33164.30,0,0.0000
2010-11-25,7,5,181.25,130462.03,130643.27,0.00,0.00,100000.00,-2521.03,-1.8932,1.3064327301,-9.5430,31463.82,-820.55,30643.27,0,0.0000
2010-11-26,7,5,181.25,127020.31,127201.56,0.00,0.00,100000.00,-3441.71,-2.6344,1.2720156029,-11.9260,31463.82,-4262.26,27201.56,0,0.0000
2010-11-29,7,5,181.25,128423.88,128605.13,0.00,0.00,100000.00,1403.57,1.1034,1.2860512775,-10.9542,31463.82,-2858.70,28605.13,0,0.0000
2010-11-30,7,5,181.25,129383.42,129564.67,0.00,0.00,100000.00,959.54,0.7461,1.2956466511,-10.2898,31463.82,-1899.16,29564.67,0,0.0000
2010-12-01,7,5,181.25,133734.61,133915.86,0.00,0.00,100000.00,4351.19,3.3583,1.3391585596,-7.2770,31463.82,2452.03,33915.86,0,0.0000
2010-12-02,8,5,532.97,135965.96,136498.93,0.00,0.00,100000.00,2583.07,1.9289,1.3649892800,-5.4885,30797.69,5701.24,36498.93,0,0.0000
2010-12-03,8,5,532.97,135109.90,135642.88,0.00,0.00,100000.00,-856.05,-0.6271,1.3564287687,-6.0813,30797.69,4845.19,35642.88,0,0.0000
2010-12-06,8,5,532.97,136626.68,137159.65,0.00,0.00,100000.00,1516.78,1.1182,1.3715965450,-5.0310,30797.69,6361.97,37159.65,0,0.0000
2010-12-07,8,5,532.97,133720.76,134253.73,0.00,0.00,100000.00,-2905.93,-2.1186,1.3425372789,-7.0431,30797.69,3456.04,34253.73,0,0.0000
2010-12-08,8,5,532.97,129983.82,130516.79,0.00,0.00,100000.00,-3736.94,-2.7835,1.3051678848,-9.6305,30797.69,-280.90,30516.79,0,0.0000
2010-12-09,8,5,532.97,123050.70,123583.67,0.00,0.00,100000.00,-6933.12,-5.3121,1.2358366967,-14.4310,30797.69,-7214.02,23583.67,0,0.0000
2010-12-10,8,5,532.97,125585.43,126118.40,0.00,0.00,100000.00,2534.73,2.0510,1.2611839961,-12.6760,30797.69,-4679.29,26118.40,0,0.0000
2010-12-13,8,5,532.97,127735.75,128268.72,0.00,0.00,100000.00,2150.32,1.7050,1.2826872184,-11.1871,30797.69,-2528.97,28268.72,0,0.0000
2010-12-14,8,5,532.97,130619.97,131152.94,0.00,0.00,100000.00,2884.22,2.2486,1.3115294264,-9.1901,30797.69,355.25,31152.94,0,0.0000
2010-12-15,8,5,532.97,127365.66,127898.63,0.00,0.00,100000.00,-3254.31,-2.4813,1.2789863495,-11.4433,30797.69,-2899.05,27898.63,0,0.0000
2010-12-16,8,5,532.97,128058.62,128591.59,0.00,0.00,100000.00,692.96,0.5418,1.2859159247,-10.9635,30797.69,-2206.10,28591.59,0,0.0000
2010-12-20,8,5,532.97,130032.05,130565.02,0.00,0.00,100000.00,1973.43,1.5346,1.3056502011,-9.5971,30797.69,-232.67,30565.02,0,0.0000
2010-12-21,8,5,532.97,130285.86,130818.83,0.00,0.00,100000.00,253.81,0.1944,1.3081883449,-9.4214,30797.69,21.15,30818.83,0,0.0000
2010-12-22,8,5,532.97,131754.03,132287.00,0.00,0.00,100000.00,1468.17,1.1223,1.3228700467,-8.4049,30797.69,1489.32,32287.00,0,0.0000
2010-12-23,8,5,532.97,132948.62,133481.60,0.00,0.00,100000.00,1194.59,0.9030,1.3348159623,-7.5777,30797.69,2683.91,33481.60,0,0.0000
2010-12-24,8,5,532.97,133304.85,133837.83,0.00,0.00,100000.00,356.23,0.2669,1.3383782657,-7.3311,30797.69,3040.14,33837.83,0,0.0000
2010-12-27,8,5,532.97,133758.45,134291.43,0.00,0.00,100000.00,453.60,0.3389,1.3429142753,-7.0170,30797.69,3493.74,34291.43,0,0.0000
2010-12-28,8,5,532.97,132799.79,133332.76,0.00,0.00,100000.00,-958.66,-0.7139,1.3333276447,-7.6808,30797.69,2535.08,33332.76,0,0.0000
2010-12-29,8,5,532.97,133477.45,134010.42,0.00,0.00,100000.00,677.66,0.5082,1.3401042022,-7.2116,30797.69,3212.73,34010.42,0,0.0000
2010-12-30,8,5,532.97,133651.75,134184.72,0.00,0.00,100000.00,174.30,0.1301,1.3418471827,-7.0909,30797.69,3387.03,34184.72,0,0.0000
2010-12-31,9,5,664.64,133403.11,134067.75,0.00,0.00,100000.00,-116.96,-0.0872,1.3406775474,-7.1719,37325.46,-3257.71,34067.75,0,0.0000
2011-01-03,9,5,664.64,134266.66,134931.30,0.00,0.00,100000.00,863.54,0.6441,1.3493129916,-6.5739,37325.46,-2394.16,34931.30,0,0.0000
2011-01-04,9,5,664.64,133923.63,134588.27,0.00,0.00,100000.00,-343.03,-0.2542,1.3458827182,-6.8115,37325.46,-2737.19,34588.27,0,0.0000
2011-01-05,9,5,664.64,133929.29,134593.93,0.00,0.00,100000.00,5.66,0.0042,1.3459392761,-6.8075,37325.46,-2731.53,34593.93,0,0.0000
2011-01-06,9,5,664.64,134777.50,135442.14,0.00,0.00,100000.00,848.21,0.6302,1.3544213972,-6.2202,37325.46,-1883.32,35442.14,0,0.0000
2011-01-07,9,5,664.64,130472.01,131136.66,0.00,0.00,100000.00,-4305.48,-3.1788,1.3113665616,-9.2013,37325.46,-6188.80,31136.66,0,0.0000
2011-01-10,9,5,664.64,127524.32,128188.97,0.00,0.00,100000.00,-2947.69,-2.2478,1.2818896712,-11.2423,37325.46,-9136.49,28188.97,0,0.0000
2011-01-11,9,5,664.64,127514.26,128178.90,0.00,0.00,100000.00,-10.07,-0.0079,1.2817889789,-11.2493,37325.46,-9146.56,28178.90,0,0.0000
2011-01-12,9,5,664.64,130326.96,130991.60,0.00,0.00,100000.00,2812.70,2.1944,1.3099159912,-9.3018,37325.46,-6333.86,30991.60,0,0.0000
2011-01-13,9,5,664.64,129014.14,129678.79,0.00,0.00,100000.00,-1312.81,-1.0022,1.2967878673,-10.2108,37325.46,-7646.67,29678.79,0,0.0000
2011-01-14,9,5,664.64,127184.10,127848.74,0.00,0.00,100000.00,-1830.05,-1.4112,1.2784873891,-11.4779,37325.46,-9476.72,27848.74,0,0.0000
2011-01-17,9,5,664.64,125295.80,125960.44,0.00,0.00,100000.00,-1888.30,-1.4770,1.2596044126,-12.7853,37325.46,-11365.02,25960.44,0,0.0000
2011-01-18,9,5,664.64,128487.98,129152.62,0.00,0.00,100000.00,3192.18,2.5343,1.2915262098,-10.5751,37325.46,-8172.84,29152.62,0,0.0000
2011-01-19,9,5,664.64,130319.16,130983.80,0.00,0.00,100000.00,1831.18,1.4178,1.3098379756,-9.3072,37325.46,-6341.66,30983.80,0,0.0000
2011-01-20,9,5,664.64,132712.66,133377.30,0.00,0.00,100000.00,2393.51,1.8273,1.3337730391,-7.6499,37325.46,-3948.16,33377.30,0,0.0000
2011-01-21,9,5,664.64,131695.44,132360.08,0.00,0.00,100000.00,-1017.22,-0.7627,1.3236007905,-8.3543,37325.46,-4965.38,32360.08,0,0.0000
2011-01-24,9,5,664.64,131550.52,132215.16,0.00,0.00,100000.00,-144.92,-0.1095,1.3221515901,-8.4546,37325.46,-5110.30,32215.16,0,0.0000
2011-01-25,9,5,664.64,130171.69,130836.33,0.00,0.00,100000.00,-1378.83,-1.0429,1.3083633223,-9.4093,37325.46,-6489.13,30836.33,0,0.0000
2011-01-27,9,5,664.64,128782.57,129447.21,0.00,0.00,100000.00,-1389.12,-1.0617,1.2944720867,-10.3711,37325.46,-7878.25,29447.21,0,0.0000
2011-01-28,9,5,664.64,125001.87,125666.51,0.00,0.00,100000.00,-3780.70,-2.9207,1.2566650774,-12.9889,37325.46,-11658.95,25666.51,0,0.0000
2011-01-31,10,5,854.81,124370.02,125224.83,0.00,0.00,100000.00,-441.67,-0.3515,1.2522483459,-13.2947,35463.64,-10238.81,25224.83,0,0.0000
2011-02-01,10,5,854.81,122454.48,123309.30,0.00,0.00,100000.00,-1915.54,-1.5297,1.2330929723,-14.6210,35463.64,-12154.34,23309.30,0,0.0000
2011-02-02,10,5,854.81,123865.45,124720.27,0.00,0.00,100000.00,1410.97,1.1443,1.2472026511,-13.6440,35463.64,-10743.38,24720.27,0,0.0000
2011-02-03,10,5,854.81,125552.67,126407.49,0.00,0.00,100000.00,1687.22,1.3528,1.2640748715,-12.4758,35463.64,-9056.15,26407.49,0,0.0000
2011-02-04,10,5,854.81,120768.86,121623.68,0.00,0.00,100000.00,-4783.81,-3.7844,1.2162367889,-15.7881,35463.64,-13839.96,21623.68,0,0.0000
2011-02-07,10,5,854.81,119185.24,120040.05,0.00,0.00,100000.00,-1583.63,-1.3021,1.2004005265,-16.8846,35463.64,-15423.59,20040.05,0,0.0000
2011-02-08,10,5,854.81,116832.71,117687.53,0.00,0.00,100000.00,-2352.53,-1.9598,1.1768752697,-18.5135,35463.64,-17776.11,17687.53,0,0.0000
2011-02-09,10,5,854.81,113032.87,113887.68,0.00,0.00,100000.00,-3799.84,-3.2288,1.1388768211,-21.1445,35463.64,-21575.96,13887.68,0,0.0000
2011-02-10,10,5,854.81,114461.28,115316.10,0.00,0.00,100000.00,1428.42,1.2542,1.1531609719,-20.1555,35463.64,-20147.54,15316.10,0,0.0000
2011-02-11,10,5,854.81,117021.43,117876.24,0.00,0.00,100000.00,2560.14,2.2201,1.1787624075,-18.3828,35463.64,-17587.40,17876.24,0,0.0000
2011-02-14,10,5,854.81,121509.44,122364.26,0.00,0.00,100000.00,4488.02,3.8074,1.2236425625,-15.2753,35463.64,-13099.39,22364.26,0,0.0000
2011-02-15,10,5,854.81,118980.60,119835.41,0.00,0.00,100000.00,-2528.85,-2.0667,1.1983541053,-17.0263,35463.64,-15628.23,19835.41,0,0.0000
2011-02-16,10,5,854.81,119189.30,120044.12,0.00,0.00,100000.00,208.71,0.1742,1.2004411634,-16.8818,35463.64,-15419.53,20044.12,0,0.0000
2011-02-17,10,5,854.81,119745.46,120600.28,0.00,0.00,100000.00,556.16,0.4633,1.2060027659,-16.4967,35463.64,-14863.37,20600.28,0,0.0000
2011-02-18,10,5,854.81,118420.70,119275.52,0.00,0.00,100000.00,-1324.76,-1.0985,1.1927551777,-17.4140,35463.64,-16188.12,19275.52,0,0.0000
2011-02-21,10,5,854.81,122042.19,122897.01,0.00,0.00,100000.00,3621.49,3.0362,1.2289700662,-14.9065,35463.64,-12566.64,22897.01,0,0.0000
2011-02-22,10,5,854.81,122096.21,122951.02,0.00,0.00,100000.00,54.02,0.0440,1.2295102204,-14.8691,35463.64,-12512.62,22951.02,0,0.0000
2011-02-23,10,5,854.81,121796.58,122651.39,0.00,0.00,100000.00,-299.63,-0.2437,1.2265139048,-15.0765,35463.64,-12812.25,22651.39,0,0.0000
2011-02-24,10,5,854.81,118937.81,119792.63,0.00,0.00,100000.00,-2858.77,-2.3308,1.1979262501,-17.0559,35463.64,-15671.02,19792.63,0,0.0000
2011-02-25,10,5,854.81,118806.43,119661.24,0.00,0.00,100000.00,-131.38,-0.1097,1.1966124452,-17.1469,35463.64,-15802.40,19661.24,0,0.0000
2011-02-28,11,5,193.94,119583.18,119777.11,0.00,0.00,100000.00,115.87,0.0968,1.1977711430,-17.0667,20996.76,-1219.64,19777.11,0,0.0000
2011-03-01,11,5,193.94,120447.92,120641.86,0.00,0.00,100000.00,864.75,0.7220,1.2064186171,-16.4679,20996.76,-354.89,20641.86,0,0.0000
2011-03-03,11,5,193.94,121985.13,122179.07,0.00,0.00,100000.00,1537.21,1.2742,1.2217906852,-15.4036,20996.76,1182.31,22179.07,0,0.0000
2011-03-04,11,5,193.94,122387.19,122581.13,0.00,0.00,100000.00,402.06,0.3291,1.2258113052,-15.1252,20996.76,1584.37,22581.13,0,0.0000
2011-03-07,11,5,193.94,122464.24,122658.18,0.00,0.00,100000.00,77.05,0.0629,1.2265817994,-15.0718,20996.76,1661.42,22658.18,0,0.0000
2011-03-08,11,5,193.94,123674.00,123867.93,0.00,0.00,100000.00,1209.75,0.9863,1.2386793451,-14.2342,20996.76,2871.18,23867.93,0,0.0000
2011-03-09,11,5,193.94,125849.34,126043.28,0.00,0.00,100000.00,2175.35,1.7562,1.2604327995,-12.7280,20996.76,5046.52,26043.28,0,0.0000
2011-03-10,11,5,193.94,125941.27,126135.20,0.00,0.00,100000.00,91.92,0.0729,1.2613520488,-12.6643,20996.76,5138.45,26135.20,0,0.0000
2011-03-11,11,5,193.94,124004.89,124198.83,0.00,0.00,100000.00,-1936.38,-1.5352,1.2419882748,-14.0051,20996.76,3202.07,24198.83,0,0.0000
2011-03-14,11,5,193.94,124956.58,125150.52,0.00,0.00,100000.00,951.69,0.7663,1.2515051867,-13.3461,20996.76,4153.76,25150.52,0,0.0000
2011-03-15,11,5,193.94,120759.01,120952.95,0.00,0.00,100000.00,-4197.57,-3.3540,1.2095295257,-16.2525,20996.76,-43.80,20952.95,0,0.0000
2011-03-16,11,5,193.94,120971.04,121164.98,0.00,0.00,100000.00,212.03,0.1753,1.2116497825,-16.1057,20996.76,168.22,21164.98,0,0.0000
2011-03-17,11,5,193.94,118766.23,118960.16,0.00,0.00,100000.00,-2204.81,-1.8197,1.1896016398,-17.6323,20996.76,-2036.59,18960.16,0,0.0000
2011-03-18,11,5,193.94,118376.23,118570.16,0.00,0.00,100000.00,-390.00,-0.3278,1.1857016427,-17.9024,20996.76,-2426.59,18570.16,0,0.0000
2011-03-21,11,5,193.94,117429.31,117623.24,0.00,0.00,100000.00,-946.92,-0.7986,1.1762324377,-18.5580,20996.76,-3373.51,17623.24,0,0.0000
2011-03-22,11,5,193.94,117333.93,117527.86,0.00,0.00,100000.00,-95.38,-0.0811,1.1752786489,-18.6240,20996.76,-3468.89,17527.86,0,0.0000
2011-03-23,11,5,193.94,117499.34,117693.28,0.00,0.00,100000.00,165.41,0.1407,1.1769327903,-18.5095,20996.76,-3303.48,17693.28,0,0.0000
2011-03-24,11,5,193.94,119278.91,119472.85,0.00,0.00,100000.00,1779.57,1.5120,1.1947285357,-17.2773,20996.76,-1523.90,19472.85,0,0.0000
2011-03-25,11,5,193.94,120014.86,120208.80,0.00,0.00,100000.00,735.95,0.6160,1.2020879940,-16.7678,20996.76,-787.96,20208.80,0,0.0000
2011-03-28,11,5,193.94,120565.54,120759.48,0.00,0.00,100000.00,550.68,0.4581,1.2075948086,-16.3865,20996.76,-237.28,20759.48,0,0.0000
2011-03-29,12,5,457.97,120267.21,120725.18,0.00,0.00,100000.00,-34.30,-0.0284,1.2072517672,-16.4102,19884.08,841.10,20725.18,0,0.0000
2011-03-30,12,5,457.97,119998.65,120456.62,0.00,0.00,100000.00,-268.56,-0.2225,1.2045661729,-16.5962,19884.08,572.54,20456.62,0,0.0000
2011-03-31,12,5,457.97,120742.11,121200.08,0.00,0.00,100000.00,743.47,0.6172,1.2120008255,-16.0814,19884.08,1316.01,21200.08,0,0.0000
2011-04-01,12,5,457.97,120783.35,121241.32,0.00,0.00,100000.00,41.24,0.0340,1.2124132199,-16.0529,19884.08,1357.25,21241.32,0,0.0000
2011-04-04,12,5,457.97,124137.50,124595.47,0.00,0.00,100000.00,3354.15,2.7665,1.2459547190,-13.7304,19884.08,4711.40,24595.47,0,0.0000
2011-04-05,12,5,457.97,124508.42,124966.39,0.00,0.00,100000.00,370.92,0.2977,1.2496638882,-13.4736,19884.08,5082.31,24966.39,0,0.0000
2011-04-06,12,5,457.97,125904.59,126362.56,0.00,0.00,100000.00,1396.17,1.1172,1.2636256037,-12.5069,19884.08,6478.48,26362.56,0,0.0000
2011-04-07,12,5,457.97,125352.16,125810.13,0.00,0.00,100000.00,-552.43,-0.4372,1.2581013003,-12.8894,19884.08,5926.05,25810.13,0,0.0000
2011-04-08,12,5,457.97,124807.08,125265.05,0.00,0.00,100000.00,-545.08,-0.4333,1.2526504800,-13.2668,19884.08,5380.97,25265.05,0,0.0000
2011-04-11,12,5,457.97,124772.39,125230.36,0.00,0.00,100000.00,-34.68,-0.0277,1.2523036500,-13.2908,19884.08,5346.29,25230.36,0,0.0000
2011-04-13,12,5,457.97,124711.60,125169.57,0.00,0.00,100000.00,-60.79,-0.0485,1.2516957439,-13.3329,19884.08,5285.50,25169.57,0,0.0000
2011-04-15,12,5,457.97,122886.46,123344.43,0.00,0.00,100000.00,-1825.14,-1.4581,1.2334443487,-14.5967,19884.08,3460.36,23344.43,0,0.0000
2011-04-18,12,5,457.97,121194.82,121652.79,0.00,0.00,100000.00,-1691.64,-1.3715,1.2165279364,-15.7679,19884.08,1768.72,21652.79,0,0.0000
2011-04-19,12,5,457.97,121277.01,121734.98,0.00,0.00,100000.00,82.19,0.0676,1.2173498385,-15.7110,19884.08,1850.91,21734.98,0,0.0000
2011-04-20,12,5,457.97,125862.69,126320.66,0.00,0.00,100000.00,4585.67,3.7669,1.2632065644,-12.5359,19884.08,6436.58,26320.66,0,0.0000
2011-04-21,12,5,457.97,125149.86,125607.83,0.00,0.00,100000.00,-712.82,-0.5643,1.2560783189,-13.0295,19884.08,5723.76,25607.83,0,0.0000
2011-04-25,12,5,457.97,125755.82,126213.79,0.00,0.00,100000.00,605.96,0.4824,1.2621379156,-12.6099,19884.08,6329.72,26213.79,0,0.0000
2011-04-26,12,5,457.97,125509.98,125967.95,0.00,0.00,100000.00,-245.84,-0.1948,1.2596795476,-12.7801,19884.08,6083.88,25967.95,0,0.0000
2011-04-27,12,5,457.97,125515.07,125973.04,0.00,0.00,100000.00,5.09,0.0040,1.2597304079,-12.7766,19884.08,6088.97,25973.04,0,0.0000
2011-04-28,12,5,457.97,125912.64,126370.61,0.00,0.00,100000.00,397.57,0.3156,1.2637060971,-12.5013,19884.08,6486.53,26370.61,0,0.0000
2011-04-29,13,5,475.30,127513.94,127989.24,0.00,0.00,100000.00,1618.63,1.2809,1.2798923798,-11.3806,22987.81,5001.43,27989.24,0,0.0000
2011-05-02,13,5,475.30,124377.84,124853.14,0.00,0.00,100000.00,-3136.10,-2.4503,1.2485313724,-13.5520,22987.81,1865.33,24853.14,0,0.0000
2011-05-03,13,5,475.30,121463.40,121938.69,0.00,0.00,100000.00,-2914.44,-2.3343,1.2193869395,-15.5700,22987.81,-1049.11,21938.69,0,0.0000
2011-05-04,13,5,475.30,120844.23,121319.53,0.00,0.00,100000.00,-619.16,-0.5078,1.2131953126,-15.9987,22987.81,-1668.27,21319.53,0,0.0000
2011-05-05,13,5,475.30,120247.04,120722.34,0.00,0.00,100000.00,-597.19,-0.4922,1.2072233691,-16.4122,22987.81,-2265.47,20722.34,0,0.0000
2011-05-06,13,5,475.30,122775.43,123250.73,0.00,0.00,100000.00,2528.39,2.0944,1.2325072829,-14.6615,22987.81,262.92,23250.73,0,0.0000
2011-05-09,13,5,475.30,127497.93,127973.23,0.00,0.00,100000.00,4722.50,3.8316,1.2797322512,-11.3917,22987.81,4985.42,27973.23,0,0.0000
2011-05-10,13,5,475.30,125358.00,125833.30,0.00,0.00,100000.00,-2139.93,-1.6722,1.2583329705,-12.8734,22987.81,2845.49,25833.30,0,0.0000
2011-05-11,13,5,475.30,125865.40,126340.70,0.00,0.00,100000.00,507.40,0.4032,1.2634069762,-12.5221,22987.81,3352.89,26340.70,0,0.0000
2011-05-12,13,5,475.30,124185.30,124660.60,0.00,0.00,100000.00,-1680.10,-1.3298,1.2466059669,-13.6854,22987.81,1672.79,24660.60,0,0.0000
2011-05-13,13,5,475.30,125914.36,126389.66,0.00,0.00,100000.00,1729.06,1.3870,1.2638965928,-12.4882,22987.81,3401.85,26389.66,0,0.0000
2011-05-16,13,5,475.30,124320.23,124795.53,0.00,0.00,100000.00,-1594.13,-1.2613,1.2479553315,-13.5919,22987.81,1807.73,24795.53,0,0.0000
2011-05-17,13,5,475.30,125837.18,126312.48,0.00,0.00,100000.00,1516.94,1.2155,1.2631247547,-12.5416,22987.81,3324.67,26312.48,0,0.0000
2011-05-18,13,5,475.30,123243.04,123718.34,0.00,0.00,100000.00,-2594.13,-2.0537,1.2371834116,-14.3378,22987.81,730.54,23718.34,0,0.0000
2011-05-19,13,5,475.30,124111.83,124587.13,0.00,0.00,100000.00,868.79,0.7022,1.2458712827,-13.7362,22987.81,1599.32,24587.13,0,0.0000
2011-05-20,13,5,475.30,124735.97,125211.27,0.00,0.00,100000.00,624.14,0.5010,1.2521127216,-13.3041,22987.81,2223.47,25211.27,0,0.0000
2011-05-23,13,5,475.30,124837.30,125312.60,0.00,0.00,100000.00,101.33,0.0809,1.2531259733,-13.2339,22987.81,2324.79,25312.60,0,0.0000
2011-05-24,13,5,475.30,127128.45,127603.75,0.00,0.00,100000.00,2291.15,1.8283,1.2760374953,-11.6475,22987.81,4615.94,27603.75,0,0.0000
2011-05-25,13,5,475.30,128713.79,129189.09,0.00,0.00,100000.00,1585.34,1.2424,1.2918908588,-10.5498,22987.81,6201.28,29189.09,0,0.0000
2011-05-26,13,5,475.30,131135.70,131611.00,0.00,0.00,100000.00,2421.92,1.8747,1.3161100243,-8.8729,22987.81,8623.20,31611.00,0,0.0000
2011-05-27,14,5,472.07,132294.67,132766.74,0.00,0.00,100000.00,1155.74,0.8781,1.3276674222,-8.0727,24878.98,7887.76,32766.74,0,0.0000
2011-05-30,14,5,472.07,134965.64,135437.72,0.00,0.00,100000.00,2670.98,2.0118,1.3543771836,-6.2233,24878.98,10558.74,35437.72,0,0.0000
2011-05-31,14,5,472.07,136535.10,137007.17,0.00,0.00,100000.00,1569.45,1.1588,1.3700716967,-5.1366,24878.98,12128.19,37007.17,0,0.0000
2011-06-01,14,5,472.07,136902.57,137374.64,0.00,0.00,100000.00,367.47,0.2682,1.3737464185,-4.8822,24878.98,12495.66,37374.64,0,0.0000
2011-06-02,14,5,472.07,135711.15,136183.22,0.00,0.00,100000.00,-1191.42,-0.8673,1.3618322007,-5.7071,24878.98,11304.24,36183.22,0,0.0000
2011-06-03,14,5,472.07,134436.05,134908.12,0.00,0.00,100000.00,-1275.10,-0.9363,1.3490812327,-6.5900,24878.98,10029.14,34908.12,0,0.0000
2011-06-06,14,5,472.07,134362.32,134834.39,0.00,0.00,100000.00,-73.73,-0.0547,1.3483439377,-6.6410,24878.98,9955.41,34834.39,0,0.0000
2011-06-07,14,5,472.07,135404.81,135876.89,0.00,0.00,100000.00,1042.50,0.7732,1.3587688881,-5.9192,24878.98,10997.91,35876.89,0,0.0000
2011-06-08,14,5,472.07,135579.05,136051.13,0.00,0.00,100000.00,174.24,0.1282,1.3605112887,-5.7986,24878.98,11172.15,36051.13,0,0.0000
2011-06-09,14,5,472.07,136101.07,136573.15,0.00,0.00,100000.00,522.02,0.3837,1.3657314571,-5.4371,24878.98,11694.16,36573.15,0,0.0000
2011-06-10,14,5,472.07,135816.80,136288.88,0.00,0.00,100000.00,-284.27,-0.2081,1.3628887618,-5.6340,24878.98,11409.89,36288.88,0,0.0000
2011-06-13,14,5,472.07,135239.68,135711.76,0.00,0.00,100000.00,-577.12,-0.4235,1.3571175518,-6.0336,24878.98,10832.77,35711.76,0,0.0000
2011-06-14,14,5,472.07,135238.27,135710.35,0.00,0.00,100000.00,-1.41,-0.0010,1.3571034755,-6.0345,24878.98,10831.36,35710.35,0,0.0000
2011-06-15,14,5,472.07,134377.32,134849.40,0.00,0.00,100000.00,-860.95,-0.6344,1.3484939838,-6.6307,24878.98,9970.42,34849.40,0,0.0000
2011-06-16,14,5,472.07,133236.32,133708.39,0.00,0.00,100000.00,-1141.01,-0.8461,1.3370839107,-7.4207,24878.98,8829.41,33708.39,0,0.0000
2011-06-17,14,5,472.07,134551.58,135023.65,0.00,0.00,100000.00,1315.26,0.9837,1.3502365455,-6.5100,24878.98,10144.67,35023.65,0,0.0000
2011-06-20,14,5,472.07,132265.58,132737.66,0.00,0.00,100000.00,-2286.00,-1.6930,1.3273765824,-8.0928,24878.98,7858.68,32737.66,0,0.0000
2011-06-21,14,5,472.07,132157.70,132629.77,0.00,0.00,100000.00,-107.89,-0.0813,1.3262977036,-8.1675,24878.98,7750.79,32629.77,0,0.0000
2011-06-22,14,5,472.07,129447.17,129919.25,0.00,0.00,100000.00,-2710.52,-2.0437,1.2991924703,-10.0443,24878.98,5040.26,29919.25,0,0.0000
2011-06-23,14,5,472.07,131832.34,132304.41,0.00,0.00,100000.00,2385.17,1.8359,1.3230441269,-8.3928,24878.98,7425.43,32304.41,0,0.0000
2011-06-24,15,5,469.88,135189.55,135659.43,0.00,0.00,100000.00,3355.02,2.5358,1.3565942860,-6.0698,25991.83,9667.60,35659.43,0,0.0000
2011-06-27,15,5,469.88,134625.30,135095.18,0.00,0.00,100000.00,-564.25,-0.4159,1.3509518322,-6.4605,25991.83,9103.36,35095.18,0,0.0000
2011-06-28,15,5,469.88,135948.28,136418.17,0.00,0.00,100000.00,1322.98,0.9793,1.3641816569,-5.5444,25991.83,10426.34,36418.17,0,0.0000
2011-06-29,15,5,469.88,140007.99,140477.87,0.00,0.00,100000.00,4059.71,2.9759,1.4047787237,-2.7335,25991.83,14486.05,40477.87,0,0.0000
2011-06-30,15,5,469.88,144231.37,144701.25,0.00,0.00,100000.00,4223.38,3.0064,1.4470125427,0.0000,25991.83,18709.43,44701.25,0,0.0000
2011-07-01,15,5,469.88,141275.64,141745.52,0.00,0.00,100000.00,-2955.73,-2.0426,1.4174552029,-2.0426,25991.83,15753.70,41745.52,0,0.0000
2011-07-04,15,5,469.88,138435.73,138905.62,0.00,0.00,100000.00,-2839.90,-2.0035,1.3890561648,-4.0052,25991.83,12913.79,38905.62,0,0.0000
2011-07-05,15,5,469.88,139156.49,139626.37,0.00,0.00,100000.00,720.76,0.5189,1.3962637433,-3.5071,25991.83,13634.55,39626.37,0,0.0000
2011-07-06,15,5,469.88,141499.05,141968.93,0.00,0.00,100000.00,2342.56,1.6777,1.4196892974,-1.8883,25991.83,15977.10,41968.93,0,0.0000
2011-07-07,15,5,469.88,144237.98,144707.87,0.00,0.00,100000.00,2738.94,1.9293,1.4470786781,0.0000,25991.83,18716.04,44707.87,0,0.0000
2011-07-08,15,5,469.88,142730.03,143199.91,0.00,0.00,100000.00,-1507.96,-1.0421,1.4319991277,-1.0421,25991.83,17208.09,43199.91,0,0.0000
2011-07-11,15,5,469.88,144781.12,145251.00,0.00,0.00,100000.00,2051.09,1.4323,1.4525100266,0.0000,25991.83,19259.18,45251.00,0,0.0000
2011-07-12,15,5,469.88,141633.55,142103.44,0.00,0.00,100000.00,-3147.57,-2.1670,1.4210343526,-2.1670,25991.83,16111.61,42103.44,0,0.0000
2011-07-13,15,5,469.88,143942.78,144412.66,0.00,0.00,100000.00,2309.23,1.6250,1.4441266125,-0.5772,25991.83,18420.84,44412.66,0,0.0000
2011-07-14,15,5,469.88,143644.29,144114.17,0.00,0.00,100000.00,-298.49,-0.2067,1.4411417111,-0.7827,25991.83,18122.35,44114.17,0,0.0000
2011-07-15,15,5,469.88,145470.58,145940.46,0.00,0.00,100000.00,1826.29,1.2673,1.4594045865,0.0000,25991.83,19948.63,45940.46,0,0.0000
2011-07-18,15,5,469.88,149193.92,149663.80,0.00,0.00,100000.00,3723.34,2.5513,1.4966380164,0.0000,25991.83,23671.98,49663.80,0,0.0000
2011-07-19,15,5,469.88,150569.10,151038.98,0.00,0.00,100000.00,1375.18,0.9188,1.5103898420,0.0000,25991.83,25047.16,51038.98,0,0.0000
2011-07-20,15,5,469.88,147170.99,147640.87,0.00,0.00,100000.00,-3398.11,-2.2498,1.4764087010,-2.2498,25991.83,21649.04,47640.87,0,0.0000
2011-07-21,15,5,469.88,145238.76,145708.65,0.00,0.00,100000.00,-1932.22,-1.3087,1.4570864530,-3.5291,25991.83,19716.82,45708.65,0,0.0000
2011-07-22,16,5,1376.40,147724.18,149100.57,0.00,0.00,100000.00,3391.93,2.3279,1.4910057306,-1.2834,30032.90,19067.68,49100.57,0,0.0000
2011-07-25,16,5,1376.40,147779.15,149155.55,0.00,0.00,100000.00,54.98,0.0369,1.4915555007,-1.2470,30032.90,19122.65,49155.55,0,0.0000
2011-07-26,16,5,1376.40,146276.50,147652.90,0.00,0.00,100000.00,-1502.65,-1.0074,1.4765289728,-2.2419,30032.90,17620.00,47652.90,0,0.0000
2011-07-27,16,5,1376.40,144683.79,146060.18,0.00,0.00,100000.00,-1592.71,-1.0787,1.4606018410,-3.2964,30032.90,16027.29,46060.18,0,0.0000
2011-07-28,16,5,1376.40,144293.53,145669.92,0.00,0.00,100000.00,-390.26,-0.2672,1.4566992442,-3.5548,30032.90,15637.03,45669.92,0,0.0000
2011-07-29,16,5,1376.40,142665.39,144041.78,0.00,0.00,100000.00,-1628.14,-1.1177,1.4404178493,-4.6327,30032.90,14008.89,44041.78,0,0.0000
2011-08-01,16,5,1376.40,146636.06,148012.46,0.00,0.00,100000.00,3970.68,2.7566,1.4801246042,-2.0038,30032.90,17979.56,48012.46,0,0.0000
2011-08-02,16,5,1376.40,145071.13,146447.52,0.00,0.00,100000.00,-1564.94,-1.0573,1.4644752231,-3.0399,30032.90,16414.63,46447.52,0,0.0000
2011-08-03,16,5,1376.40,142846.66,144223.05,0.00,0.00,100000.00,-2224.47,-1.5190,1.4422305177,-4.5127,30032.90,14190.16,44223.05,0,0.0000
2011-08-04,16,5,1376.40,139420.20,140796.60,0.00,0.00,100000.00,-3426.45,-2.3758,1.4079660039,-6.7813,30032.90,10763.70,40796.60,0,0.0000
2011-08-05,16,5,1376.40,134536.41,135912.81,0.00,0.00,100000.00,-4883.79,-3.4687,1.3591281011,-10.0147,30032.90,5879.91,35912.81,0,0.0000
2011-08-08,16,5,1376.40,135074.88,136451.27,0.00,0.00,100000.00,538.46,0.3962,1.3645127139,-9.6582,30032.90,6418.38,36451.27,0,0.0000
2011-08-09,16,5,1376.40,133819.79,135196.19,0.00,0.00,100000.00,-1255.08,-0.9198,1.3519618956,-10.4892,30032.90,5163.29,35196.19,0,0.0000
2011-08-10,16,5,1376.40,142329.28,143705.67,0.00,0.00,100000.00,8509.48,6.2942,1.4370567433,-4.8552,30032.90,13672.78,43705.67,0,0.0000
2011-08-11,16,5,1376.40,143142.32,144518.72,0.00,0.00,100000.00,813.05,0.5658,1.4451871993,-4.3169,30032.90,14485.82,44518.72,0,0.0000
2011-08-12,16,5,1376.40,144603.49,145979.89,0.00,0.00,100000.00,1461.17,1.0111,1.4597988614,-3.3495,30032.90,15946.99,45979.89,0,0.0000
2011-08-16,16,5,1376.40,147718.83,149095.23,0.00,0.00,100000.00,3115.34,2.1341,1.4909522606,-1.2869,30032.90,19062.33,49095.23,0,0.0000
2011-08-17,16,5,1376.40,147621.32,148997.72,0.00,0.00,100000.00,-97.51,-0.0654,1.4899772005,-1.3515,30032.90,18964.82,48997.72,0,0.0000
2011-08-18,16,5,1376.40,146761.69,148138.08,0.00,0.00,100000.00,-859.64,-0.5769,1.4813808092,-1.9206,30032.90,18105.19,48138.08,0,0.0000
2011-08-19,16,5,1376.40,146245.81,147622.20,0.00,0.00,100000.00,-515.88,-0.3482,1.4762220364,-2.2622,30032.90,17589.31,47622.20,0,0.0000
2011-08-22,17,5,653.16,146931.94,147585.10,0.00,0.00,100000.00,-37.10,-0.0251,1.4758510500,-2.2867,27580.31,20004.80,47585.10,0,0.0000
2011-08-23,17,5,653.16,148383.86,149037.03,0.00,0.00,100000.00,1451.92,0.9838,1.4903702609,-1.3255,27580.31,21456.72,49037.03,0,0.0000
2011-08-24,17,5,653.16,147453.17,148106.34,0.00,0.00,100000.00,-930.69,-0.6245,1.4810633638,-1.9416,27580.31,20526.03,48106.34,0,0.0000
2011-08-25,17,5,653.16,149531.62,150184.79,0.00,0.00,100000.00,2078.45,1.4034,1.5018478681,-0.5655,27580.31,22604.48,50184.79,0,0.0000
2011-08-26,17,5,653.16,146408.71,147061.87,0.00,0.00,100000.00,-3122.92,-2.0794,1.4706187131,-2.6332,27580.31,19481.56,47061.87,0,0.0000
2011-08-29,17,5,653.16,147320.83,147973.99,0.00,0.00,100000.00,912.12,0.6202,1.4797399259,-2.0293,27580.31,20393.68,47973.99,0,0.0000
2011-08-30,17,5,653.16,149513.74,150166.90,0.00,0.00,100000.00,2192.91,1.4820,1.5016690492,-0.5774,27580.31,22586.60,50166.90,0,0.0000
2011-09-02,17,5,653.16,151451.74,152104.91,0.00,0.00,100000.00,1938.00,1.2906,1.5210490931,0.0000,27580.31,24524.60,52104.91,0,0.0000
2011-09-05,17,5,653.16,153355.98,154009.14,0.00,0.00,100000.00,1904.23,1.2519,1.5400914160,0.0000,27580.31,26428.83,54009.14,0,0.0000
2011-09-06,17,5,653.16,154692.06,155345.23,0.00,0.00,100000.00,1336.09,0.8675,1.5534522872,0.0000,27580.31,27764.92,55345.23,0,0.0000
2011-09-07,17,5,653.16,154654.96,155308.12,0.00,0.00,100000.00,-37.11,-0.0239,1.5530812132,-0.0239,27580.31,27727.81,55308.12,0,0.0000
2011-09-08,17,5,653.16,154349.19,155002.36,0.00,0.00,100000.00,-305.76,-0.1969,1.5500235816,-0.2207,27580.31,27422.05,55002.36,0,0.0000
2011-09-09,17,5,653.16,151962.09,152615.25,0.00,0.00,100000.00,-2387.11,-1.5400,1.5261525201,-1.7574,27580.31,25034.94,52615.25,0,0.0000
2011-09-12,17,5,653.16,149988.85,150642.02,0.00,0.00,100000.00,-1973.24,-1.2929,1.5064201586,-3.0276,27580.31,23061.71,50642.02,0,0.0000
2011-09-13,17,5,653.16,151093.48,151746.65,0.00,0.00,100000.00,1104.63,0.7333,1.5174664674,-2.3165,27580.31,24166.34,51746.65,0,0.0000
2011-09-14,17,5,653.16,150714.09,151367.25,0.00,0.00,100000.00,-379.40,-0.2500,1.5136725159,-2.5607,27580.31,23786.94,51367.25,0,0.0000
2011-09-15,17,5,653.16,151907.55,152560.72,0.00,0.00,100000.00,1193.47,0.7885,1.5256071763,-1.7925,27580.31,24980.41,52560.72,0,0.0000
2011-09-16,17,5,653.16,150747.08,151400.24,0.00,0.00,100000.00,-1160.48,-0.7607,1.5140024151,-2.5395,27580.31,23819.93,51400.24,0,0.0000
2011-09-19,17,5,653.16,149214.53,149867.69,0.00,0.00,100000.00,-1532.55,-1.0122,1.4986769465,-3.5260,27580.31,22287.39,49867.69,0,0.0000
2011-09-20,17,5,653.16,150972.22,151625.39,0.00,0.00,100000.00,1757.69,1.1728,1.5162538912,-2.3946,27580.31,24045.08,51625.39,0,0.0000
2011-09-21,18,5,1599.87,151370.83,152970.70,0.00,0.00,100000.00,1345.31,0.8873,1.5297070336,-1.5285,28417.00,24553.70,52970.70,0,0.0000
2011-09-22,18,5,1599.87,147281.00,148880.88,0.00,0.00,100000.00,-4089.83,-2.6736,1.4888087508,-4.1613,28417.00,20463.87,48880.88,0,0.0000
2011-09-23,18,5,1599.87,147312.09,148911.97,0.00,0.00,100000.00,31.09,0.0209,1.4891196552,-4.1413,28417.00,20494.96,48911.97,0,0.0000
2011-09-26,18,5,1599.87,144467.38,146067.25,0.00,0.00,100000.00,-2844.72,-1.9103,1.4606724937,-5.9725,28417.00,17650.25,46067.25,0,0.0000
2011-09-27,18,5,1599.87,148082.82,149682.69,0.00,0.00,100000.00,3615.44,2.4752,1.4968269201,-3.6451,28417.00,21265.69,49682.69,0,0.0000
2011-09-28,18,5,1599.87,144777.25,146377.13,0.00,0.00,100000.00,-3305.57,-2.2084,1.4637712570,-5.7730,28417.00,17960.12,46377.13,0,0.0000
2011-09-29,18,5,1599.87,143355.85,144955.72,0.00,0.00,100000.00,-1421.40,-0.9711,1.4495572398,-6.6880,28417.00,16538.72,44955.72,0,0.0000
2011-09-30,18,5,1599.87,141577.54,143177.41,0.00,0.00,100000.00,-1778.31,-1.2268,1.4317741378,-7.8328,28417.00,14760.41,43177.41,0,0.0000
2011-10-03,18,5,1599.87,139770.39,141370.26,0.00,0.00,100000.00,-1807.15,-1.2622,1.4137026414,-8.9961,28417.00,12953.26,41370.26,0,0.0000
2011-10-04,18,5,1599.87,133443.93,135043.80,0.00,0.00,100000.00,-6326.46,-4.4751,1.3504380241,-13.0686,28417.00,6626.80,35043.80,0,0.0000
2011-10-05,18,5,1599.87,130310.31,131910.18,0.00,0.00,100000.00,-3133.62,-2.3204,1.3191017970,-15.0858,28417.00,3493.18,31910.18,0,0.0000
2011-10-07,18,5,1599.87,134932.71,136532.59,0.00,0.00,100000.00,4622.41,3.5042,1.3653258894,-12.1102,28417.00,8115.58,36532.59,0,0.0000
2011-10-10,18,5,1599.87,137662.11,139261.98,0.00,0.00,100000.00,2729.39,1.9991,1.3926198249,-10.3532,28417.00,10844.98,39261.98,0,0.0000
2011-10-11,18,5,1599.87,141407.21,143007.09,0.00,0.00,100000.00,3745.11,2.6893,1.4300708862,-7.9424,28417.00,14590.08,43007.09,0,0.0000
2011-10-12,18,5,1599.87,144132.51,145732.38,0.00,0.00,100000.00,2725.30,1.9057,1.4573238412,-6.1881,28417.00,17315.38,45732.38,0,0.0000
2011-10-13,18,5,1599.87,143981.40,145581.28,0.00,0.00,100000.00,-151.11,-0.1037,1.4558127631,-6.2853,28417.00,17164.27,45581.28,0,0.0000
2011-10-14,18,5,1599.87,144360.16,145960.04,0.00,0.00,100000.00,378.76,0.2602,1.4596003899,-6.0415,28417.00,17543.03,45960.04,0,0.0000
2011-10-17,18,5,1599.87,145918.18,147518.05,0.00,0.00,100000.00,1558.01,1.0674,1.4751804987,-5.0386,28417.00,19101.05,47518.05,0,0.0000
2011-10-18,18,5,1599.87,143458.59,145058.46,0.00,0.00,100000.00,-2459.59,-1.6673,1.4505845959,-6.6219,28417.00,16641.46,45058.46,0,0.0000
2011-10-19,18,5,1599.87,145957.46,147557.34,0.00,0.00,100000.00,2498.88,1.7227,1.4755733694,-5.0133,28417.00,19140.33,47557.34,0,0.0000
2011-10-20,19,5,2718.68,144113.93,146832.61,0.00,0.00,100000.00,-724.72,-0.4911,1.4683261401,-5.4798,33691.51,13141.10,46832.61,0,0.0000
2011-10-21,19,5,2718.68,144237.04,146955.72,0.00,0.00,100000.00,123.11,0.0838,1.4695572440,-5.4006,33691.51,13264.21,46955.72,0,0.0000
2011-10-24,19,5,2718.68,144874.83,147593.52,0.00,0.00,100000.00,637.79,0.4340,1.4759351599,-4.9900,33691.51,13902.01,47593.52,0,0.0000
2011-10-25,19,5,2718.68,145604.29,148322.97,0.00,0.00,100000.00,729.46,0.4942,1.4832297368,-4.5204,33691.51,14631.46,48322.97,0,0.0000
2011-10-28,19,5,2718.68,146977.79,149696.47,0.00,0.00,100000.00,1373.50,0.9260,1.4969647290,-3.6363,33691.51,16004.96,49696.47,0,0.0000
2011-10-31,19,5,2718.68,146550.13,149268.81,0.00,0.00,100000.00,-427.66,-0.2857,1.4926881111,-3.9116,33691.51,15577.30,49268.81,0,0.0000
2011-11-01,19,5,2718.68,145566.29,148284.98,0.00,0.00,100000.00,-983.84,-0.6591,1.4828497546,-4.5449,33691.51,14593.46,48284.98,0,0.0000
2011-11-02,19,5,2718.68,145049.66,147768.34,0.00,0.00,100000.00,-516.64,-0.3484,1.4776833992,-4.8775,33691.51,14076.83,47768.34,0,0.0000
2011-11-03,19,5,2718.68,147293.75,150012.43,0.00,0.00,100000.00,2244.09,1.5187,1.5001243123,-3.4329,33691.51,16320.92,50012.43,0,0.0000
2011-11-04,19,5,2718.68,147146.36,149865.04,0.00,0.00,100000.00,-147.39,-0.0983,1.4986504060,-3.5277,33691.51,16173.53,49865.04,0,0.0000
2011-11-08,19,5,2718.68,146200.61,148919.30,0.00,0.00,100000.00,-945.75,-0.6311,1.4891929514,-4.1366,33691.51,15227.78,48919.30,0,0.0000
2011-11-09,19,5,2718.68,144925.82,147644.50,0.00,0.00,100000.00,-1274.79,-0.8560,1.4764450174,-4.9572,33691.51,13952.99,47644.50,0,0.0000
2011-11-11,19,5,2718.68,145177.14,147895.82,0.00,0.00,100000.00,251.32,0.1702,1.4789582114,-4.7954,33691.51,14204.31,47895.82,0,0.0000
2011-11-14,19,5,2718.68,143076.69,145795.38,0.00,0.00,100000.00,-2100.44,-1.4202,1.4579537743,-6.1475,33691.51,12103.87,45795.38,0,0.0000
2011-11-15,19,5,2718.68,140054.06,142772.74,0.00,0.00,100000.00,-3022.64,-2.0732,1.4277274014,-8.0933,33691.51,9081.23,42772.74,0,0.0000
2011-11-16,19,5,2718.68,140285.96,143004.64,0.00,0.00,100000.00,231.90,0.1624,1.4300464052,-7.9440,33691.51,9313.13,43004.64,0,0.0000
2011-11-17,19,5,2718.68,141004.42,143723.11,0.00,0.00,100000.00,718.47,0.5024,1.4372310596,-7.4815,33691.51,10031.60,43723.11,0,0.0000
2011-11-18,19,5,2718.68,139987.10,142705.79,0.00,0.00,100000.00,-1017.32,-0.7078,1.4270578644,-8.1364,33691.51,9014.28,42705.79,0,0.0000
2011-11-21,19,5,2718.68,138083.59,140802.27,0.00,0.00,100000.00,-1903.51,-1.3339,1.4080227309,-9.3617,33691.51,7110.76,40802.27,0,0.0000
2011-11-22,19,5,2718.68,138248.28,140966.96,0.00,0.00,100000.00,164.69,0.1170,1.4096696303,-9.2557,33691.51,7275.45,40966.96,0,0.0000
2011-11-23,20,5,1788.69,135102.91,136891.60,0.00,0.00,100000.00,-4075.36,-2.8910,1.3689160226,-11.8791,36797.90,93.71,36891.60,0,0.0000
2011-11-24,20,5,1788.69,135701.29,137489.98,0.00,0.00,100000.00,598.38,0.4371,1.3748997788,-11.4939,36797.90,692.08,37489.98,0,0.0000
2011-11-25,20,5,1788.69,137133.61,138922.30,0.00,0.00,100000.00,1432.32,1.0418,1.3892229987,-10.5719,36797.90,2124.40,38922.30,0,0.0000
2011-11-28,20,5,1788.69,139524.22,141312.91,0.00,0.00,100000.00,2390.61,1.7208,1.4131291269,-9.0330,36797.90,4515.02,41312.91,0,0.0000
2011-11-29,20,5,1788.69,140277.12,142065.81,0.00,0.00,100000.00,752.89,0.5328,1.4206580747,-8.5483,36797.90,5267.91,42065.81,0,0.0000
2011-11-30,20,5,1788.69,141795.87,143584.56,0.00,0.00,100000.00,1518.75,1.0690,1.4358455824,-7.5707,36797.90,6786.66,43584.56,0,0.0000
2011-12-01,20,5,1788.69,139884.40,141673.09,0.00,0.00,100000.00,-1911.47,-1.3312,1.4167308953,-8.8011,36797.90,4875.19,41673.09,0,0.0000
2011-12-02,20,5,1788.69,141455.55,143244.24,0.00,0.00,100000.00,1571.15,1.1090,1.4324423692,-7.7897,36797.90,6446.34,43244.24,0,0.0000
2011-12-05,20,5,1788.69,141501.01,143289.69,0.00,0.00,100000.00,45.46,0.0317,1.4328969442,-7.7605,36797.90,6491.80,43289.69,0,0.0000
2011-12-07,20,5,1788.69,141937.01,143725.70,0.00,0.00,100000.00,436.00,0.3043,1.4372569604,-7.4798,36797.90,6927.80,43725.70,0,0.0000
2011-12-08,20,5,1788.69,140523.62,142312.30,0.00,0.00,100000.00,-1413.39,-0.9834,1.4231230409,-8.3897,36797.90,5514.41,42312.30,0,0.0000
2011-12-09,20,5,1788.69,139617.73,141406.42,0.00,0.00,100000.00,-905.89,-0.6365,1.4140641524,-8.9728,36797.90,4608.52,41406.42,0,0.0000
2011-12-12,20,5,1788.69,136274.04,138062.73,0.00,0.00,100000.00,-3343.69,-2.3646,1.3806272849,-11.1252,36797.90,1264.83,38062.73,0,0.0000
2011-12-13,20,5,1788.69,136402.08,138190.77,0.00,0.00,100000.00,128.04,0.0927,1.3819076572,-11.0428,36797.90,1392.87,38190.77,0,0.0000
2011-12-14,20,5,1788.69,135448.02,137236.71,0.00,0.00,100000.00,-954.06,-0.6904,1.3723670735,-11.6570,36797.90,438.81,37236.71,0,0.0000
2011-12-15,20,5,1788.69,134426.87,136215.56,0.00,0.00,100000.00,-1021.15,-0.7441,1.3621555848,-12.3143,36797.90,-582.34,36215.56,0,0.0000
2011-12-16,20,5,1788.69,131406.90,133195.59,0.00,0.00,100000.00,-3019.97,-2.2171,1.3319558554,-14.2583,36797.90,-3602.31,33195.59,0,0.0000
2011-12-19,20,5,1788.69,129639.72,131428.41,0.00,0.00,100000.00,-1767.18,-1.3268,1.3142840532,-15.3959,36797.90,-5369.49,31428.41,0,0.0000
2011-12-20,20,5,1788.69,130349.25,132137.94,0.00,0.00,100000.00,709.54,0.5399,1.3213794118,-14.9392,36797.90,-4659.96,32137.94,0,0.0000
2011-12-21,20,5,1788.69,132287.42,134076.11,0.00,0.00,100000.00,1938.17,1.4668,1.3407611052,-13.6915,36797.90,-2721.79,34076.11,0,0.0000
2011-12-22,21,5,1933.21,134019.40,135952.61,0.00,0.00,100000.00,1876.50,1.3996,1.3595260690,-12.4836,32000.23,3952.38,35952.61,0,0.0000
2011-12-23,21,5,1933.21,135496.93,137430.13,0.00,0.00,100000.00,1477.53,1.0868,1.3743013458,-11.5324,32000.23,5429.90,37430.13,0,0.0000
2011-12-26,21,5,1933.21,136831.39,138764.59,0.00,0.00,100000.00,1334.46,0.9710,1.3876459456,-10.6734,32000.23,6764.36,38764.59,0,0.0000
2011-12-27,21,5,1933.21,136954.90,138888.10,0.00,0.00,100000.00,123.51,0.0890,1.3888810386,-10.5939,32000.23,6887.87,38888.10,0,0.0000
2011-12-28,21,5,1933.21,135232.85,137166.05,0.00,0.00,100000.00,-1722.05,-1.2399,1.3716605441,-11.7024,32000.23,5165.82,37166.05,0,0.0000
2011-12-29,21,5,1933.21,136046.01,137979.21,0.00,0.00,100000.00,813.16,0.5928,1.3797921441,-11.1790,32000.23,5978.98,37979.21,0,0.0000
2011-12-30,21,5,1933.21,135134.38,137067.59,0.00,0.00,100000.00,-911.63,-0.6607,1.3706758906,-11.7658,32000.23,5067.36,37067.59,0,0.0000
2012-01-02,21,5,1933.21,132180.58,134113.78,0.00,0.00,100000.00,-2953.81,-2.1550,1.3411378383,-13.6673,32000.23,2113.55,34113.78,0,0.0000
2012-01-03,21,5,1933.21,134783.76,136716.97,0.00,0.00,100000.00,2603.18,1.9410,1.3671696553,-11.9915,32000.23,4716.73,36716.97,0,0.0000
2012-01-04,21,5,1933.21,132340.27,134273.48,0.00,0.00,100000.00,-2443.49,-1.7873,1.3427347535,-13.5645,32000.23,2273.24,34273.48,0,0.0000
2012-01-05,21,5,1933.21,132563.39,134496.60,0.00,0.00,100000.00,223.12,0.1662,1.3449659730,-13.4208,32000.23,2496.37,34496.60,0,0.0000
2012-01-06,21,5,1933.21,131880.16,133813.36,0.00,0.00,100000.00,-683.24,-0.5080,1.3381336166,-13.8607,32000.23,1813.13,33813.36,0,0.0000
2012-01-09,21,5,1933.21,131248.84,133182.05,0.00,0.00,100000.00,-631.31,-0.4718,1.3318205122,-14.2670,32000.23,1181.82,33182.05,0,0.0000
2012-01-10,21,5,1933.21,131779.79,133712.99,0.00,0.00,100000.00,530.94,0.3987,1.3371299281,-13.9253,32000.23,1712.76,33712.99,0,0.0000
2012-01-11,21,5,1933.21,131922.08,133855.29,0.00,0.00,100000.00,142.30,0.1064,1.3385528978,-13.8337,32000.23,1855.06,33855.29,0,0.0000
2012-01-12,21,5,1933.21,131760.56,133693.77,0.00,0.00,100000.00,-161.52,-0.1207,1.3369376945,-13.9376,32000.23,1693.54,33693.77,0,0.0000
2012-01-13,21,5,1933.21,132096.65,134029.85,0.00,0.00,100000.00,336.08,0.2514,1.3402985415,-13.7213,32000.23,2029.62,34029.85,0,0.0000
2012-01-16,21,5,1933.21,132198.87,134132.08,0.00,0.00,100000.00,102.23,0.0763,1.3413208000,-13.6555,32000.23,2131.85,34132.08,0,0.0000
2012-01-17,21,5,1933.21,135422.63,137355.84,0.00,0.00,100000.00,3223.76,2.4034,1.3735583711,-11.5803,32000.23,5355.61,37355.84,0,0.0000
2012-01-18,21,5,1933.21,133246.09,135179.30,0.00,0.00,100000.00,-2176.54,-1.5846,1.3517930011,-12.9814,32000.23,3179.07,35179.30,0,0.0000
2012-01-19,22,5,481.09,135314.02,135795.11,0.00,0.00,100000.00,615.81,0.4555,1.3579510711,-12.5850,34983.48,811.62,35795.11,0,0.0000
2012-01-20,22,5,481.09,134745.65,135226.73,0.00,0.00,100000.00,-568.37,-0.4186,1.3522673351,-12.9508,34983.48,243.25,35226.73,0,0.0000
2012-01-23,22,5,481.09,135284.41,135765.50,0.00,0.00,100000.00,538.76,0.3984,1.3576549651,-12.6040,34983.48,782.01,35765.50,0,0.0000
2012-01-24,22,5,481.09,135544.21,136025.29,0.00,0.00,100000.00,259.80,0.1914,1.3602529336,-12.4368,34983.48,1041.81,36025.29,0,0.0000
2012-01-25,22,5,481.09,137114.31,137595.40,0.00,0.00,100000.00,1570.10,1.1543,1.3759539661,-11.4261,34983.48,2611.91,37595.40,0,0.0000
2012-01-27,22,5,481.09,138051.54,138532.63,0.00,0.00,100000.00,937.23,0.6811,1.3853262566,-10.8227,34983.48,3549.14,38532.63,0,0.0000
2012-01-30,22,5,481.09,136978.49,137459.58,0.00,0.00,100000.00,-1073.05,-0.7746,1.3745957520,-11.5135,34983.48,2476.09,37459.58,0,0.0000
2012-01-31,22,5,481.09,140733.96,141215.04,0.00,0.00,100000.00,3755.47,2.7321,1.4121504343,-9.0960,34983.48,6231.56,41215.04,0,0.0000
2012-02-01,22,5,481.09,141829.66,142310.75,0.00,0.00,100000.00,1095.71,0.7759,1.4231074934,-8.3907,34983.48,7327.27,42310.75,0,0.0000
2012-02-02,22,5,481.09,143792.51,144273.60,0.00,0.00,100000.00,1962.85,1.3793,1.4427359879,-7.1271,34983.48,9290.12,44273.60,0,0.0000
2012-02-03,22,5,481.09,144469.26,144950.35,0.00,0.00,100000.00,676.75,0.4691,1.4495034726,-6.6915,34983.48,9966.86,44950.35,0,0.0000
2012-02-06,22,5,481.09,144068.70,144549.79,0.00,0.00,100000.00,-400.56,-0.2763,1.4454978657,-6.9493,34983.48,9566.30,44549.79,0,0.0000
2012-02-07,22,5,481.09,143335.65,143816.74,0.00,0.00,100000.00,-733.05,-0.5071,1.4381673945,-7.4212,34983.48,8833.26,43816.74,0,0.0000
2012-02-08,22,5,481.09,144398.04,144879.13,0.00,0.00,100000.00,1062.39,0.7387,1.4487912847,-6.7373,34983.48,9895.64,44879.13,0,0.0000
2012-02-09,22,5,481.09,146718.27,147199.35,0.00,0.00,100000.00,2320.23,1.6015,1.4719935425,-5.2437,34983.48,12215.87,47199.35,0,0.0000
2012-02-10,22,5,481.09,146739.66,147220.75,0.00,0.00,100000.00,21.39,0.0145,1.4722074791,-5.2300,34983.48,12237.26,47220.75,0,0.0000
2012-02-13,22,5,481.09,146681.35,147162.44,0.00,0.00,100000.00,-58.31,-0.0396,1.4716243876,-5.2675,34983.48,12178.96,47162.44,0,0.0000
2012-02-14,22,5,481.09,148399.80,148880.88,0.00,0.00,100000.00,1718.45,1.1677,1.4888088452,-4.1613,34983.48,13897.40,48880.88,0,0.0000
2012-02-15,22,5,481.09,154199.90,154680.98,0.00,0.00,100000.00,5800.10,3.8958,1.5468098288,-0.4276,34983.48,19697.50,54680.98,0,0.0000
2012-02-16,22,5,481.09,151327.58,151808.67,0.00,0.00,100000.00,-2872.32,-1.8569,1.5180866754,-2.2766,34983.48,16825.18,51808.67,0,0.0000
2012-02-17,23,5,390.57,149302.80,149693.36,0.00,0.00,100000.00,-2115.31,-1.3934,1.4969336236,-3.6383,39743.53,9949.83,49693.36,0,0.0000
2012-02-21,23,5,390.57,150835.32,151225.89,0.00,0.00,100000.00,1532.52,1.0238,1.5122588562,-2.6517,39743.53,11482.35,51225.89,0,0.0000
2012-02-22,23,5,390.57,145454.97,145845.54,0.00,0.00,100000.00,-5380.35,-3.5578,1.4584553518,-6.1152,39743.53,6102.00,45845.54,0,0.0000
2012-02-23,23,5,390.57,146084.75,146475.31,0.00,0.00,100000.00,629.78,0.4318,1.4647531118,-5.7098,39743.53,6731.78,46475.31,0,0.0000
2012-02-24,23,5,390.57,146637.98,147028.54,0.00,0.00,100000.00,553.23,0.3777,1.4702854222,-5.3537,39743.53,7285.01,47028.54,0,0.0000
2012-02-27,23,5,390.57,141580.98,141971.54,0.00,0.00,100000.00,-5057.00,-3.4395,1.4197154463,-8.6090,39743.53,2228.01,41971.54,0,0.0000
2012-02-28,23,5,390.57,147720.00,148110.57,0.00,0.00,100000.00,6139.02,4.3241,1.4811056633,-4.6572,39743.53,8367.03,48110.57,0,0.0000
2012-02-29,23,5,390.57,150821.55,151212.11,0.00,0.00,100000.00,3101.55,2.0941,1.5121211245,-2.6606,39743.53,11468.58,51212.11,0,0.0000
2012-03-01,23,5,390.57,147292.23,147682.79,0.00,0.00,100000.00,-3529.32,-2.3340,1.4768279377,-4.9325,39743.53,7939.26,47682.79,0,0.0000
2012-03-02,23,5,390.57,145335.60,145726.17,0.00,0.00,100000.00,-1956.63,-1.3249,1.4572616825,-6.1921,39743.53,5982.64,45726.17,0,0.0000
2012-03-05,23,5,390.57,142744.19,143134.75,0.00,0.00,100000.00,-2591.42,-1.7783,1.4313475051,-7.8602,39743.53,3391.22,43134.75,0,0.0000
2012-03-06,23,5,390.57,140473.74,140864.31,0.00,0.00,100000.00,-2270.44,-1.5862,1.4086430812,-9.3218,39743.53,1120.78,40864.31,0,0.0000
2012-03-07,23,5,390.57,141584.92,141975.48,0.00,0.00,100000.00,1111.17,0.7888,1.4197548239,-8.6065,39743.53,2231.95,41975.48,0,0.0000
2012-03-09,23,5,390.57,148195.71,148586.27,0.00,0.00,100000.00,6610.79,4.6563,1.4858627102,-4.3509,39743.53,8842.74,48586.27,0,0.0000
2012-03-12,23,5,390.57,151400.65,151791.22,0.00,0.00,100000.00,3204.95,2.1570,1.5179122018,-2.2878,39743.53,12047.69,51791.22,0,0.0000
2012-03-13,23,5,390.57,153154.87,153545.43,0.00,0.00,100000.00,1754.21,1.1557,1.5354543486,-1.1586,39743.53,13801.90,53545.43,0,0.0000
2012-03-14,23,5,390.57,155006.66,155397.22,0.00,0.00,100000.00,1851.79,1.2060,1.5539722295,0.0000,39743.53,15653.69,55397.22,0,0.0000
2012-03-15,23,5,390.57,152881.91,153272.47,0.00,0.00,100000.00,-2124.75,-1.3673,1.5327247029,-1.3673,39743.53,13528.94,53272.47,0,0.0000
2012-03-16,23,5,390.57,150327.21,150717.78,0.00,0.00,100000.00,-2554.69,-1.6668,1.5071777594,-3.0113,39743.53,10974.24,50717.78,0,0.0000
2012-03-19,23,5,390.57,148302.38,148692.95,0.00,0.00,100000.00,-2024.83,-1.3435,1.4869294601,-4.3143,39743.53,8949.41,48692.95,0,0.0000
2012-03-20,24,5,375.73,146208.31,146584.04,0.00,0.00,100000.00,-2108.90,-1.4183,1.4658404262,-5.6714,32884.10,13699.94,46584.04,0,0.0000
2012-03-21,24,5,375.73,148883.60,149259.33,0.00,0.00,100000.00,2675.29,1.8251,1.4925932787,-3.9498,32884.10,16375.23,49259.33,0,0.0000
2012-03-22,24,5,375.73,144070.33,144446.06,0.00,0.00,100000.00,-4813.27,-3.2248,1.4444606281,-7.0472,32884.10,11561.96,44446.06,0,0.0000
2012-03-23,24,5,375.73,144008.89,144384.62,0.00,0.00,100000.00,-61.44,-0.0425,1.4438462097,-7.0867,32884.10,11500.52,44384.62,0,0.0000
2012-03-26,24,5,375.73,139617.72,139993.45,0.00,0.00,100000.00,-4391.17,-3.0413,1.3999344709,-9.9125,32884.10,7109.35,39993.45,0,0.0000
2012-03-27,24,5,375.73,139944.96,140320.69,0.00,0.00,100000.00,327.24,0.2338,1.4032068738,-9.7019,32884.10,7436.59,40320.69,0,0.0000
2012-03-28,24,5,375.73,136235.58,136611.31,0.00,0.00,100000.00,-3709.38,-2.6435,1.3661130574,-12.0890,32884.10,3727.21,36611.31,0,0.0000
2012-03-29,24,5,375.73,136880.51,137256.24,0.00,0.00,100000.00,644.93,0.4721,1.3725624042,-11.6739,32884.10,4372.14,37256.24,0,0.0000
2012-03-30,24,5,375.73,141761.87,142137.60,0.00,0.00,100000.00,4881.36,3.5564,1.4213760219,-8.5327,32884.10,9253.50,42137.60,0,0.0000
2012-04-02,24,5,375.73,144966.27,145342.00,0.00,0.00,100000.00,3204.40,2.2544,1.4534199840,-6.4707,32884.10,12457.90,45342.00,0,0.0000
2012-04-03,24,5,375.73,145667.26,146042.99,0.00,0.00,100000.00,700.99,0.4823,1.4604299085,-6.0196,32884.10,13158.89,46042.99,0,0.0000
2012-04-04,24,5,375.73,144712.29,145088.02,0.00,0.00,100000.00,-954.97,-0.6539,1.4508801962,-6.6341,32884.10,12203.92,45088.02,0,0.0000
2012-04-09,24,5,375.73,141014.95,141390.68,0.00,0.00,100000.00,-3697.34,-2.5483,1.4139067896,-9.0134,32884.10,8506.58,41390.68,0,0.0000
2012-04-10,24,5,375.73,141514.98,141890.71,0.00,0.00,100000.00,500.03,0.3537,1.4189070883,-8.6916,32884.10,9006.61,41890.71,0,0.0000
2012-04-11,24,5,375.73,138300.54,138676.27,0.00,0.00,100000.00,-3214.44,-2.2654,1.3867626877,-10.7601,32884.10,5792.17,38676.27,0,0.0000
2012-04-12,24,5,375.73,138893.12,139268.85,0.00,0.00,100000.00,592.58,0.4273,1.3926884539,-10.3788,32884.10,6384.75,39268.85,0,0.0000
2012-04-13,24,5,375.73,139107.53,139483.26,0.00,0.00,100000.00,214.41,0.1540,1.3948325946,-10.2408,32884.10,6599.16,39483.26,0,0.0000
2012-04-16,24,5,375.73,143985.97,144361.70,0.00,0.00,100000.00,4878.44,3.4975,1.4436169592,-7.1015,32884.10,11477.60,44361.70,0,0.0000
2012-04-17,24,5,375.73,144229.92,144605.65,0.00,0.00,100000.00,243.95,0.1690,1.4460564830,-6.9445,32884.10,11721.55,44605.65,0,0.0000
2012-04-18,24,5,375.73,145437.34,145813.07,0.00,0.00,100000.00,1207.42,0.8350,1.4581307134,-6.1675,32884.10,12928.97,45813.07,0,0.0000
2012-04-19,25,5,429.28,143214.07,143643.34,0.00,0.00,100000.00,-2169.73,-1.4880,1.4364334470,-7.5638,33749.80,9893.55,43643.34,0,0.0000
2012-04-20,25,5,429.28,141714.51,142143.79,0.00,0.00,100000.00,-1499.56,-1.0439,1.4214378566,-8.5287,33749.80,8393.99,42143.79,0,0.0000
2012-04-23,25,5,429.28,138946.76,139376.04,0.00,0.00,100000.00,-2767.75,-1.9471,1.3937603846,-10.3098,33749.80,5626.24,39376.04,0,0.0000
2012-04-24,25,5,429.28,138440.70,138869.98,0.00,0.00,100000.00,-506.06,-0.3631,1.3886997511,-10.6355,33749.80,5120.18,38869.98,0,0.0000
2012-04-25,25,5,429.28,138720.17,139149.45,0.00,0.00,100000.00,279.47,0.2012,1.3914944903,-10.4556,33749.80,5399.65,39149.45,0,0.0000
2012-04-26,25,5,429.28,137267.44,137696.71,0.00,0.00,100000.00,-1452.74,-1.0440,1.3769671285,-11.3905,33749.80,3946.92,37696.71,0,0.0000
2012-04-27,25,5,429.28,139850.14,140279.41,0.00,0.00,100000.00,2582.70,1.8756,1.4027941375,-9.7285,33749.80,6529.62,40279.41,0,0.0000
2012-04-30,25,5,429.28,139275.76,139705.04,0.00,0.00,100000.00,-574.38,-0.4095,1.3970503807,-10.0981,33749.80,5955.24,39705.04,0,0.0000
2012-05-02,25,5,429.28,138785.46,139214.74,0.00,0.00,100000.00,-490.30,-0.3510,1.3921473731,-10.4136,33749.80,5464.94,39214.74,0,0.0000
2012-05-03,25,5,429.28,137296.84,137726.12,0.00,0.00,100000.00,-1488.62,-1.0693,1.3772611772,-11.3716,33749.80,3976.32,37726.12,0,0.0000
2012-05-04,25,5,429.28,132655.18,133084.46,0.00,0.00,100000.00,-4641.66,-3.3702,1.3308445814,-14.3585,33749.80,-665.34,33084.46,0,0.0000
2012-05-07,25,5,429.28,134536.19,134965.47,0.00,0.00,100000.00,1881.01,1.4134,1.3496547028,-13.1481,33749.80,1215.67,34965.47,0,0.0000
2012-05-08,25,5,429.28,131506.48,131935.76,0.00,0.00,100000.00,-3029.71,-2.2448,1.3193575879,-15.0977,33749.80,-1814.04,31935.76,0,0.0000
2012-05-09,25,5,429.28,129737.40,130166.68,0.00,0.00,100000.00,-1769.08,-1.3409,1.3016667723,-16.2362,33749.80,-3583.12,30166.68,0,0.0000
2012-05-10,25,5,429.28,128266.43,128695.70,0.00,0.00,100000.00,-1470.97,-1.1301,1.2869570426,-17.1828,33749.80,-5054.09,28695.70,0,0.0000
2012-05-11,25,5,429.28,129435.15,129864.43,0.00,0.00,100000.00,1168.72,0.9081,1.2986442599,-16.4307,33749.80,-3885.37,29864.43,0,0.0000
2012-05-14,25,5,429.28,128831.97,129261.24,0.00,0.00,100000.00,-603.18,-0.4645,1.2926124159,-16.8188,33749.80,-4488.55,29261.24,0,0.0000
2012-05-15,25,5,429.28,129329.52,129758.80,0.00,0.00,100000.00,497.55,0.3849,1.2975879544,-16.4986,33749.80,-3991.00,29758.80,0,0.0000
2012-05-16,25,5,429.28,126154.58,126583.85,0.00,0.00,100000.00,-3174.94,-2.4468,1.2658385309,-18.5418,33749.80,-7165.94,26583.85,0,0.0000
2012-05-17,25,5,429.28,124650.22,125079.49,0.00,0.00,100000.00,-1504.36,-1.1884,1.2507949368,-19.5098,33749.80,-8670.30,25079.49,0,0.0000
2012-05-18,26,5,4817.07,119129.88,123946.94,0.00,0.00,100000.00,-1132.55,-0.9055,1.2394694211,-20.2386,21974.73,1972.21,23946.94,0,0.0000
2012-05-21,26,5,4817.07,118836.69,123653.76,0.00,0.00,100000.00,-293.18,-0.2365,1.2365375841,-20.4273,21974.73,1679.03,23653.76,0,0.0000
2012-05-22,26,5,4817.07,118631.10,123448.16,0.00,0.00,100000.00,-205.59,-0.1663,1.2344816426,-20.5596,21974.73,1473.44,23448.16,0,0.0000
2012-05-23,26,5,4817.07,118219.42,123036.49,0.00,0.00,100000.00,-411.67,-0.3335,1.2303649041,-20.8245,21974.73,1061.76,23036.49,0,0.0000
2012-05-24,26,5,4817.07,120492.77,125309.84,0.00,0.00,100000.00,2273.35,1.8477,1.2530983619,-19.3616,21974.73,3335.11,25309.84,0,0.0000
2012-05-25,26,5,4817.07,123588.99,128406.05,0.00,0.00,100000.00,3096.22,2.4708,1.2840605203,-17.3691,21974.73,6431.32,28406.05,0,0.0000
2012-05-28,26,5,4817.07,125224.52,130041.59,0.00,0.00,100000.00,1635.53,1.2737,1.3004158643,-16.3167,21974.73,8066.86,30041.59,0,0.0000
2012-05-29,26,5,4817.07,125416.25,130233.32,0.00,0.00,100000.00,191.73,0.1474,1.3023332071,-16.1933,21974.73,8258.59,30233.32,0,0.0000
2012-05-30,26,5,4817.07,124474.12,129291.18,0.00,0.00,100000.00,-942.14,-0.7234,1.2929118486,-16.7996,21974.73,7316.46,29291.18,0,0.0000
2012-05-31,26,5,4817.07,127398.73,132215.80,0.00,0.00,100000.00,2924.61,2.2620,1.3221579794,-14.9175,21974.73,10241.07,32215.80,0,0.0000
2012-06-01,26,5,4817.07,123775.08,128592.14,0.00,0.00,100000.00,-3623.66,-2.7407,1.2859214275,-17.2494,21974.73,6617.42,28592.14,0,0.0000
2012-06-04,26,5,4817.07,121010.49,125827.56,0.00,0.00,100000.00,-2764.58,-2.1499,1.2582756056,-19.0284,21974.73,3852.83,25827.56,0,0.0000
2012-06-05,26,5,4817.07,121444.43,126261.50,0.00,0.00,100000.00,433.94,0.3449,1.2626149941,-18.7492,21974.73,4286.77,26261.50,0,0.0000
2012-06-06,26,5,4817.07,122590.65,127407.72,0.00,0.00,100000.00,1146.22,0.9078,1.2740771746,-18.0116,21974.73,5432.99,27407.72,0,0.0000
2012-06-07,26,5,4817.07,122526.40,127343.46,0.00,0.00,100000.00,-64.25,-0.0504,1.2734346431,-18.0529,21974.73,5368.74,27343.46,0,0.0000
2012-06-08,26,5,4817.07,123203.97,128021.03,0.00,0.00,100000.00,677.57,0.5321,1.2802103374,-17.6169,21974.73,6046.31,28021.03,0,0.0000
2012-06-11,26,5,4817.07,123178.68,127995.75,0.00,0.00,100000.00,-25.29,-0.0198,1.2799574821,-17.6332,21974.73,6021.02,27995.75,0,0.0000
2012-06-12,26,5,4817.07,124264.47,129081.54,0.00,0.00,100000.00,1085.79,0.8483,1.2908154065,-16.9345,21974.73,7106.81,29081.54,0,0.0000
2012-06-13,26,5,4817.07,124165.62,128982.69,0.00,0.00,100000.00,-98.85,-0.0766,1.2898269110,-16.9981,21974.73,7007.96,28982.69,0,0.0000
2012-06-14,26,5,4817.07,122913.33,127730.39,0.00,0.00,100000.00,-1252.30,-0.9709,1.2773039280,-17.8039,21974.73,5755.67,27730.39,0,0.0000
2012-06-15,27,5,5474.91,122313.61,127788.52,0.00,0.00,100000.00,58.13,0.0455,1.2778852273,-17.7665,26011.15,1777.37,27788.52,0,0.0000
2012-06-18,27,5,5474.91,121614.64,127089.56,0.00,0.00,100000.00,-698.97,-0.5470,1.2708955659,-18.2163,26011.15,1078.41,27089.56,0,0.0000
2012-06-19,27,5,5474.91,121831.90,127306.81,0.00,0.00,100000.00,217.26,0.1709,1.2730681303,-18.0765,26011.15,1295.66,27306.81,0,0.0000
2012-06-20,27,5,5474.91,122481.79,127956.70,0.00,0.00,100000.00,649.88,0.5105,1.2795669758,-17.6583,26011.15,1945.55,27956.70,0,0.0000
2012-06-21,27,5,5474.91,121552.55,127027.46,0.00,0.00,100000.00,-929.23,-0.7262,1.2702746399,-18.2563,26011.15,1016.31,27027.46,0,0.0000
2012-06-22,27,5,5474.91,120080.80,125555.71,0.00,0.00,100000.00,-1471.76,-1.1586,1.2555570769,-19.2034,26011.15,-455.44,25555.71,0,0.0000
2012-06-25,27,5,5474.91,119272.19,124747.10,0.00,0.00,100000.00,-808.60,-0.6440,1.2474710406,-19.7237,26011.15,-1264.05,24747.10,0,0.0000
2012-06-26,27,5,5474.91,118357.49,123832.40,0.00,0.00,100000.00,-914.70,-0.7332,1.2383240433,-20.3123,26011.15,-2178.75,23832.40,0,0.0000
2012-06-27,27,5,5474.91,119071.49,124546.40,0.00,0.00,100000.00,713.99,0.5766,1.2454639914,-19.8529,26011.15,-1464.75,24546.40,0,0.0000
2012-06-28,27,5,5474.91,120019.66,125494.57,0.00,0.00,100000.00,948.17,0.7613,1.2549456868,-19.2427,26011.15,-516.58,25494.57,0,0.0000
2012-06-29,27,5,5474.91,122543.37,128018.28,0.00,0.00,100000.00,2523.71,2.0110,1.2801828186,-17.6187,26011.15,2007.13,28018.28,0,0.0000
2012-07-02,27,5,5474.91,123526.69,129001.60,0.00,0.00,100000.00,983.32,0.7681,1.2900159896,-16.9859,26011.15,2990.45,29001.60,0,0.0000
2012-07-03,27,5,5474.91,124599.44,130074.36,0.00,0.00,100000.00,1072.76,0.8316,1.3007435663,-16.2956,26011.15,4063.21,30074.36,0,0.0000
2012-07-04,27,5,5474.91,124401.30,129876.21,0.00,0.00,100000.00,-198.15,-0.1523,1.2987621019,-16.4231,26011.15,3865.06,29876.21,0,0.0000
2012-07-05,27,5,5474.91,124414.92,129889.83,0.00,0.00,100000.00,13.62,0.0105,1.2988982891,-16.4143,26011.15,3878.68,29889.83,0,0.0000
2012-07-06,27,5,5474.91,123441.60,128916.52,0.00,0.00,100000.00,-973.31,-0.7493,1.2891651608,-17.0407,26011.15,2905.37,28916.52,0,0.0000
2012-07-09,27,5,5474.91,123073.48,128548.39,0.00,0.00,100000.00,-368.12,-0.2856,1.2854839430,-17.2775,26011.15,2537.24,28548.39,0,0.0000
2012-07-10,27,5,5474.91,123903.58,129378.49,0.00,0.00,100000.00,830.10,0.6457,1.2937848964,-16.7434,26011.15,3367.34,29378.49,0,0.0000
2012-07-11,27,5,5474.91,123663.53,129138.45,0.00,0.00,100000.00,-240.04,-0.1855,1.2913844514,-16.8978,26011.15,3127.29,29138.45,0,0.0000
2012-07-12,27,5,5474.91,123743.89,129218.80,0.00,0.00,100000.00,80.36,0.0622,1.2921880333,-16.8461,26011.15,3207.65,29218.80,0,0.0000
2012-07-13,28,5,380.86,127883.03,128263.89,0.00,0.00,100000.00,-954.91,-0.7390,1.2826389162,-17.4606,25070.02,3193.87,28263.89,0,0.0000
2012-07-16,28,5,380.86,127451.73,127832.59,0.00,0.00,100000.00,-431.30,-0.3363,1.2783258730,-17.7382,25070.02,2762.57,27832.59,0,0.0000
2012-07-17,28,5,380.86,128254.73,128635.59,0.00,0.00,100000.00,803.01,0.6282,1.2863559375,-17.2214,25070.02,3565.58,28635.59,0,0.0000
2012-07-18,28,5,380.86,127599.87,127980.73,0.00,0.00,100000.00,-654.86,-0.5091,1.2798073012,-17.6428,25070.02,2910.71,27980.73,0,0.0000
2012-07-19,28,5,380.86,129297.76,129678.62,0.00,0.00,100000.00,1697.89,1.3267,1.2967862050,-16.5502,25070.02,4608.60,29678.62,0,0.0000
2012-07-20,28,5,380.86,130492.47,130873.33,0.00,0.00,100000.00,1194.71,0.9213,1.3087333481,-15.7814,25070.02,5803.32,30873.33,0,0.0000
2012-07-23,28,5,380.86,129287.21,129668.07,0.00,0.00,100000.00,-1205.27,-0.9209,1.2966806813,-16.5570,25070.02,4598.05,29668.07,0,0.0000
2012-07-24,28,5,380.86,129396.14,129777.00,0.00,0.00,100000.00,108.93,0.0840,1.2977699885,-16.4869,25070.02,4706.98,29777.00,0,0.0000
2012-07-25,28,5,380.86,128004.86,128385.73,0.00,0.00,100000.00,-1391.27,-1.0720,1.2838572619,-17.3822,25070.02,3315.71,28385.73,0,0.0000
2012-07-26,28,5,380.86,126449.39,126830.25,0.00,0.00,100000.00,-1555.48,-1.2116,1.2683024819,-18.3832,25070.02,1760.23,26830.25,0,0.0000
2012-07-27,28,5,380.86,125256.61,125637.47,0.00,0.00,100000.00,-1192.78,-0.9405,1.2563747087,-19.1508,25070.02,567.45,25637.47,0,0.0000
2012-07-30,28,5,380.86,125372.84,125753.70,0.00,0.00,100000.00,116.23,0.0925,1.2575370272,-19.0760,25070.02,683.69,25753.70,0,0.0000
2012-07-31,28,5,380.86,126722.63,127103.49,0.00,0.00,100000.00,1349.79,1.0734,1.2710349346,-18.2074,25070.02,2033.48,27103.49,0,0.0000
2012-08-01,28,5,380.86,126963.81,127344.68,0.00,0.00,100000.00,241.18,0.1898,1.2734467614,-18.0522,25070.02,2274.66,27344.68,0,0.0000
2012-08-02,28,5,380.86,126101.69,126482.55,0.00,0.00,100000.00,-862.12,-0.6770,1.2648255323,-18.6069,25070.02,1412.54,26482.55,0,0.0000
2012-08-03,28,5,380.86,129100.04,129480.90,0.00,0.00,100000.00,2998.35,2.3706,1.2948090257,-16.6775,25070.02,4410.89,29480.90,0,0.0000
2012-08-06,28,5,380.86,128765.85,129146.71,0.00,0.00,100000.00,-334.19,-0.2581,1.2914671378,-16.8925,25070.02,4076.70,29146.71,0,0.0000
2012-08-07,28,5,380.86,130383.30,130764.16,0.00,0.00,100000.00,1617.45,1.2524,1.3076415971,-15.8517,25070.02,5694.14,30764.16,0,0.0000
2012-08-08,28,5,380.86,131364.48,131745.35,0.00,0.00,100000.00,981.19,0.7503,1.3174534668,-15.2203,25070.02,6675.33,31745.35,0,0.0000
2012-08-09,28,5,380.86,132608.09,132988.95,0.00,0.00,100000.00,1243.60,0.9439,1.3298894894,-14.4200,25070.02,7918.93,32988.95,0,0.0000
2012-08-10,29,5,383.88,137246.45,137630.32,0.00,0.00,100000.00,4641.37,3.4900,1.3763032383,-11.4332,35536.96,2093.37,37630.32,0,0.0000
2012-08-13,29,5,383.88,137637.81,138021.69,0.00,0.00,100000.00,391.36,0.2844,1.3802168531,-11.1814,35536.96,2484.73,38021.69,0,0.0000
2012-08-14,29,5,383.88,139270.17,139654.05,0.00,0.00,100000.00,1632.36,1.1827,1.3965404630,-10.1309,35536.96,4117.09,39654.05,0,0.0000
2012-08-16,29,5,383.88,139734.94,140118.81,0.00,0.00,100000.00,464.77,0.3328,1.4011881353,-9.8318,35536.96,4581.86,40118.81,0,0.0000
2012-08-17,29,5,383.88,139822.24,140206.12,0.00,0.00,100000.00,87.31,0.0623,1.4020612058,-9.7757,35536.96,4669.16,40206.12,0,0.0000
2012-08-21,29,5,383.88,140810.42,141194.29,0.00,0.00,100000.00,988.17,0.7048,1.4119429154,-9.1398,35536.96,5657.33,41194.29,0,0.0000
2012-08-22,29,5,383.88,138606.57,138990.45,0.00,0.00,100000.00,-2203.84,-1.5609,1.3899044954,-10.5580,35536.96,3453.49,38990.45,0,0.0000
2012-08-23,29,5,383.88,138023.67,138407.54,0.00,0.00,100000.00,-582.91,-0.4194,1.3840754336,-10.9331,35536.96,2870.59,38407.54,0,0.0000
2012-08-24,29,5,383.88,136043.78,136427.65,0.00,0.00,100000.00,-1979.89,-1.4305,1.3642765339,-12.2071,35536.96,890.70,36427.65,0,0.0000
2012-08-27,29,5,383.88,135485.76,135869.64,0.00,0.00,100000.00,-558.01,-0.4090,1.3586963878,-12.5662,35536.96,332.68,35869.64,0,0.0000
2012-08-28,29,5,383.88,136146.65,136530.53,0.00,0.00,100000.00,660.89,0.4864,1.3653053013,-12.1409,35536.96,993.57,36530.53,0,0.0000
2012-08-29,29,5,383.88,135894.43,136278.31,0.00,0.00,100000.00,-252.22,-0.1847,1.3627830866,-12.3033,35536.96,741.35,36278.31,0,0.0000
2012-08-30,29,5,383.88,138759.75,139143.62,0.00,0.00,100000.00,2865.31,2.1025,1.3914362342,-10.4594,35536.96,3606.67,39143.62,0,0.0000
2012-08-31,29,5,383.88,137929.09,138312.97,0.00,0.00,100000.00,-830.65,-0.5970,1.3831296860,-10.9939,35536.96,2776.01,38312.97,0,0.0000
2012-09-03,29,5,383.88,137788.11,138171.98,0.00,0.00,100000.00,-140.98,-0.1019,1.3817198418,-11.0847,35536.96,2635.03,38171.98,0,0.0000
2012-09-04,29,5,383.88,138423.59,138807.46,0.00,0.00,100000.00,635.48,0.4599,1.3880746201,-10.6757,35536.96,3270.50,38807.46,0,0.0000
2012-09-05,29,5,383.88,138202.11,138585.98,0.00,0.00,100000.00,-221.48,-0.1596,1.3858598166,-10.8182,35536.96,3049.02,38585.98,0,0.0000
2012-09-06,29,5,383.88,139245.85,139629.73,0.00,0.00,100000.00,1043.75,0.7531,1.3962972847,-10.1466,35536.96,4092.77,39629.73,0,0.0000
2012-09-07,29,5,383.88,140635.07,141018.95,0.00,0.00,100000.00,1389.22,0.9949,1.4101894988,-9.2526,35536.96,5481.99,41018.95,0,0.0000
2012-09-10,29,5,383.88,139841.46,140225.34,0.00,0.00,100000.00,-793.61,-0.5628,1.4022533910,-9.7633,35536.96,4688.38,40225.34,0,0.0000
2012-09-11,30,5,1852.42,138956.29,140808.71,0.00,0.00,100000.00,583.37,0.4160,1.4080870695,-9.3879,37390.52,3418.19,40808.71,0,0.0000
2012-09-12,30,5,1852.42,140489.59,142342.01,0.00,0.00,100000.00,1533.30,1.0889,1.4234200874,-8.4012,37390.52,4951.49,42342.01,0,0.0000
2012-09-13,30,5,1852.42,138904.00,140756.41,0.00,0.00,100000.00,-1585.60,-1.1139,1.4075641304,-9.4215,37390.52,3365.89,40756.41,0,0.0000
2012-09-14,30,5,1852.42,138137.32,139989.74,0.00,0.00,100000.00,-766.67,-0.5447,1.3998973923,-9.9149,37390.52,2599.22,39989.74,0,0.0000
2012-09-17,30,5,1852.42,137901.81,139754.23,0.00,0.00,100000.00,-235.51,-0.1682,1.3975422756,-10.0665,37390.52,2363.71,39754.23,0,0.0000
2012-09-18,30,5,1852.42,138456.67,140309.08,0.00,0.00,100000.00,554.86,0.3970,1.4030908353,-9.7094,37390.52,2918.57,40309.08,0,0.0000
2012-09-20,30,5,1852.42,138807.55,140659.96,0.00,0.00,100000.00,350.88,0.2501,1.4065996485,-9.4836,37390.52,3269.45,40659.96,0,0.0000
2012-09-21,30,5,1852.42,139668.30,141520.72,0.00,0.00,100000.00,860.75,0.6119,1.4152071583,-8.9297,37390.52,4130.20,41520.72,0,0.0000
2012-09-24,30,5,1852.42,141007.00,142859.41,0.00,0.00,100000.00,1338.70,0.9459,1.4285941396,-8.0682,37390.52,5468.90,42859.41,0,0.0000
2012-09-25,30,5,1852.42,141935.24,143787.66,0.00,0.00,100000.00,928.25,0.6498,1.4378766046,-7.4709,37390.52,6397.14,43787.66,0,0.0000
2012-09-26,30,5,1852.42,145126.26,146978.68,0.00,0.00,100000.00,3191.02,2.2193,1.4697867742,-5.4174,37390.52,9588.16,46978.68,0,0.0000
2012-09-27,30,5,1852.42,146815.49,148667.90,0.00,0.00,100000.00,1689.22,1.1493,1.4866790124,-4.3304,37390.52,11277.38,48667.90,0,0.0000
2012-09-28,30,5,1852.42,148012.16,149864.58,0.00,0.00,100000.00,1196.68,0.8049,1.4986457795,-3.5603,37390.52,12474.06,49864.58,0,0.0000
2012-10-01,30,5,1852.42,150596.87,152449.29,0.00,0.00,100000.00,2584.71,1.7247,1.5244929019,-1.8970,37390.52,15058.77,52449.29,0,0.0000
2012-10-03,30,5,1852.42,149266.97,151119.38,0.00,0.00,100000.00,-1329.91,-0.8724,1.5111938173,-2.7528,37390.52,13728.86,51119.38,0,0.0000
2012-10-04,30,5,1852.42,148252.00,150104.42,0.00,0.00,100000.00,-1014.97,-0.6716,1.5010441615,-3.4060,37390.52,12713.90,50104.42,0,0.0000
2012-10-05,30,5,1852.42,147196.72,149049.14,0.00,0.00,100000.00,-1055.28,-0.7030,1.4904913865,-4.0851,37390.52,11658.62,49049.14,0,0.0000
2012-10-08,30,5,1852.42,146942.98,148795.39,0.00,0.00,100000.00,-253.74,-0.1702,1.4879539427,-4.2484,37390.52,11404.88,48795.39,0,0.0000
2012-10-09,30,5,1852.42,149249.20,151101.61,0.00,0.00,100000.00,2306.22,1.5499,1.5110161409,-2.7643,37390.52,13711.10,51101.61,0,0.0000
2012-10-10,30,5,1852.42,149590.84,151443.26,0.00,0.00,100000.00,341.64,0.2261,1.5144325648,-2.5444,37390.52,14052.74,51443.26,0,0.0000
2012-10-11,31,5,678.02,152606.74,153284.76,0.00,0.00,100000.00,1841.50,1.2160,1.5328475651,-1.3594,49000.86,4283.89,53284.76,0,0.0000
2012-10-12,31,5,678.02,152674.14,153352.16,0.00,0.00,100000.00,67.41,0.0440,1.5335216471,-1.3160,49000.86,4351.30,53352.16,0,0.0000
2012-10-15,31,5,678.02,152081.50,152759.52,0.00,0.00,100000.00,-592.64,-0.3865,1.5275952294,-1.6974,49000.86,3758.66,52759.52,0,0.0000
2012-10-16,31,5,678.02,152203.28,152881.30,0.00,0.00,100000.00,121.78,0.0797,1.5288129833,-1.6190,49000.86,3880.43,52881.30,0,0.0000
2012-10-17,31,5,678.02,152119.57,152797.59,0.00,0.00,100000.00,-83.71,-0.0548,1.5279759322,-1.6729,49000.86,3796.73,52797.59,0,0.0000
2012-10-18,31,5,678.02,152855.75,153533.77,0.00,0.00,100000.00,736.18,0.4818,1.5353377325,-1.1992,49000.86,4532.91,53533.77,0,0.0000
2012-10-19,31,5,678.02,150482.21,151160.23,0.00,0.00,100000.00,-2373.54,-1.5459,1.5116023362,-2.7266,49000.86,2159.37,51160.23,0,0.0000
2012-10-22,31,5,678.02,151247.52,151925.54,0.00,0.00,100000.00,765.31,0.5063,1.5192554090,-2.2341,49000.86,2924.68,51925.54,0,0.0000
2012-10-23,31,5,678.02,150418.87,151096.89,0.00,0.00,100000.00,-828.65,-0.5454,1.5109689201,-2.7673,49000.86,2096.03,51096.89,0,0.0000
2012-10-25,31,5,678.02,148677.65,149355.67,0.00,0.00,100000.00,-1741.22,-1.1524,1.4935567002,-3.8878,49000.86,354.81,49355.67,0,0.0000
2012-10-29,31,5,678.02,147047.41,147725.43,0.00,0.00,100000.00,-1630.24,-1.0915,1.4772543262,-4.9369,49000.86,-1275.43,47725.43,0,0.0000
2012-10-30,31,5,678.02,147108.57,147786.59,0.00,0.00,100000.00,61.15,0.0414,1.4778658626,-4.8975,49000.86,-1214.28,47786.59,0,0.0000
2012-10-31,31,5,678.02,149799.12,150477.14,0.00,0.00,100000.00,2690.55,1.8206,1.5047713891,-3.1661,49000.86,1476.27,50477.14,0,0.0000
2012-11-01,31,5,678.02,151641.97,152319.99,0.00,0.00,100000.00,1842.85,1.2247,1.5231999163,-1.9802,49000.86,3319.13,52319.99,0,0.0000
2012-11-02,31,5,678.02,151874.19,152552.21,0.00,0.00,100000.00,232.21,0.1525,1.5255220635,-1.8308,49000.86,3551.34,52552.21,0,0.0000
2012-11-05,31,5,678.02,152299.30,152977.32,0.00,0.00,100000.00,425.12,0.2787,1.5297732143,-1.5572,49000.86,3976.46,52977.32,0,0.0000
2012-11-06,31,5,678.02,152377.88,153055.90,0.00,0.00,100000.00,78.58,0.0514,1.5305590121,-1.5067,49000.86,4055.04,53055.90,0,0.0000
2012-11-07,31,5,678.02,154199.31,154877.33,0.00,0.00,100000.00,1821.43,1.1900,1.5487733062,-0.3346,49000.86,5876.47,54877.33,0,0.0000
2012-11-08,31,5,678.02,154550.31,155228.33,0.00,0.00,100000.00,351.00,0.2266,1.5522832639,-0.1087,49000.86,6227.46,55228.33,0,0.0000
2012-11-09,31,5,678.02,154252.36,154930.38,0.00,0.00,100000.00,-297.95,-0.1919,1.5493038016,-0.3004,49000.86,5929.52,54930.38,0,0.0000
2012-11-12,32,5,212.83,156188.59,156401.42,0.00,0.00,100000.00,1471.04,0.9495,1.5640141712,0.0000,52805.62,3595.80,56401.42,0,0.0000
2012-11-15,32,5,212.83,157012.83,157225.66,0.00,0.00,100000.00,824.25,0.5270,1.5722566330,0.0000,52805.62,4420.04,57225.66,0,0.0000
2012-11-16,32,5,212.83,155457.18,155670.01,0.00,0.00,100000.00,-1555.65,-0.9894,1.5567001401,-0.9894,52805.62,2864.40,55670.01,0,0.0000
2012-11-19,32,5,212.83,152532.12,152744.95,0.00,0.00,100000.00,-2925.06,-1.8790,1.5274495201,-2.8499,52805.62,-60.67,52744.95,0,0.0000
2012-11-20,32,5,212.83,149789.34,150002.17,0.00,0.00,100000.00,-2742.78,-1.7957,1.5000216835,-4.5943,52805.62,-2803.45,50002.17,0,0.0000
2012-11-21,32,5,212.83,153269.31,153482.14,0.00,0.00,100000.00,3479.97,2.3199,1.5348213794,-2.3810,52805.62,676.52,53482.14,0,0.0000
2012-11-22,32,5,212.83,151922.70,152135.53,0.00,0.00,100000.00,-1346.60,-0.8774,1.5213553427,-3.2375,52805.62,-670.08,52135.53,0,0.0000
2012-11-23,32,5,212.83,151457.92,151670.75,0.00,0.00,100000.00,-464.78,-0.3055,1.5167075336,-3.5331,52805.62,-1134.87,51670.75,0,0.0000
2012-11-26,32,5,212.83,153711.04,153923.87,0.00,0.00,100000.00,2253.12,1.4855,1.5392387077,-2.1000,52805.62,1118.25,53923.87,0,0.0000
2012-11-27,32,5,212.83,154350.77,154563.60,0.00,0.00,100000.00,639.73,0.4156,1.5456359792,-1.6931,52805.62,1757.98,54563.60,0,0.0000
2012-11-29,32,5,212.83,156033.84,156246.67,0.00,0.00,100000.00,1683.07,1.0889,1.5624666908,-0.6227,52805.62,3441.05,56246.67,0,0.0000
2012-11-30,32,5,212.83,156663.67,156876.50,0.00,0.00,100000.00,629.83,0.4031,1.5687650368,-0.2221,52805.62,4070.89,56876.50,0,0.0000
2012-12-03,32,5,212.83,158831.82,159044.65,0.00,0.00,100000.00,2168.14,1.3821,1.5904464699,0.0000,52805.62,6239.03,59044.65,0,0.0000
2012-12-04,32,5,212.83,159502.45,159715.28,0.00,0.00,100000.00,670.63,0.4217,1.5971528077,0.0000,52805.62,6909.66,59715.28,0,0.0000
2012-12-05,32,5,212.83,158602.45,158815.28,0.00,0.00,100000.00,-900.00,-0.5635,1.5881528409,-0.5635,52805.62,6009.67,58815.28,0,0.0000
2012-12-06,32,5,212.83,159825.68,160038.51,0.00,0.00,100000.00,1223.23,0.7702,1.6003851087,0.0000,52805.62,7232.89,60038.51,0,0.0000
2012-12-07,32,5,212.83,159262.60,159475.43,0.00,0.00,100000.00,-563.08,-0.3518,1.5947542663,-0.3518,52805.62,6669.81,59475.43,0,0.0000
2012-12-10,32,5,212.83,162572.98,162785.81,0.00,0.00,100000.00,3310.39,2.0758,1.6278581433,0.0000,52805.62,9980.20,62785.81,0,0.0000
2012-12-11,32,5,212.83,160811.49,161024.32,0.00,0.00,100000.00,-1761.50,-1.0821,1.6102431833,-1.0821,52805.62,8218.70,61024.32,0,0.0000
2012-12-12,32,5,212.83,160886.94,161099.78,0.00,0.00,100000.00,75.46,0.0469,1.6109977573,-1.0357,52805.62,8294.16,61099.78,0,0.0000
2012-12-13,33,5,203.90,157685.60,157889.51,0.00,0.00,100000.00,-3210.27,-1.9927,1.5788950520,-3.0078,55713.66,2175.85,57889.51,0,0.0000
2012-12-14,33,5,203.90,156234.53,156438.43,0.00,0.00,100000.00,-1451.07,-0.9190,1.5643843364,-3.8992,55713.66,724.78,56438.43,0,0.0000
2012-12-17,33,5,203.90,157303.47,157507.37,0.00,0.00,100000.00,1068.94,0.6833,1.5750737388,-3.2426,55713.66,1793.72,57507.37,0,0.0000
2012-12-18,33,5,203.90,159935.30,160139.20,0.00,0.00,100000.00,2631.83,1.6709,1.6013920064,-1.6258,55713.66,4425.54,60139.20,0,0.0000
2012-12-19,33,5,203.90,160322.39,160526.29,0.00,0.00,100000.00,387.09,0.2417,1.6052629263,-1.3880,55713.66,4812.63,60526.29,0,0.0000
2012-12-20,33,5,203.90,158473.67,158677.58,0.00,0.00,100000.00,-1848.72,-1.1517,1.5867757641,-2.5237,55713.66,2963.92,58677.58,0,0.0000
2012-12-21,33,5,203.90,156557.11,156761.01,0.00,0.00,100000.00,-1916.57,-1.2078,1.5676101017,-3.7011,55713.66,1047.35,56761.01,0,0.0000
2012-12-24,33,5,203.90,157833.16,158037.06,0.00,0.00,100000.00,1276.05,0.8140,1.5803706348,-2.9172,55713.66,2323.41,58037.06,0,0.0000
2012-12-26,33,5,203.90,156610.61,156814.51,0.00,0.00,100000.00,-1222.55,-0.7736,1.5681451094,-3.6682,55713.66,1100.85,56814.51,0,0.0000
2012-12-27,33,5,203.90,154907.18,155111.08,0.00,0.00,100000.00,-1703.43,-1.0863,1.5511108478,-4.7146,55713.66,-602.57,55111.08,0,0.0000
2012-12-28,33,5,203.90,155684.59,155888.49,0.00,0.00,100000.00,777.41,0.5012,1.5588849191,-4.2371,55713.66,174.83,55888.49,0,0.0000
2012-12-31,33,5,203.90,155471.30,155675.20,0.00,0.00,100000.00,-213.29,-0.1368,1.5567520008,-4.3681,55713.66,-38.46,55675.20,0,0.0000
2013-01-01,33,5,203.90,160674.36,160878.26,0.00,0.00,100000.00,5203.06,3.3423,1.6087826373,-1.1718,55713.66,5164.61,60878.26,0,0.0000
2013-01-02,33,5,203.90,164428.81,164632.71,0.00,0.00,100000.00,3754.45,2.3337,1.6463271245,0.0000,55713.66,8919.05,64632.71,0,0.0000
2013-01-03,33,5,203.90,163198.11,163402.01,0.00,0.00,100000.00,-1230.70,-0.7475,1.6340200927,-0.7475,55713.66,7688.35,63402.01,0,0.0000
2013-01-04,33,5,203.90,163083.34,163287.24,0.00,0.00,100000.00,-114.77,-0.0702,1.6328724169,-0.8173,55713.66,7573.58,63287.24,0,0.0000
2013-01-07,33,5,203.90,162281.29,162485.19,0.00,0.00,100000.00,-802.05,-0.4912,1.6248519117,-1.3044,55713.66,6771.53,62485.19,0,0.0000
2013-01-08,33,5,203.90,161439.68,161643.58,0.00,0.00,100000.00,-841.61,-0.5180,1.6164357937,-1.8156,55713.66,5929.92,61643.58,0,0.0000
2013-01-09,33,5,203.90,160096.54,160300.44,0.00,0.00,100000.00,-1343.14,-0.8309,1.6030044412,-2.6315,55713.66,4586.79,60300.44,0,0.0000
2013-01-10,33,5,203.90,158822.46,159026.36,0.00,0.00,100000.00,-1274.09,-0.7948,1.5902635798,-3.4054,55713.66,3312.70,59026.36,0,0.0000
2013-01-11,34,5,128.08,154176.72,154304.80,0.00,0.00,100000.00,-4721.56,-2.9690,1.5430479833,-6.2733,57127.46,-2822.66,54304.80,0,0.0000
2013-01-14,34,5,128.08,157508.76,157636.84,0.00,0.00,100000.00,3332.04,2.1594,1.5763684115,-4.2494,57127.46,509.38,57636.84,0,0.0000
2013-01-15,34,5,128.08,156280.12,156408.20,0.00,0.00,100000.00,-1228.64,-0.7794,1.5640820463,-4.9957,57127.46,-719.25,56408.20,0,0.0000
2013-01-16,34,5,128.08,155818.99,155947.07,0.00,0.00,100000.00,-461.14,-0.2948,1.5594706851,-5.2758,57127.46,-1180.39,55947.07,0,0.0000
2013-01-17,34,5,128.08,156550.80,156678.88,0.00,0.00,100000.00,731.82,0.4693,1.5667888440,-4.8313,57127.46,-448.57,56678.88,0,0.0000
2013-01-18,34,5,128.08,157046.68,157174.77,0.00,0.00,100000.00,495.88,0.3165,1.5717476536,-4.5301,57127.46,47.31,57174.77,0,0.0000
2013-01-21,34,5,128.08,158478.53,158606.62,0.00,0.00,100000.00,1431.85,0.9110,1.5860661596,-3.6603,57127.46,1479.16,58606.62,0,0.0000
2013-01-22,34,5,128.08,156148.69,156276.77,0.00,0.00,100000.00,-2329.84,-1.4689,1.5627677269,-5.0755,57127.46,-850.69,56276.77,0,0.0000
2013-01-23,34,5,128.08,155877.64,156005.72,0.00,0.00,100000.00,-271.05,-0.1734,1.5600571850,-5.2401,57127.46,-1121.74,56005.72,0,0.0000
2013-01-24,34,5,128.08,152561.87,152689.96,0.00,0.00,100000.00,-3315.76,-2.1254,1.5268995612,-7.2542,57127.46,-4437.50,52689.96,0,0.0000
2013-01-25,34,5,128.08,154555.69,154683.78,0.00,0.00,100000.00,1993.82,1.3058,1.5468377589,-6.0431,57127.46,-2443.68,54683.78,0,0.0000
2013-01-28,34,5,128.08,154886.96,155015.05,0.00,0.00,100000.00,331.27,0.2142,1.5501504804,-5.8419,57127.46,-2112.41,55015.05,0,0.0000
2013-01-29,34,5,128.08,154149.77,154277.85,0.00,0.00,100000.00,-737.20,-0.4756,1.5427785191,-6.2897,57127.46,-2849.61,54277.85,0,0.0000
2013-01-30,34,5,128.08,154495.02,154623.11,0.00,0.00,100000.00,345.25,0.2238,1.5462310559,-6.0800,57127.46,-2504.35,54623.11,0,0.0000
2013-01-31,34,5,128.08,158020.28,158148.36,0.00,0.00,100000.00,3525.25,2.2799,1.5814836028,-3.9387,57127.46,1020.90,58148.36,0,0.0000
2013-02-01,34,5,128.08,157909.95,158038.04,0.00,0.00,100000.00,-110.32,-0.0698,1.5803803773,-4.0057,57127.46,910.58,58038.04,0,0.0000
2013-02-04,34,5,128.08,155547.15,155675.24,0.00,0.00,100000.00,-2362.80,-1.4951,1.5567523601,-5.4409,57127.46,-1452.22,55675.24,0,0.0000
2013-02-05,34,5,128.08,155178.86,155306.94,0.00,0.00,100000.00,-368.30,-0.2366,1.5530694100,-5.6646,57127.46,-1820.52,55306.94,0,0.0000
2013-02-06,34,5,128.08,156043.12,156171.20,0.00,0.00,100000.00,864.26,0.5565,1.5617120330,-5.1396,57127.46,-956.25,56171.20,0,0.0000
2013-02-07,34,5,128.08,154016.70,154144.78,0.00,0.00,100000.00,-2026.42,-1.2976,1.5414478095,-6.3705,57127.46,-2982.68,54144.78,0,0.0000
2013-02-08,35,5,187.16,153876.14,154063.30,0.00,0.00,100000.00,-81.48,-0.0529,1.5406330426,-6.4200,53706.59,356.72,54063.30,0,0.0000
2013-02-11,35,5,187.16,154063.32,154250.48,0.00,0.00,100000.00,187.18,0.1215,1.5425047966,-6.3063,53706.59,543.89,54250.48,0,0.0000
2013-02-12,35,5,187.16,152559.63,152746.79,0.00,0.00,100000.00,-1503.69,-0.9748,1.5274679072,-7.2197,53706.59,-959.80,52746.79,0,0.0000
2013-02-13,35,5,187.16,150681.88,150869.04,0.00,0.00,100000.00,-1877.75,-1.2293,1.5086903937,-8.3602,53706.59,-2837.55,50869.04,0,0.0000
2013-02-14,35,5,187.16,151654.34,151841.50,0.00,0.00,100000.00,972.46,0.6446,1.5184150233,-7.7695,53706.59,-1865.08,51841.50,0,0.0000
2013-02-15,35,5,187.16,148969.93,149157.09,0.00,0.00,100000.00,-2684.41,-1.7679,1.4915708985,-9.4001,53706.59,-4549.50,49157.09,0,0.0000
2013-02-18,35,5,187.16,149783.65,149970.81,0.00,0.00,100000.00,813.72,0.5455,1.4997080694,-8.9058,53706.59,-3735.78,49970.81,0,0.0000
2013-02-19,35,5,187.16,152307.79,152494.95,0.00,0.00,100000.00,2524.14,1.6831,1.5249494643,-7.3726,53706.59,-1211.64,52494.95,0,0.0000
2013-02-20,35,5,187.16,152667.94,152855.10,0.00,0.00,100000.00,360.16,0.2362,1.5285510248,-7.1539,53706.59,-851.48,52855.10,0,0.0000
2013-02-21,35,5,187.16,149969.87,150157.04,0.00,0.00,100000.00,-2698.07,-1.7651,1.5015703512,-8.7927,53706.59,-3549.55,50157.04,0,0.0000
2013-02-22,35,5,187.16,152122.41,152309.57,0.00,0.00,100000.00,2152.53,1.4335,1.5230956997,-7.4852,53706.59,-1397.02,52309.57,0,0.0000
2013-02-25,35,5,187.16,151242.08,151429.25,0.00,0.00,100000.00,-880.32,-0.5780,1.5142924503,-8.0200,53706.59,-2277.34,51429.25,0,0.0000
2013-02-26,35,5,187.16,147733.12,147920.28,0.00,0.00,100000.00,-3508.96,-2.3172,1.4792028020,-10.1513,53706.59,-5786.31,47920.28,0,0.0000
2013-02-27,35,5,187.16,151155.53,151342.69,0.00,0.00,100000.00,3422.41,2.3137,1.5134269032,-8.0725,53706.59,-2363.90,51342.69,0,0.0000
2013-02-28,35,5,187.16,135902.49,136089.65,0.00,0.00,100000.00,-15253.04,-10.0785,1.3608964627,-17.3374,53706.59,-17616.94,36089.65,0,0.0000
2013-03-01,35,5,187.16,137604.44,137791.60,0.00,0.00,100000.00,1701.95,1.2506,1.3779159804,-16.3036,53706.59,-15914.99,37791.60,0,0.0000
2013-03-04,35,5,187.16,127349.24,127536.40,0.00,0.00,100000.00,-10255.20,-7.4425,1.2753640125,-22.5328,53706.59,-26170.19,27536.40,0,0.0000
2013-03-05,35,5,187.16,132077.96,132265.12,0.00,0.00,100000.00,4728.72,3.7077,1.3226512336,-19.6605,53706.59,-21441.46,32265.12,0,0.0000
2013-03-06,35,5,187.16,133973.20,134160.36,0.00,0.00,100000.00,1895.24,1.4329,1.3416036254,-18.5093,53706.59,-19546.22,34160.36,0,0.0000
2013-03-07,35,5,187.16,133070.66,133257.83,0.00,0.00,100000.00,-902.54,-0.6727,1.3325782564,-19.0575,53706.59,-20448.76,33257.83,0,0.0000
2013-03-08,36,5,438.37,133938.55,134376.93,0.00,0.00,100000.00,1119.10,0.8398,1.3437692624,-18.3777,36805.75,-2428.82,34376.93,0,0.0000
2013-03-11,36,5,438.37,133740.82,134179.19,0.00,0.00,100000.00,-197.73,-0.1471,1.3417919246,-18.4979,36805.75,-2626.55,34179.19,0,0.0000
2013-03-12,36,5,438.37,132091.70,132530.07,0.00,0.00,100000.00,-1649.12,-1.2290,1.3253007254,-19.4996,36805.75,-4275.67,32530.07,0,0.0000
2013-03-13,36,5,438.37,131965.48,132403.86,0.00,0.00,100000.00,-126.22,-0.0952,1.3240385586,-19.5762,36805.75,-4401.89,32403.86,0,0.0000
2013-03-14,36,5,438.37,131742.35,132180.73,0.00,0.00,100000.00,-223.13,-0.1685,1.3218072779,-19.7117,36805.75,-4625.02,32180.73,0,0.0000
2013-03-15,36,5,438.37,132136.64,132575.02,0.00,0.00,100000.00,394.29,0.2983,1.3257501779,-19.4723,36805.75,-4230.73,32575.02,0,0.0000
2013-03-18,36,5,438.37,131516.78,131955.15,0.00,0.00,100000.00,-619.86,-0.4676,1.3195515329,-19.8488,36805.75,-4850.59,31955.15,0,0.0000
2013-03-19,36,5,438.37,130485.02,130923.40,0.00,0.00,100000.00,-1031.75,-0.7819,1.3092339958,-20.4755,36805.75,-5882.35,30923.40,0,0.0000
2013-03-20,36,5,438.37,128496.61,128934.99,0.00,0.00,100000.00,-1988.41,-1.5188,1.2893498896,-21.6833,36805.75,-7870.76,28934.99,0,0.0000
2013-03-21,36,5,438.37,128168.93,128607.30,0.00,0.00,100000.00,-327.68,-0.2541,1.2860730474,-21.8823,36805.75,-8198.44,28607.30,0,0.0000
2013-03-22,36,5,438.37,126591.48,127029.85,0.00,0.00,100000.00,-1577.45,-1.2266,1.2702985213,-22.8405,36805.75,-9775.89,27029.85,0,0.0000
2013-03-25,36,5,438.37,126059.95,126498.32,0.00,0.00,100000.00,-531.53,-0.4184,1.2649832019,-23.1633,36805.75,-10307.43,26498.32,0,0.0000
2013-03-26,36,5,438.37,127118.90,127557.28,0.00,0.00,100000.00,1058.96,0.8371,1.2755727709,-22.5201,36805.75,-9248.47,27557.28,0,0.0000
2013-03-28,36,5,438.37,129315.36,129753.73,0.00,0.00,100000.00,2196.46,1.7219,1.2975373227,-21.1859,36805.75,-7052.01,29753.73,0,0.0000
2013-04-01,36,5,438.37,128232.17,128670.55,0.00,0.00,100000.00,-1083.18,-0.8348,1.2867054936,-21.8439,36805.75,-8135.20,28670.55,0,0.0000
2013-04-02,36,5,438.37,129793.63,130232.01,0.00,0.00,100000.00,1561.46,1.2135,1.3023200701,-20.8954,36805.75,-6573.74,30232.01,0,0.0000
2013-04-03,36,5,438.37,127621.28,128059.65,0.00,0.00,100000.00,-2172.36,-1.6681,1.2805965103,-22.2149,36805.75,-8746.10,28059.65,0,0.0000
2013-04-04,36,5,438.37,125270.82,125709.20,0.00,0.00,100000.00,-2350.45,-1.8354,1.2570919915,-23.6426,36805.75,-11096.55,25709.20,0,0.0000
2013-04-05,36,5,438.37,126045.53,126483.90,0.00,0.00,100000.00,774.70,0.6163,1.2648390410,-23.1721,36805.75,-10321.84,26483.90,0,0.0000
2013-04-08,36,5,438.37,127444.09,127882.46,0.00,0.00,100000.00,1398.56,1.1057,1.2788246493,-22.3226,36805.75,-8923.28,27882.46,0,0.0000
2013-04-09,37,5,294.60,123536.27,123830.87,0.00,0.00,100000.00,-4051.60,-3.1682,1.2383086842,-24.7836,26398.88,-2568.02,23830.87,0,0.0000
2013-04-10,37,5,294.60,122505.58,122800.17,0.00,0.00,100000.00,-1030.69,-0.8323,1.2280017470,-25.4096,26398.88,-3598.71,22800.17,0,0.0000
2013-04-11,37,5,294.60,124053.54,124348.13,0.00,0.00,100000.00,1547.96,1.2606,1.2434813239,-24.4694,26398.88,-2050.75,24348.13,0,0.0000
2013-04-12,37,5,294.60,125626.52,125921.12,0.00,0.00,100000.00,1572.99,1.2650,1.2592111904,-23.5139,26398.88,-477.77,25921.12,0,0.0000
2013-04-15,37,5,294.60,125180.06,125474.65,0.00,0.00,100000.00,-446.47,-0.3546,1.2547465389,-23.7851,26398.88,-924.23,25474.65,0,0.0000
2013-04-16,37,5,294.60,131022.04,131316.64,0.00,0.00,100000.00,5841.99,4.6559,1.3131664057,-20.2366,26398.88,4917.76,31316.64,0,0.0000
2013-04-17,37,5,294.60,130360.84,130655.44,0.00,0.00,100000.00,-661.20,-0.5035,1.3065543759,-20.6382,26398.88,4256.55,30655.44,0,0.0000
2013-04-18,37,5,294.60,132277.66,132572.26,0.00,0.00,100000.00,1916.82,1.4671,1.3257226029,-19.4739,26398.88,6173.38,32572.26,0,0.0000
2013-04-22,37,5,294.60,132621.23,132915.83,0.00,0.00,100000.00,343.57,0.2592,1.3291583024,-19.2652,26398.88,6516.95,32915.83,0,0.0000
2013-04-23,37,5,294.60,133137.75,133432.35,0.00,0.00,100000.00,516.52,0.3886,1.3343234941,-18.9515,26398.88,7033.47,33432.35,0,0.0000
2013-04-25,37,5,294.60,134066.42,134361.01,0.00,0.00,100000.00,928.66,0.6960,1.3436101287,-18.3874,26398.88,7962.13,34361.01,0,0.0000
2013-04-26,37,5,294.60,130121.76,130416.36,0.00,0.00,100000.00,-3944.66,-2.9359,1.3041635522,-20.7834,26398.88,4017.47,30416.36,0,0.0000
2013-04-29,37,5,294.60,130562.83,130857.42,0.00,0.00,100000.00,441.07,0.3382,1.3085742257,-20.5155,26398.88,4458.54,30857.42,0,0.0000
2013-04-30,37,5,294.60,130304.55,130599.15,0.00,0.00,100000.00,-258.28,-0.1974,1.3059914593,-20.6724,26398.88,4200.26,30599.15,0,0.0000
2013-05-02,37,5,294.60,132413.41,132708.01,0.00,0.00,100000.00,2108.87,1.6148,1.3270801109,-19.3915,26398.88,6309.13,32708.01,0,0.0000
2013-05-03,37,5,294.60,132276.03,132570.62,0.00,0.00,100000.00,-137.39,-0.1035,1.3257062490,-19.4749,26398.88,6171.74,32570.62,0,0.0000
2013-05-06,37,5,294.60,132335.19,132629.78,0.00,0.00,100000.00,59.16,0.0446,1.3262978389,-19.4390,26398.88,6230.90,32629.78,0,0.0000
2013-05-07,37,5,294.60,133631.90,133926.49,0.00,0.00,100000.00,1296.71,0.9777,1.3392649446,-18.6513,26398.88,7527.61,33926.49,0,0.0000
2013-05-08,37,5,294.60,133284.13,133578.73,0.00,0.00,100000.00,-347.77,-0.2597,1.3357872907,-18.8626,26398.88,7179.84,33578.73,0,0.0000
2013-05-09,37,5,294.60,132224.47,132519.07,0.00,0.00,100000.00,-1059.66,-0.7933,1.3251906733,-19.5062,26398.88,6120.18,32519.07,0,0.0000
2013-05-10,38,5,747.40,132105.87,132853.27,0.00,0.00,100000.00,334.20,0.2522,1.3285326605,-19.3032,29629.75,3223.51,32853.27,0,0.0000
2013-05-13,38,5,747.40,131740.80,132488.20,0.00,0.00,100000.00,-365.06,-0.2748,1.3248820149,-19.5250,29629.75,2858.45,32488.20,0,0.0000
2013-05-14,38,5,747.40,132252.54,132999.94,0.00,0.00,100000.00,511.74,0.3863,1.3299993875,-19.2141,29629.75,3370.19,32999.94,0,0.0000
2013-05-15,38,5,747.40,133929.25,134676.65,0.00,0.00,100000.00,1676.71,1.2607,1.3467665077,-18.1957,29629.75,5046.90,34676.65,0,0.0000
2013-05-16,38,5,747.40,133895.31,134642.71,0.00,0.00,100000.00,-33.94,-0.0252,1.3464270723,-18.2163,29629.75,5012.95,34642.71,0,0.0000
2013-05-17,38,5,747.40,132450.77,133198.16,0.00,0.00,100000.00,-1444.54,-1.0729,1.3319816500,-19.0937,29629.75,3568.41,33198.16,0,0.0000
2013-05-20,38,5,747.40,132694.28,133441.68,0.00,0.00,100000.00,243.51,0.1828,1.3344167529,-18.9458,29629.75,3811.92,33441.68,0,0.0000
2013-05-21,38,5,747.40,133051.62,133799.02,0.00,0.00,100000.00,357.34,0.2678,1.3379901536,-18.7288,29629.75,4169.26,33799.02,0,0.0000
2013-05-22,38,5,747.40,134078.81,134826.21,0.00,0.00,100000.00,1027.19,0.7677,1.3482620688,-18.1048,29629.75,5196.45,34826.21,0,0.0000
2013-05-23,38,5,747.40,132916.61,133664.00,0.00,0.00,100000.00,-1162.20,-0.8620,1.3366400364,-18.8108,29629.75,4034.25,33664.00,0,0.0000
2013-05-24,38,5,747.40,131572.41,132319.80,0.00,0.00,100000.00,-1344.20,-1.0057,1.3231980365,-19.6273,29629.75,2690.05,32319.80,0,0.0000
2013-05-27,38,5,747.40,133436.84,134184.24,0.00,0.00,100000.00,1864.43,1.4090,1.3418423663,-18.4948,29629.75,4554.48,34184.24,0,0.0000
2013-05-28,38,5,747.40,133008.58,133755.97,0.00,0.00,100000.00,-428.26,-0.3192,1.3375597326,-18.7549,29629.75,4126.22,33755.97,0,0.0000
2013-05-29,38,5,747.40,136427.50,137174.90,0.00,0.00,100000.00,3418.93,2.5561,1.3717489967,-16.6782,29629.75,7545.15,37174.90,0,0.0000
2013-05-30,38,5,747.40,136014.66,136762.06,0.00,0.00,100000.00,-412.84,-0.3010,1.3676206157,-16.9290,29629.75,7132.31,36762.06,0,0.0000
2013-05-31,38,5,747.40,135479.69,136227.09,0.00,0.00,100000.00,-534.97,-0.3912,1.3622708918,-17.2539,29629.75,6597.34,36227.09,0,0.0000
2013-06-03,38,5,747.40,135121.50,135868.90,0.00,0.00,100000.00,-358.19,-0.2629,1.3586889758,-17.4715,29629.75,6239.14,35868.90,0,0.0000
2013-06-04,38,5,747.40,135886.19,136633.59,0.00,0.00,100000.00,764.69,0.5628,1.3663358978,-17.0070,29629.75,7003.84,36633.59,0,0.0000
2013-06-05,38,5,747.40,135535.24,136282.64,0.00,0.00,100000.00,-350.95,-0.2569,1.3628264242,-17.2202,29629.75,6652.89,36282.64,0,0.0000
2013-06-06,38,5,747.40,134163.89,134911.29,0.00,0.00,100000.00,-1371.35,-1.0063,1.3491129251,-18.0532,29629.75,5281.54,34911.29,0,0.0000
2013-06-07,39,5,749.15,134897.37,135646.52,0.00,0.00,100000.00,735.22,0.5450,1.3564651649,-17.6066,29916.70,5729.82,35646.52,0,0.0000
2013-06-10,39,5,749.15,137089.91,137839.06,0.00,0.00,100000.00,2192.54,1.6164,1.3783905668,-16.2748,29916.70,7922.36,37839.06,0,0.0000
2013-06-11,39,5,749.15,134459.30,135208.45,0.00,0.00,100000.00,-2630.61,-1.9085,1.3520845088,-17.8727,29916.70,5291.75,35208.45,0,0.0000
2013-06-12,39,5,749.15,134372.72,135121.87,0.00,0.00,100000.00,-86.58,-0.0640,1.3512187434,-17.9253,29916.70,5205.18,35121.87,0,0.0000
2013-06-13,39,5,749.15,133189.53,133938.68,0.00,0.00,100000.00,-1183.20,-0.8757,1.3393867587,-18.6439,29916.70,4021.98,33938.68,0,0.0000
2013-06-14,39,5,749.15,133928.11,134677.26,0.00,0.00,100000.00,738.59,0.5514,1.3467726298,-18.1953,29916.70,4760.56,34677.26,0,0.0000
2013-06-17,39,5,749.15,135254.12,136003.27,0.00,0.00,100000.00,1326.01,0.9846,1.3600327309,-17.3899,29916.70,6086.57,36003.27,0,0.0000
2013-06-18,39,5,749.15,134674.25,135423.40,0.00,0.00,100000.00,-579.87,-0.4264,1.3542340328,-17.7421,29916.70,5506.70,35423.40,0,0.0000
2013-06-19,39,5,749.15,135158.92,135908.07,0.00,0.00,100000.00,484.67,0.3579,1.3590807295,-17.4477,29916.70,5991.37,35908.07,0,0.0000
2013-06-20,39,5,749.15,134645.50,135394.65,0.00,0.00,100000.00,-513.43,-0.3778,1.3539464591,-17.7596,29916.70,5477.95,35394.65,0,0.0000
2013-06-21,39,5,749.15,132181.10,132930.25,0.00,0.00,100000.00,-2464.39,-1.8202,1.3293025097,-19.2565,29916.70,3013.55,32930.25,0,0.0000
2013-06-24,39,5,749.15,130293.44,131042.59,0.00,0.00,100000.00,-1887.66,-1.4200,1.3104258718,-20.4031,29916.70,1125.89,31042.59,0,0.0000
2013-06-25,39,5,749.15,130653.89,131403.04,0.00,0.00,100000.00,360.45,0.2751,1.3140303614,-20.1841,29916.70,1486.34,31403.04,0,0.0000
2013-06-26,39,5,749.15,130810.68,131559.83,0.00,0.00,100000.00,156.79,0.1193,1.3155983108,-20.0889,29916.70,1643.13,31559.83,0,0.0000
2013-06-27,39,5,749.15,131350.92,132100.07,0.00,0.00,100000.00,540.24,0.4106,1.3210006612,-19.7607,29916.70,2183.37,32100.07,0,0.0000
2013-06-28,39,5,749.15,132207.34,132956.49,0.00,0.00,100000.00,856.42,0.6483,1.3295648576,-19.2405,29916.70,3039.79,32956.49,0,0.0000
2013-07-01,39,5,749.15,134747.33,135496.48,0.00,0.00,100000.00,2540.00,1.9104,1.3549648126,-17.6977,29916.70,5579.78,35496.48,0,0.0000
2013-07-02,39,5,749.15,135272.62,136021.77,0.00,0.00,100000.00,525.29,0.3877,1.3602176864,-17.3787,29916.70,6105.07,36021.77,0,0.0000
2013-07-03,39,5,749.15,135939.36,136688.51,0.00,0.00,100000.00,666.74,0.4902,1.3668850585,-16.9737,29916.70,6771.81,36688.51,0,0.0000
2013-07-04,39,5,749.15,137457.52,138206.67,0.00,0.00,100000.00,1518.16,1.1107,1.3820666607,-16.0515,29916.70,8289.97,38206.67,0,0.0000
2013-07-05,40,5,2183.86,137306.68,139490.54,0.00,0.00,100000.00,1283.88,0.9290,1.3949054445,-15.2717,36184.18,3306.36,39490.54,0,0.0000
2013-07-08,40,5,2183.86,136297.60,138481.47,0.00,0.00,100000.00,-1009.08,-0.7234,1.3848146760,-15.8846,36184.18,2297.28,38481.47,0,0.0000
2013-07-09,40,5,2183.86,136826.21,139010.08,0.00,0.00,100000.00,528.61,0.3817,1.3901007844,-15.5635,36184.18,2825.89,39010.08,0,0.0000
2013-07-10,40,5,2183.86,136628.01,138811.87,0.00,0.00,100000.00,-198.21,-0.1426,1.3881187336,-15.6839,36184.18,2627.69,38811.87,0,0.0000
2013-07-11,40,5,2183.86,137007.39,139191.26,0.00,0.00,100000.00,379.39,0.2733,1.3919125886,-15.4535,36184.18,3007.08,39191.26,0,0.0000
2013-07-12,40,5,2183.86,138458.17,140642.04,0.00,0.00,100000.00,1450.78,1.0423,1.4064203840,-14.5722,36184.18,4457.85,40642.04,0,0.0000
2013-07-15,40,5,2183.86,141507.50,143691.36,0.00,0.00,100000.00,3049.32,2.1681,1.4369136006,-12.7200,36184.18,7507.18,43691.36,0,0.0000
2013-07-16,40,5,2183.86,141809.30,143993.16,0.00,0.00,100000.00,301.80,0.2100,1.4399316072,-12.5367,36184.18,7808.98,43993.16,0,0.0000
2013-07-17,40,5,2183.86,142773.49,144957.36,0.00,0.00,100000.00,964.20,0.6696,1.4495735835,-11.9511,36184.18,8773.17,44957.36,0,0.0000
2013-07-18,40,5,2183.86,143193.49,145377.36,0.00,0.00,100000.00,420.00,0.2897,1.4537735933,-11.6959,36184.18,9193.18,45377.36,0,0.0000
2013-07-19,40,5,2183.86,142565.13,144749.00,0.00,0.00,100000.00,-628.36,-0.4322,1.4474899925,-12.0776,36184.18,8564.82,44749.00,0,0.0000
2013-07-22,40,5,2183.86,143958.76,146142.62,0.00,0.00,100000.00,1393.62,0.9628,1.4614262239,-11.2311,36184.18,9958.44,46142.62,0,0.0000
2013-07-23,40,5,2183.86,145426.89,147610.76,0.00,0.00,100000.00,1468.13,1.0046,1.4761075544,-10.3394,36184.18,11426.57,47610.76,0,0.0000
2013-07-24,40,5,2183.86,143960.13,146144.00,0.00,0.00,100000.00,-1466.76,-0.9937,1.4614399830,-11.2303,36184.18,9959.81,46144.00,0,0.0000
2013-07-25,40,5,2183.86,142084.00,144267.86,0.00,0.00,100000.00,-1876.14,-1.2838,1.4426786018,-12.3699,36184.18,8083.68,44267.86,0,0.0000
2013-07-26,40,5,2183.86,138746.14,140930.01,0.00,0.00,100000.00,-3337.85,-2.3137,1.4093000544,-14.3973,36184.18,4745.82,40930.01,0,0.0000
2013-07-29,40,5,2183.86,136146.97,138330.83,0.00,0.00,100000.00,-2599.17,-1.8443,1.3833083262,-15.9761,36184.18,2146.65,38330.83,0,0.0000
2013-07-30,40,5,2183.86,135910.71,138094.58,0.00,0.00,100000.00,-236.25,-0.1708,1.3809457966,-16.1196,36184.18,1910.40,38094.58,0,0.0000
2013-07-31,40,5,2183.86,133968.57,136152.44,0.00,0.00,100000.00,-1942.14,-1.4064,1.3615243867,-17.2993,36184.18,-31.75,36152.44,0,0.0000
2013-08-01,40,5,2183.86,136776.85,138960.71,0.00,0.00,100000.00,2808.27,2.0626,1.3896071083,-15.5935,36184.18,2776.53,38960.71,0,0.0000
2013-08-02,41,5,880.33,135470.81,136351.14,0.00,0.00,100000.00,-2609.57,-1.8779,1.3635113848,-17.1786,34010.52,2340.62,36351.14,0,0.0000
2013-08-05,41,5,880.33,134391.51,135271.85,0.00,0.00,100000.00,-1079.29,-0.7916,1.3527184783,-17.8342,34010.52,1261.33,35271.85,0,0.0000
2013-08-06,41,5,880.33,134376.15,135256.48,0.00,0.00,100000.00,-15.36,-0.0114,1.3525648348,-17.8435,34010.52,1245.97,35256.48,0,0.0000
2013-08-07,41,5,880.33,132203.22,133083.55,0.00,0.00,100000.00,-2172.93,-1.6065,1.3308355300,-19.1634,34010.52,-926.97,33083.55,0,0.0000
2013-08-08,41,5,880.33,131071.98,131952.32,0.00,0.00,100000.00,-1131.24,-0.8500,1.3195231634,-19.8505,34010.52,-2058.20,31952.32,0,0.0000
2013-08-12,41,5,880.33,134025.88,134906.21,0.00,0.00,100000.00,2953.90,2.2386,1.3490621264,-18.0563,34010.52,895.69,34906.21,0,0.0000
2013-08-13,41,5,880.33,135576.18,136456.51,0.00,0.00,100000.00,1550.30,1.1492,1.3645651397,-17.1146,34010.52,2446.00,36456.51,0,0.0000
2013-08-14,41,5,880.33,136033.36,136913.69,0.00,0.00,100000.00,457.18,0.3350,1.3691369457,-16.8369,34010.52,2903.18,36913.69,0,0.0000
2013-08-16,41,5,880.33,133829.04,134709.38,0.00,0.00,100000.00,-2204.32,-1.6100,1.3470937752,-18.1758,34010.52,698.86,34709.38,0,0.0000
2013-08-19,41,5,880.33,129765.86,130646.20,0.00,0.00,100000.00,-4063.18,-3.0163,1.3064619808,-20.6438,34010.52,-3364.32,30646.20,0,0.0000
2013-08-20,41,5,880.33,128019.39,128899.72,0.00,0.00,100000.00,-1746.47,-1.3368,1.2889972497,-21.7047,34010.52,-5110.79,28899.72,0,0.0000
2013-08-21,41,5,880.33,125649.76,126530.09,0.00,0.00,100000.00,-2369.63,-1.8384,1.2653009392,-23.1440,34010.52,-7480.42,26530.09,0,0.0000
2013-08-22,41,5,880.33,126009.25,126889.58,0.00,0.00,100000.00,359.49,0.2841,1.2688958025,-22.9257,34010.52,-7120.94,26889.58,0,0.0000
2013-08-23,41,5,880.33,126783.88,127664.22,0.00,0.00,100000.00,774.63,0.6105,1.2766421502,-22.4551,34010.52,-6346.30,27664.22,0,0.0000
2013-08-26,41,5,880.33,127911.01,128791.35,0.00,0.00,100000.00,1127.13,0.8829,1.2879134664,-21.7705,34010.52,-5219.17,28791.35,0,0.0000
2013-08-27,41,5,880.33,125503.80,126384.14,0.00,0.00,100000.00,-2407.21,-1.8691,1.2638413570,-23.2327,34010.52,-7626.38,26384.14,0,0.0000
2013-08-28,41,5,880.33,124286.30,125166.64,0.00,0.00,100000.00,-1217.50,-0.9633,1.2516663704,-23.9722,34010.52,-8843.88,25166.64,0,0.0000
2013-08-29,41,5,880.33,127146.97,128027.30,0.00,0.00,100000.00,2860.66,2.2855,1.2802730013,-22.2346,34010.52,-5983.22,28027.30,0,0.0000
2013-08-30,41,5,880.33,128659.25,129539.59,0.00,0.00,100000.00,1512.29,1.1812,1.2953958776,-21.3160,34010.52,-4470.93,29539.59,0,0.0000
2013-09-02,41,5,880.33,129079.39,129959.73,0.00,0.00,100000.00,420.14,0.3243,1.2995972661,-21.0608,34010.52,-4050.79,29959.73,0,0.0000
2013-09-03,42,5,1839.14,123719.17,125558.30,0.00,0.00,100000.00,-4401.42,-3.3868,1.2555830448,-23.7343,31619.97,-6061.67,25558.30,0,0.0000
2013-09-04,42,5,1839.14,126333.40,128172.54,0.00,0.00,100000.00,2614.24,2.0821,1.2817254049,-22.1464,31619.97,-3447.43,28172.54,0,0.0000
2013-09-05,42,5,1839.14,128219.92,130059.06,0.00,0.00,100000.00,1886.52,1.4719,1.3005906208,-21.0005,31619.97,-1560.91,30059.06,0,0.0000
2013-09-06,42,5,1839.14,126988.36,128827.50,0.00,0.00,100000.00,-1231.56,-0.9469,1.2882749959,-21.7485,31619.97,-2792.48,28827.50,0,0.0000
2013-09-10,42,5,1839.14,132254.20,134093.34,0.00,0.00,100000.00,5265.84,4.0875,1.3409334247,-18.5500,31619.97,2473.37,34093.34,0,0.0000
2013-09-11,42,5,1839.14,130978.93,132818.07,0.00,0.00,100000.00,-1275.27,-0.9510,1.3281807094,-19.3246,31619.97,1198.10,32818.07,0,0.0000
2013-09-12,42,5,1839.14,128520.53,130359.67,0.00,0.00,100000.00,-2458.40,-1.8510,1.3035966778,-20.8179,31619.97,-1260.31,30359.67,0,0.0000
2013-09-13,42,5,1839.14,128802.84,130641.98,0.00,0.00,100000.00,282.31,0.2166,1.3064197531,-20.6464,31619.97,-978.00,30641.98,0,0.0000
2013-09-16,42,5,1839.14,128487.00,130326.14,0.00,0.00,100000.00,-315.84,-0.2418,1.3032613661,-20.8382,31619.97,-1293.84,30326.14,0,0.0000
2013-09-17,42,5,1839.14,129319.36,131158.50,0.00,0.00,100000.00,832.36,0.6387,1.3115850031,-20.3327,31619.97,-461.47,31158.50,0,0.0000
2013-09-18,42,5,1839.14,129630.71,131469.85,0.00,0.00,100000.00,311.35,0.2374,1.3146984616,-20.1435,31619.97,-150.13,31469.85,0,0.0000
2013-09-19,42,5,1839.14,132752.32,134591.46,0.00,0.00,100000.00,3121.61,2.3744,1.3459145665,-18.2474,31619.97,2971.48,34591.46,0,0.0000
2013-09-20,42,5,1839.14,130450.07,132289.21,0.00,0.00,100000.00,-2302.25,-1.7105,1.3228920621,-19.6459,31619.97,669.23,32289.21,0,0.0000
2013-09-23,42,5,1839.14,130460.78,132299.92,0.00,0.00,100000.00,10.71,0.0081,1.3229991665,-19.6394,31619.97,679.94,32299.92,0,0.0000
2013-09-24,42,5,1839.14,129846.29,131685.42,0.00,0.00,100000.00,-614.49,-0.4645,1.3168542489,-20.0126,31619.97,65.45,31685.42,0,0.0000
2013-09-25,42,5,1839.14,130487.98,132327.12,0.00,0.00,100000.00,641.70,0.4873,1.3232712302,-19.6228,31619.97,707.15,32327.12,0,0.0000
2013-09-26,42,5,1839.14,130495.42,132334.56,0.00,0.00,100000.00,7.44,0.0056,1.3233455987,-19.6183,31619.97,714.59,32334.56,0,0.0000
2013-09-27,42,5,1839.14,130105.50,131944.63,0.00,0.00,100000.00,-389.93,-0.2947,1.3194463456,-19.8552,31619.97,324.66,31944.63,0,0.0000
2013-09-30,42,5,1839.14,129978.64,131817.78,0.00,0.00,100000.00,-126.86,-0.0961,1.3181777681,-19.9322,31619.97,197.80,31817.78,0,0.0000
2013-10-01,42,5,1839.14,131369.23,133208.37,0.00,0.00,100000.00,1390.59,1.0549,1.3320837076,-19.0875,31619.97,1588.40,33208.37,0,0.0000
2013-10-03,43,5,1202.46,133049.62,134252.07,0.00,0.00,100000.00,1043.70,0.7835,1.3425207500,-18.4536,33557.20,694.87,34252.07,0,0.0000
2013-10-04,43,5,1202.46,132122.78,133325.24,0.00,0.00,100000.00,-926.84,-0.6904,1.3332523625,-19.0166,33557.20,-231.97,33325.24,0,0.0000
2013-10-07,43,5,1202.46,133793.52,134995.98,0.00,0.00,100000.00,1670.75,1.2531,1.3499598233,-18.0017,33557.20,1438.78,34995.98,0,0.0000
2013-10-08,43,5,1202.46,133891.21,135093.67,0.00,0.00,100000.00,97.69,0.0724,1.3509366876,-17.9424,33557.20,1536.46,35093.67,0,0.0000
2013-10-09,43,5,1202.46,134152.90,135355.35,0.00,0.00,100000.00,261.69,0.1937,1.3535535477,-17.7834,33557.20,1798.15,35355.35,0,0.0000
2013-10-10,43,5,1202.46,134471.89,135674.35,0.00,0.00,100000.00,319.00,0.2357,1.3567434988,-17.5897,33557.20,2117.15,35674.35,0,0.0000
2013-10-11,43,5,1202.46,135295.26,136497.72,0.00,0.00,100000.00,823.37,0.6069,1.3649771767,-17.0896,33557.20,2940.51,36497.72,0,0.0000
2013-10-14,43,5,1202.46,136374.64,137577.10,0.00,0.00,100000.00,1079.38,0.7908,1.3757710046,-16.4339,33557.20,4019.90,37577.10,0,0.0000
2013-10-15,43,5,1202.46,135306.28,136508.74,0.00,0.00,100000.00,-1068.36,-0.7766,1.3650874195,-17.0829,33557.20,2951.54,36508.74,0,0.0000
2013-10-17,43,5,1202.46,133452.21,134654.67,0.00,0.00,100000.00,-1854.07,-1.3582,1.3465466977,-18.2090,33557.20,1097.47,34654.67,0,0.0000
2013-10-18,43,5,1202.46,133950.14,135152.60,0.00,0.00,100000.00,497.93,0.3698,1.3515259569,-17.9066,33557.20,1595.39,35152.60,0,0.0000
2013-10-21,43,5,1202.46,133224.46,134426.92,0.00,0.00,100000.00,-725.67,-0.5369,1.3442692410,-18.3474,33557.20,869.72,34426.92,0,0.0000
2013-10-22,43,5,1202.46,134058.84,135261.30,0.00,0.00,100000.00,834.38,0.6207,1.3526130234,-17.8406,33557.20,1704.10,35261.30,0,0.0000
2013-10-23,43,5,1202.46,134074.70,135277.16,0.00,0.00,100000.00,15.86,0.0117,1.3527716326,-17.8309,33557.20,1719.96,35277.16,0,0.0000
2013-10-24,43,5,1202.46,132752.93,133955.38,0.00,0.00,100000.00,-1321.78,-0.9771,1.3395538455,-18.6338,33557.20,398.18,33955.38,0,0.0000
2013-10-25,43,5,1202.46,131282.12,132484.58,0.00,0.00,100000.00,-1470.80,-1.0980,1.3248458360,-19.5272,33557.20,-1072.62,32484.58,0,0.0000
2013-10-28,43,5,1202.46,129133.95,130336.41,0.00,0.00,100000.00,-2148.18,-1.6215,1.3033640754,-20.8320,33557.20,-3220.80,30336.41,0,0.0000
2013-10-29,43,5,1202.46,131699.14,132901.59,0.00,0.00,100000.00,2565.19,1.9681,1.3290159483,-19.2739,33557.20,-655.61,32901.59,0,0.0000
2013-10-30,43,5,1202.46,131696.91,132899.37,0.00,0.00,100000.00,-2.23,-0.0017,1.3289936750,-19.2752,33557.20,-657.84,32899.37,0,0.0000
2013-10-31,43,5,1202.46,132920.56,134123.02,0.00,0.00,100000.00,1223.65,0.9207,1.3412302037,-18.5320,33557.20,565.82,34123.02,0,0.0000
2013-11-01,44,5,444.33,133063.07,133507.39,0.00,0.00,100000.00,-615.63,-0.4590,1.3350739382,-18.9059,33774.72,-267.33,33507.39,0,0.0000
2013-11-05,44,5,444.33,132792.35,133236.67,0.00,0.00,100000.00,-270.72,-0.2028,1.3323667449,-19.0704,33774.72,-538.05,33236.67,0,0.0000
2013-11-06,44,5,444.33,132220.92,132665.25,0.00,0.00,100000.00,-571.43,-0.4289,1.3266524548,-19.4174,33774.72,-1109.48,32665.25,0,0.0000
2013-11-07,44,5,444.33,132070.75,132515.07,0.00,0.00,100000.00,-150.17,-0.1132,1.3251507373,-19.5087,33774.72,-1259.65,32515.07,0,0.0000
2013-11-08,44,5,444.33,131384.71,131829.04,0.00,0.00,100000.00,-686.03,-0.5177,1.3182904182,-19.9254,33774.72,-1945.68,31829.04,0,0.0000
2013-11-11,44,5,444.33,132727.46,133171.79,0.00,0.00,100000.00,1342.75,1.0186,1.3317178967,-19.1098,33774.72,-602.93,33171.79,0,0.0000
2013-11-12,44,5,444.33,131004.56,131448.89,0.00,0.00,100000.00,-1722.90,-1.2937,1.3144888940,-20.1563,33774.72,-2325.83,31448.89,0,0.0000
2013-11-13,44,5,444.33,132046.43,132490.75,0.00,0.00,100000.00,1041.87,0.7926,1.3249075491,-19.5234,33774.72,-1283.97,32490.75,0,0.0000
2013-11-14,44,5,444.33,132859.03,133303.36,0.00,0.00,100000.00,812.60,0.6133,1.3330335578,-19.0298,33774.72,-471.37,33303.36,0,0.0000
2013-11-18,44,5,444.33,133752.76,134197.08,0.00,0.00,100000.00,893.73,0.6704,1.3419708407,-18.4870,33774.72,422.36,34197.08,0,0.0000
2013-11-19,44,5,444.33,133884.07,134328.40,0.00,0.00,100000.00,131.31,0.0979,1.3432839898,-18.4072,33774.72,553.68,34328.40,0,0.0000
2013-11-20,44,5,444.33,133560.30,134004.63,0.00,0.00,100000.00,-323.77,-0.2410,1.3400463136,-18.6039,33774.72,229.91,34004.63,0,0.0000
2013-11-21,44,5,444.33,133185.32,133629.65,0.00,0.00,100000.00,-374.98,-0.2798,1.3362964778,-18.8317,33774.72,-145.08,33629.65,0,0.0000
2013-11-22,44,5,444.33,134100.80,134545.13,0.00,0.00,100000.00,915.48,0.6851,1.3454512690,-18.2756,33774.72,770.40,34545.13,0,0.0000
2013-11-25,44,5,444.33,136769.07,137213.39,0.00,0.00,100000.00,2668.27,1.9832,1.3721339262,-16.6548,33774.72,3438.67,37213.39,0,0.0000
2013-11-26,44,5,444.33,138529.50,138973.83,0.00,0.00,100000.00,1760.44,1.2830,1.3897382876,-15.5855,33774.72,5199.11,38973.83,0,0.0000
2013-11-27,44,5,444.33,136737.98,137182.31,0.00,0.00,100000.00,-1791.52,-1.2891,1.3718230944,-16.6737,33774.72,3407.59,37182.31,0,0.0000
2013-11-28,44,5,444.33,137655.23,138099.55,0.00,0.00,100000.00,917.24,0.6686,1.3809955186,-16.1166,33774.72,4324.83,38099.55,0,0.0000
2013-11-29,44,5,444.33,138955.64,139399.97,0.00,0.00,100000.00,1300.42,0.9417,1.3939997097,-15.3267,33774.72,5625.25,39399.97,0,0.0000
2013-12-02,44,5,444.33,141083.08,141527.41,0.00,0.00,100000.00,2127.44,1.5261,1.4152740741,-14.0345,33774.72,7752.68,41527.41,0,0.0000
2013-12-03,45,5,221.85,140883.05,141104.90,0.00,0.00,100000.00,-422.50,-0.2985,1.4110490343,-14.2911,33491.73,7613.18,41104.90,0,0.0000
2013-12-04,45,5,221.85,140591.38,140813.23,0.00,0.00,100000.00,-291.68,-0.2067,1.4081322828,-14.4683,33491.73,7321.50,40813.23,0,0.0000
2013-12-05,45,5,221.85,140539.45,140761.30,0.00,0.00,100000.00,-51.93,-0.0369,1.4076129823,-14.4998,33491.73,7269.57,40761.30,0,0.0000
2013-12-06,45,5,221.85,140154.93,140376.78,0.00,0.00,100000.00,-384.51,-0.2732,1.4037678454,-14.7334,33491.73,6885.06,40376.78,0,0.0000
2013-12-09,45,5,221.85,140889.86,141111.71,0.00,0.00,100000.00,734.93,0.5235,1.4111171276,-14.2870,33491.73,7619.98,41111.71,0,0.0000
2013-12-10,45,5,221.85,141483.50,141705.35,0.00,0.00,100000.00,593.64,0.4207,1.4170535187,-13.9264,33491.73,8213.62,41705.35,0,0.0000
2013-12-11,45,5,221.85,140991.11,141212.96,0.00,0.00,100000.00,-492.39,-0.3475,1.4121295792,-14.2255,33491.73,7721.23,41212.96,0,0.0000
2013-12-12,45,5,221.85,139539.04,139760.89,0.00,0.00,100000.00,-1452.07,-1.0283,1.3976089129,-15.1075,33491.73,6269.16,39760.89,0,0.0000
2013-12-13,45,5,221.85,140552.54,140774.39,0.00,0.00,100000.00,1013.50,0.7252,1.4077439016,-14.4918,33491.73,7282.66,40774.39,0,0.0000
2013-12-16,45,5,221.85,144988.17,145210.02,0.00,0.00,100000.00,4435.63,3.1509,1.4521002068,-11.7976,33491.73,11718.29,45210.02,0,0.0000
2013-12-17,45,5,221.85,146641.45,146863.30,0.00,0.00,100000.00,1653.28,1.1385,1.4686330376,-10.7934,33491.73,13371.58,46863.30,0,0.0000
2013-12-18,45,5,221.85,150091.01,150312.86,0.00,0.00,100000.00,3449.56,2.3488,1.5031285876,-8.6981,33491.73,16821.13,50312.86,0,0.0000
2013-12-19,45,5,221.85,152103.55,152325.40,0.00,0.00,100000.00,2012.54,1.3389,1.5232540301,-7.4756,33491.73,18833.67,52325.40,0,0.0000
2013-12-20,45,5,221.85,155414.92,155636.77,0.00,0.00,100000.00,3311.36,2.1739,1.5563676686,-5.4643,33491.73,22145.04,55636.77,0,0.0000
2013-12-23,45,5,221.85,154259.57,154481.42,0.00,0.00,100000.00,-1155.35,-0.7423,1.5448142002,-6.1660,33491.73,20989.69,54481.42,0,0.0000
2013-12-24,45,5,221.85,156729.42,156951.27,0.00,0.00,100000.00,2469.85,1.5988,1.5695127293,-4.6658,33491.73,23459.54,56951.27,0,0.0000
2013-12-26,45,5,221.85,156383.04,156604.89,0.00,0.00,100000.00,-346.39,-0.2207,1.5660488611,-4.8762,33491.73,23113.16,56604.89,0,0.0000
2013-12-27,45,5,221.85,156773.61,156995.46,0.00,0.00,100000.00,390.57,0.2494,1.5699546095,-4.6390,33491.73,23503.73,56995.46,0,0.0000
2013-12-30,45,5,221.85,156570.97,156792.82,0.00,0.00,100000.00,-202.64,-0.1291,1.5679282493,-4.7620,33491.73,23301.10,56792.82,0,0.0000
2013-12-31,45,5,221.85,157625.77,157847.62,0.00,0.00,100000.00,1054.80,0.6727,1.5784762374,-4.1213,33491.73,24355.90,57847.62,0,0.0000
2014-01-01,46,5,365.47,158341.84,158707.31,0.00,0.00,100000.00,859.68,0.5446,1.5870730855,-3.5992,46280.81,12426.50,58707.31,0,0.0000
2014-01-02,46,5,365.47,152623.14,152988.61,0.00,0.00,100000.00,-5718.70,-3.6033,1.5298860755,-7.0728,46280.81,6707.80,52988.61,0,0.0000
2014-01-03,46,5,365.47,155370.87,155736.34,0.00,0.00,100000.00,2747.73,1.7960,1.5573633572,-5.4038,46280.81,9455.53,55736.34,0,0.0000
2014-01-06,46,5,365.47,159119.33,159484.79,0.00,0.00,100000.00,3748.46,2.4069,1.5948479483,-3.1269,46280.81,13203.99,59484.79,0,0.0000
2014-01-07,46,5,365.47,157071.96,157437.43,0.00,0.00,100000.00,-2047.36,-1.2837,1.5743743157,-4.3705,46280.81,11156.63,57437.43,0,0.0000
2014-01-08,46,5,365.47,155211.52,155576.99,0.00,0.00,100000.00,-1860.44,-1.1817,1.5557699073,-5.5006,46280.81,9296.19,55576.99,0,0.0000
2014-01-09,46,5,365.47,153419.92,153785.38,0.00,0.00,100000.00,-1791.61,-1.1516,1.5378538365,-6.5888,46280.81,7504.58,53785.38,0,0.0000
2014-01-10,46,5,365.47,152807.16,153172.62,0.00,0.00,100000.00,-612.76,-0.3985,1.5317262370,-6.9610,46280.81,6891.82,53172.62,0,0.0000
2014-01-13,46,5,365.47,152346.20,152711.67,0.00,0.00,100000.00,-460.96,-0.3009,1.5271166597,-7.2410,46280.81,6430.86,52711.67,0,0.0000
2014-01-14,46,5,365.47,152131.35,152496.82,0.00,0.00,100000.00,-214.85,-0.1407,1.5249682079,-7.3715,46280.81,6216.02,52496.82,0,0.0000
2014-01-15,46,5,365.47,150949.84,151315.31,0.00,0.00,100000.00,-1181.51,-0.7748,1.5131531027,-8.0892,46280.81,5034.50,51315.31,0,0.0000
2014-01-16,46,5,365.47,152723.02,153088.49,0.00,0.00,100000.00,1773.18,1.1718,1.5308848698,-7.0121,46280.81,6807.68,53088.49,0,0.0000
2014-01-17,46,5,365.47,148333.52,148698.99,0.00,0.00,100000.00,-4389.50,-2.8673,1.4869898910,-9.6783,46280.81,2418.18,48698.99,0,0.0000
2014-01-20,46,5,365.47,151606.69,151972.16,0.00,0.00,100000.00,3273.17,2.2012,1.5197215809,-7.6902,46280.81,5691.35,51972.16,0,0.0000
2014-01-21,46,5,365.47,154686.63,155052.10,0.00,0.00,100000.00,3079.94,2.0266,1.5505210072,-5.8194,46280.81,8771.30,55052.10,0,0.0000
2014-01-22,46,5,365.47,154823.92,155189.39,0.00,0.00,100000.00,137.29,0.0885,1.5518939078,-5.7360,46280.81,8908.59,55189.39,0,0.0000
2014-01-23,46,5,365.47,153161.31,153526.77,0.00,0.00,100000.00,-1662.62,-1.0713,1.5352677470,-6.7459,46280.81,7245.97,53526.77,0,0.0000
2014-01-24,46,5,365.47,149057.21,149422.67,0.00,0.00,100000.00,-4104.10,-2.6732,1.4942267322,-9.2388,46280.81,3141.87,49422.67,0,0.0000
2014-01-27,46,5,365.47,144995.20,145360.67,0.00,0.00,100000.00,-4062.00,-2.7185,1.4536066948,-11.7061,46280.81,-920.14,45360.67,0,0.0000
2014-01-28,46,5,365.47,148398.74,148764.20,0.00,0.00,100000.00,3403.53,2.3414,1.4876420403,-9.6387,46280.81,2483.40,48764.20,0,0.0000
2014-01-29,47,5,513.79,153435.21,153949.00,0.00,0.00,100000.00,5184.80,3.4852,1.5394900340,-6.4894,39871.90,14077.10,53949.00,0,0.0000
2014-01-30,47,5,513.79,151934.70,152448.49,0.00,0.00,100000.00,-1500.51,-0.9747,1.5244848973,-7.4009,39871.90,12576.59,52448.49,0,0.0000
2014-01-31,47,5,513.79,153855.99,154369.78,0.00,0.00,100000.00,1921.29,1.2603,1.5436978163,-6.2338,39871.90,14497.88,54369.78,0,0.0000
2014-02-03,47,5,513.79,152978.32,153492.11,0.00,0.00,100000.00,-877.67,-0.5686,1.5349210920,-6.7669,39871.90,13620.21,53492.11,0,0.0000
2014-02-04,47,5,513.79,152012.03,152525.82,0.00,0.00,100000.00,-966.29,-0.6295,1.5252581971,-7.3539,39871.90,12653.92,52525.82,0,0.0000
2014-02-05,47,5,513.79,154601.18,155114.97,0.00,0.00,100000.00,2589.15,1.6975,1.5511496901,-5.7812,39871.90,15243.07,55114.97,0,0.0000
2014-02-06,47,5,513.79,154780.02,155293.81,0.00,0.00,100000.00,178.84,0.1153,1.5529380781,-5.6726,39871.90,15421.91,55293.81,0,0.0000
2014-02-07,47,5,513.79,157070.70,157584.49,0.00,0.00,100000.00,2290.69,1.4751,1.5758449469,-4.2812,39871.90,17712.59,57584.49,0,0.0000
2014-02-10,47,5,513.79,155129.35,155643.14,0.00,0.00,100000.00,-1941.36,-1.2319,1.5564313963,-5.4604,39871.90,15771.24,55643.14,0,0.0000
2014-02-11,47,5,513.79,155288.17,155801.96,0.00,0.00,100000.00,158.82,0.1020,1.5580195980,-5.3639,39871.90,15930.06,55801.96,0,0.0000
2014-02-12,47,5,513.79,154802.39,155316.19,0.00,0.00,100000.00,-485.77,-0.3118,1.5531618623,-5.6590,39871.90,15444.29,55316.19,0,0.0000
2014-02-13,47,5,513.79,154033.79,154547.58,0.00,0.00,100000.00,-768.60,-0.4949,1.5454758172,-6.1258,39871.90,14675.68,54547.58,0,0.0000
2014-02-14,47,5,513.79,157442.39,157956.18,0.00,0.00,100000.00,3408.60,2.2055,1.5795617849,-4.0554,39871.90,18084.28,57956.18,0,0.0000
2014-02-17,47,5,513.79,161566.54,162080.33,0.00,0.00,100000.00,4124.16,2.6109,1.6208033370,-1.5503,39871.90,22208.43,62080.33,0,0.0000
2014-02-18,47,5,513.79,164505.18,165018.97,0.00,0.00,100000.00,2938.64,1.8131,1.6501897431,0.0000,39871.90,25147.07,65018.97,0,0.0000
2014-02-19,47,5,513.79,168601.30,169115.09,0.00,0.00,100000.00,4096.11,2.4822,1.6911508833,0.0000,39871.90,29243.19,69115.09,0,0.0000
2014-02-20,47,5,513.79,169874.47,170388.27,0.00,0.00,100000.00,1273.18,0.7528,1.7038826528,0.0000,39871.90,30516.36,70388.27,0,0.0000
2014-02-21,47,5,513.79,174009.29,174523.08,0.00,0.00,100000.00,4134.81,2.4267,1.7452307977,0.0000,39871.90,34651.18,74523.08,0,0.0000
2014-02-24,47,5,513.79,174139.61,174653.40,0.00,0.00,100000.00,130.32,0.0747,1.7465340107,0.0000,39871.90,34781.50,74653.40,0,0.0000
2014-02-25,47,5,513.79,176325.75,176839.54,0.00,0.00,100000.00,2186.14,1.2517,1.7683954084,0.0000,39871.90,36967.64,76839.54,0,0.0000
2014-02-26,48,5,263.79,177295.35,177559.14,0.00,0.00,100000.00,719.60,0.4069,1.7755913976,0.0000,48518.32,29040.82,77559.14,0,0.0000
2014-02-28,48,5,263.79,181468.14,181731.92,0.00,0.00,100000.00,4172.79,2.3501,1.8173192494,0.0000,48518.32,33213.60,81731.92,0,0.0000
2014-03-03,48,5,263.79,185076.48,185340.27,0.00,0.00,100000.00,3608.35,1.9855,1.8534027085,0.0000,48518.32,36821.95,85340.27,0,0.0000
2014-03-04,48,5,263.79,187577.05,187840.84,0.00,0.00,100000.00,2500.57,1.3492,1.8784083749,0.0000,48518.32,39322.52,87840.84,0,0.0000
2014-03-05,48,5,263.79,189024.06,189287.84,0.00,0.00,100000.00,1447.01,0.7703,1.8928784382,0.0000,48518.32,40769.52,89287.84,0,0.0000
2014-03-06,48,5,263.79,186652.15,186915.94,0.00,0.00,100000.00,-2371.91,-1.2531,1.8691593872,-1.2531,48518.32,38397.62,86915.94,0,0.0000
2014-03-07,48,5,263.79,180683.74,180947.53,0.00,0.00,100000.00,-5968.41,-3.1931,1.8094752726,-4.4062,48518.32,32429.21,80947.53,0,0.0000
2014-03-10,48,5,263.79,184513.88,184777.67,0.00,0.00,100000.00,3830.14,2.1167,1.8477766750,-2.3827,48518.32,36259.35,84777.67,0,0.0000
2014-03-11,48,5,263.79,180187.38,180451.17,0.00,0.00,100000.00,-4326.50,-2.3415,1.8045116823,-4.6684,48518.32,31932.85,80451.17,0,0.0000
2014-03-12,48,5,263.79,181316.26,181580.05,0.00,0.00,100000.00,1128.88,0.6256,1.8158005184,-4.0720,48518.32,33061.73,81580.05,0,0.0000
2014-03-13,48,5,263.79,179132.54,179396.33,0.00,0.00,100000.00,-2183.73,-1.2026,1.7939632575,-5.2256,48518.32,30878.01,79396.33,0,0.0000
2014-03-14,48,5,263.79,181116.15,181379.93,0.00,0.00,100000.00,1983.61,1.1057,1.8137993418,-4.1777,48518.32,32861.61,81379.93,0,0.0000
2014-03-18,48,5,263.79,182242.48,182506.27,0.00,0.00,100000.00,1126.33,0.6210,1.8250626649,-3.5827,48518.32,33987.95,82506.27,0,0.0000
2014-03-19,48,5,263.79,182337.91,182601.70,0.00,0.00,100000.00,95.43,0.0523,1.8260169719,-3.5323,48518.32,34083.38,82601.70,0,0.0000
2014-03-20,48,5,263.79,183033.31,183297.10,0.00,0.00,100000.00,695.40,0.3808,1.8329709840,-3.1649,48518.32,34778.78,83297.10,0,0.0000
2014-03-21,48,5,263.79,184925.88,185189.66,0.00,0.00,100000.00,1892.57,1.0325,1.8518966385,-2.1651,48518.32,36671.34,85189.66,0,0.0000
2014-03-24,48,5,263.79,184234.33,184498.12,0.00,0.00,100000.00,-691.55,-0.3734,1.8449811639,-2.5304,48518.32,35979.80,84498.12,0,0.0000
2014-03-25,48,5,263.79,184688.31,184952.10,0.00,0.00,100000.00,453.99,0.2461,1.8495210241,-2.2906,48518.32,36433.78,84952.10,0,0.0000
2014-03-26,48,5,263.79,185313.78,185577.57,0.00,0.00,100000.00,625.46,0.3382,1.8557756692,-1.9601,48518.32,37059.25,85577.57,0,0.0000
2014-03-27,48,5,263.79,183836.27,184100.06,0.00,0.00,100000.00,-1477.51,-0.7962,1.8410006111,-2.7407,48518.32,35581.74,84100.06,0,0.0000
2014-03-28,49,5,423.09,186658.91,187082.00,0.00,0.00,100000.00,2981.94,1.6197,1.8708200082,-1.1653,54934.60,32147.40,87082.00,0,0.0000
2014-03-31,49,5,423.09,186430.70,186853.79,0.00,0.00,100000.00,-228.21,-0.1220,1.8685378793,-1.2859,54934.60,31919.19,86853.79,0,0.0000
2014-04-01,49,5,423.09,186529.66,186952.75,0.00,0.00,100000.00,98.96,0.0530,1.8695274954,-1.2336,54934.60,32018.15,86952.75,0,0.0000
2014-04-02,49,5,423.09,191003.67,191426.77,0.00,0.00,100000.00,4474.02,2.3931,1.9142676561,0.0000,54934.60,36492.17,91426.77,0,0.0000
2014-04-03,49,5,423.09,190907.67,191330.77,0.00,0.00,100000.00,-96.00,-0.0501,1.9133076518,-0.0501,54934.60,36396.17,91330.77,0,0.0000
2014-04-04,49,5,423.09,193085.71,193508.81,0.00,0.00,100000.00,2178.04,1.1384,1.9350880653,0.0000,54934.60,38574.21,93508.81,0,0.0000
2014-04-07,49,5,423.09,190550.43,190973.52,0.00,0.00,100000.00,-2535.29,-1.3102,1.9097352084,-1.3102,54934.60,36038.92,90973.52,0,0.0000
2014-04-09,49,5,423.09,194404.85,194827.94,0.00,0.00,100000.00,3854.42,2.0183,1.9482794174,0.0000,54934.60,39893.34,94827.94,0,0.0000
2014-04-10,49,5,423.09,196841.31,197264.40,0.00,0.00,100000.00,2436.46,1.2506,1.9726439983,0.0000,54934.60,42329.80,97264.40,0,0.0000
2014-04-11,49,5,423.09,196888.61,197311.70,0.00,0.00,100000.00,47.31,0.0240,1.9731170491,0.0000,54934.60,42377.11,97311.70,0,0.0000
2014-04-15,49,5,423.09,198867.44,199290.53,0.00,0.00,100000.00,1978.83,1.0029,1.9929053242,0.0000,54934.60,44355.93,99290.53,0,0.0000
2014-04-16,49,5,423.09,193885.63,194308.72,0.00,0.00,100000.00,-4981.81,-2.4998,1.9430871987,-2.4998,54934.60,39374.12,94308.72,0,0.0000
2014-04-17,49,5,423.09,197990.06,198413.16,0.00,0.00,100000.00,4104.44,2.1123,1.9841315619,-0.4402,54934.60,43478.56,98413.16,0,0.0000
2014-04-21,49,5,423.09,201470.01,201893.10,0.00,0.00,100000.00,3479.94,1.7539,2.0189309841,0.0000,54934.60,46958.50,101893.10,0,0.0000
2014-04-22,49,5,423.09,201270.06,201693.16,0.00,0.00,100000.00,-199.94,-0.0990,2.0169315675,-0.0990,54934.60,46758.56,101693.16,0,0.0000
2014-04-23,49,5,423.09,202626.04,203049.13,0.00,0.00,100000.00,1355.98,0.6723,2.0304913182,0.0000,54934.60,48114.53,103049.13,0,0.0000
2014-04-24,49,5,423.09,202626.04,203049.13,0.00,0.00,100000.00,0.00,0.0000,2.0304913182,0.0000,54934.60,48114.53,103049.13,0,0.0000
2014-04-25,49,5,423.09,202994.05,203417.14,0.00,0.00,100000.00,368.01,0.1812,2.0341713778,0.0000,54934.60,48482.54,103417.14,0,0.0000
2014-04-28,49,5,423.09,204476.77,204899.86,0.00,0.00,100000.00,1482.72,0.7289,2.0489986078,0.0000,54934.60,49965.26,104899.86,0,0.0000
2014-04-29,49,5,423.09,202092.63,202515.73,0.00,0.00,100000.00,-2384.13,-1.1636,2.0251572585,-1.1636,54934.60,47581.13,102515.73,0,0.0000
2014-04-30,50,5,149.39,199099.16,199248.55,0.00,0.00,100000.00,-3267.18,-1.6133,1.9924854787,-2.7581,68605.37,30643.18,99248.55,0,0.0000
2014-05-02,50,5,149.39,199338.89,199488.28,0.00,0.00,100000.00,239.73,0.1203,1.9948827560,-2.6411,68605.37,30882.91,99488.28,0,0.0000
2014-05-05,50,5,149.39,198508.79,198658.18,0.00,0.00,100000.00,-830.10,-0.4161,1.9865817731,-3.0462,68605.37,30052.81,98658.18,0,0.0000
2014-05-06,50,5,149.39,197619.60,197768.98,0.00,0.00,100000.00,-889.19,-0.4476,1.9776898442,-3.4802,68605.37,29163.62,97768.98,0,0.0000
2014-05-07,50,5,149.39,197223.57,197372.96,0.00,0.00,100000.00,-396.03,-0.2002,1.9737295722,-3.6735,68605.37,28767.59,97372.96,0,0.0000
2014-05-08,50,5,149.39,196578.34,196727.73,0.00,0.00,100000.00,-645.23,-0.3269,1.9672772898,-3.9884,68605.37,28122.36,96727.73,0,0.0000
2014-05-09,50,5,149.39,197315.44,197464.83,0.00,0.00,100000.00,737.10,0.3747,1.9746482975,-3.6286,68605.37,28859.46,97464.83,0,0.0000
2014-05-12,50,5,149.39,197004.07,197153.45,0.00,0.00,100000.00,-311.38,-0.1577,1.9715345085,-3.7806,68605.37,28548.09,97153.45,0,0.0000
2014-05-13,50,5,149.39,205468.46,205617.85,0.00,0.00,100000.00,8464.39,4.2933,2.0561784556,0.0000,68605.37,37012.48,105617.85,0,0.0000
2014-05-14,50,5,149.39,208669.96,208819.34,0.00,0.00,100000.00,3201.50,1.5570,2.0881934184,0.0000,68605.37,40213.98,108819.34,0,0.0000
2014-05-15,50,5,149.39,209740.72,209890.11,0.00,0.00,100000.00,1070.76,0.5128,2.0989010525,0.0000,68605.37,41284.74,109890.11,0,0.0000
2014-05-16,50,5,149.39,210490.06,210639.45,0.00,0.00,100000.00,749.34,0.3570,2.1063944589,0.0000,68605.37,42034.08,110639.45,0,0.0000
2014-05-19,50,5,149.39,214544.55,214693.94,0.00,0.00,100000.00,4054.49,1.9249,2.1469394025,0.0000,68605.37,46088.57,114693.94,0,0.0000
2014-05-20,50,5,149.39,219787.34,219936.72,0.00,0.00,100000.00,5242.78,2.4420,2.1993672420,0.0000,68605.37,51331.36,119936.72,0,0.0000
2014-05-21,50,5,149.39,229674.32,229823.70,0.00,0.00,100000.00,9886.98,4.4954,2.2982370312,0.0000,68605.37,61218.34,129823.70,0,0.0000
2014-05-22,50,5,149.39,233092.85,233242.24,0.00,0.00,100000.00,3418.54,1.4875,2.3324223901,0.0000,68605.37,64636.87,133242.24,0,0.0000
2014-05-23,50,5,149.39,232698.77,232848.15,0.00,0.00,100000.00,-394.09,-0.1690,2.3284815252,-0.1690,68605.37,64242.79,132848.15,0,0.0000
2014-05-26,50,5,149.39,223794.24,223943.63,0.00,0.00,100000.00,-8904.53,-3.8242,2.2394362662,-3.9867,68605.37,55338.26,123943.63,0,0.0000
2014-05-27,50,5,149.39,223995.50,224144.88,0.00,0.00,100000.00,201.26,0.0899,2.2414488262,-3.9004,68605.37,55539.52,124144.88,0,0.0000
2014-05-28,50,5,149.39,227427.84,227577.22,0.00,0.00,100000.00,3432.34,1.5313,2.2757722353,-2.4288,68605.37,58971.86,127577.22,0,0.0000
2014-05-29,51,5,275.45,222433.01,222708.47,0.00,0.00,100000.00,-4868.76,-2.1394,2.2270846749,-4.5162,100546.57,22161.90,122708.47,0,0.0000
2014-05-30,51,5,275.45,224949.67,225225.12,0.00,0.00,100000.00,2516.66,1.1300,2.2522512327,-3.4372,100546.57,24678.55,125225.12,0,0.0000
2014-06-02,51,5,275.45,232509.73,232785.18,0.00,0.00,100000.00,7560.06,3.3567,2.3278518075,-0.1960,100546.57,32238.61,132785.18,0,0.0000
2014-06-03,51,5,275.45,234750.63,235026.09,0.00,0.00,100000.00,2240.91,0.9626,2.3502608676,0.0000,100546.57,34479.52,135026.09,0,0.0000
2014-06-04,51,5,275.45,237649.62,237925.07,0.00,0.00,100000.00,2898.98,1.2335,2.3792507034,0.0000,100546.57,37378.50,137925.07,0,0.0000
2014-06-05,51,5,275.45,242479.65,242755.11,0.00,0.00,100000.00,4830.04,2.0301,2.4275510660,0.0000,100546.57,42208.54,142755.11,0,0.0000
2014-06-06,51,5,275.45,244706.64,244982.10,0.00,0.00,100000.00,2226.99,0.9174,2.4498209675,0.0000,100546.57,44435.53,144982.10,0,0.0000
2014-06-09,51,5,275.45,253654.07,253929.52,0.00,0.00,100000.00,8947.42,3.6523,2.5392951981,0.0000,100546.57,53382.95,153929.52,0,0.0000
2014-06-10,51,5,275.45,252956.51,253231.97,0.00,0.00,100000.00,-697.55,-0.2747,2.5323196565,-0.2747,100546.57,52685.40,153231.97,0,0.0000
2014-06-11,51,5,275.45,252313.83,252589.29,0.00,0.00,100000.00,-642.68,-0.2538,2.5258928544,-0.5278,100546.57,52042.72,152589.29,0,0.0000
2014-06-12,51,5,275.45,253126.75,253402.20,0.00,0.00,100000.00,812.91,0.3218,2.5340219834,-0.2077,100546.57,52855.63,153402.20,0,0.0000
2014-06-13,51,5,275.45,240975.97,241251.43,0.00,0.00,100000.00,-12150.77,-4.7951,2.4125142607,-4.9928,100546.57,40704.86,141251.43,0,0.0000
2014-06-16,51,5,275.45,243201.07,243476.52,0.00,0.00,100000.00,2225.09,0.9223,2.4347651908,-4.1165,100546.57,42929.95,143476.52,0,0.0000
2014-06-17,51,5,275.45,249866.03,250141.49,0.00,0.00,100000.00,6664.97,2.7374,2.5014148700,-1.4918,100546.57,49594.92,150141.49,0,0.0000
2014-06-18,51,5,275.45,246559.65,246835.10,0.00,0.00,100000.00,-3306.39,-1.3218,2.4683510085,-2.7939,100546.57,46288.53,146835.10,0,0.0000
2014-06-19,51,5,275.45,241124.41,241399.86,0.00,0.00,100000.00,-5435.24,-2.2020,2.4139986324,-4.9343,100546.57,40853.29,141399.86,0,0.0000
2014-06-20,51,5,275.45,240516.12,240791.58,0.00,0.00,100000.00,-608.29,-0.2520,2.4079157575,-5.1739,100546.57,40245.01,140791.58,0,0.0000
2014-06-23,51,5,275.45,241918.68,242194.14,0.00,0.00,100000.00,1402.56,0.5825,2.4219413660,-4.6215,100546.57,41647.57,142194.14,0,0.0000
2014-06-24,51,5,275.45,252205.58,252481.03,0.00,0.00,100000.00,10286.89,4.2474,2.5248102983,-0.5704,100546.57,51934.46,152481.03,0,0.0000
2014-06-25,51,5,275.45,252012.38,252287.84,0.00,0.00,100000.00,-193.19,-0.0765,2.5228783596,-0.6465,100546.57,51741.27,152287.84,0,0.0000
2014-06-26,52,5,153.84,248956.22,249110.07,0.00,0.00,100000.00,-3177.77,-1.2596,2.4911006992,-1.8979,117797.35,31312.72,149110.07,0,0.0000
2014-06-27,52,5,153.84,251898.25,252052.09,0.00,0.00,100000.00,2942.02,1.1810,2.5205209367,-0.7393,117797.35,34254.75,152052.09,0,0.0000
2014-06-30,52,5,153.84,254327.25,254481.10,0.00,0.00,100000.00,2429.00,0.9637,2.5448109548,0.0000,117797.35,36683.75,154481.10,0,0.0000
2014-07-01,52,5,153.84,255566.90,255720.74,0.00,0.00,100000.00,1239.65,0.4871,2.5572074160,0.0000,117797.35,37923.39,155720.74,0,0.0000
2014-07-02,52,5,153.84,258772.17,258926.01,0.00,0.00,100000.00,3205.27,1.2534,2.5892601375,0.0000,117797.35,41128.67,158926.01,0,0.0000
2014-07-03,52,5,153.84,259716.00,259869.85,0.00,0.00,100000.00,943.83,0.3645,2.5986984838,0.0000,117797.35,42072.50,159869.85,0,0.0000
2014-07-04,52,5,153.84,260595.76,260749.61,0.00,0.00,100000.00,879.76,0.3385,2.6074960665,0.0000,117797.35,42952.26,160749.61,0,0.0000
2014-07-07,52,5,153.84,260606.33,260760.18,0.00,0.00,100000.00,10.57,0.0041,2.6076017694,0.0000,117797.35,42962.83,160760.18,0,0.0000
2014-07-08,52,5,153.84,249978.92,250132.76,0.00,0.00,100000.00,-10627.42,-4.0756,2.5013276000,-4.0756,117797.35,32335.41,150132.76,0,0.0000
2014-07-09,52,5,153.84,244453.41,244607.26,0.00,0.00,100000.00,-5525.50,-2.2090,2.4460725934,-6.1945,117797.35,26809.91,144607.26,0,0.0000
2014-07-10,52,5,153.84,247305.98,247459.82,0.00,0.00,100000.00,2852.56,1.1662,2.4745982112,-5.1006,117797.35,29662.47,147459.82,0,0.0000
2014-07-11,52,5,153.84,239594.72,239748.56,0.00,0.00,100000.00,-7711.26,-3.1162,2.3974856492,-8.0578,117797.35,21951.22,139748.56,0,0.0000
2014-07-14,52,5,153.84,235652.55,235806.39,0.00,0.00,100000.00,-3942.17,-1.6443,2.3580639144,-9.5696,117797.35,18009.04,135806.39,0,0.0000
2014-07-15,52,5,153.84,240740.76,240894.60,0.00,0.00,100000.00,5088.21,2.1578,2.4089460235,-7.6183,117797.35,23097.25,140894.60,0,0.0000
2014-07-16,52,5,153.84,247999.08,248152.92,0.00,0.00,100000.00,7258.32,3.0131,2.4815292231,-4.8348,117797.35,30355.57,148152.92,0,0.0000
2014-07-17,52,5,153.84,253625.19,253779.04,0.00,0.00,100000.00,5626.12,2.2672,2.5377903754,-2.6772,117797.35,35981.69,153779.04,0,0.0000
2014-07-18,52,5,153.84,258057.29,258211.14,0.00,0.00,100000.00,4432.10,1.7464,2.5821113642,-0.9775,117797.35,40413.79,158211.14,0,0.0000
2014-07-21,52,5,153.84,258410.78,258564.63,0.00,0.00,100000.00,353.49,0.1369,2.5856462601,-0.8420,117797.35,40767.28,158564.63,0,0.0000
2014-07-22,52,5,153.84,256424.99,256578.83,0.00,0.00,100000.00,-1985.79,-0.7680,2.5657883339,-1.6035,117797.35,38781.49,156578.83,0,0.0000
2014-07-23,52,5,153.84,254520.16,254674.00,0.00,0.00,100000.00,-1904.83,-0.7424,2.5467400457,-2.3340,117797.35,36876.66,154674.00,0,0.0000
2014-07-24,53,5,477.44,254670.98,255148.42,0.00,0.00,100000.00,474.41,0.1863,2.5514841845,-2.1521,114223.97,40924.45,155148.42,0,0.0000
2014-07-25,53,5,477.44,251645.74,252123.17,0.00,0.00,100000.00,-3025.25,-1.1857,2.5212317307,-3.3122,114223.97,37899.21,152123.17,0,0.0000
2014-07-28,53,5,477.44,249809.94,250287.38,0.00,0.00,100000.00,-1835.80,-0.7281,2.5028737540,-4.0163,114223.97,36063.41,150287.38,0,0.0000
2014-07-30,53,5,477.44,249974.96,250452.40,0.00,0.00,100000.00,165.02,0.0659,2.5045239510,-3.9530,114223.97,36228.43,150452.40,0,0.0000
2014-07-31,53,5,477.44,251400.49,251877.92,0.00,0.00,100000.00,1425.53,0.5692,2.5187792364,-3.4063,114223.97,37653.96,151877.92,0,0.0000
2014-08-01,53,5,477.44,250611.97,251089.41,0.00,0.00,100000.00,-788.52,-0.3131,2.5108940760,-3.7087,114223.97,36865.44,151089.41,0,0.0000
2014-08-04,53,5,477.44,256898.23,257375.67,0.00,0.00,100000.00,6286.26,2.5036,2.5737566677,-1.2979,114223.97,43151.70,157375.67,0,0.0000
2014-08-05,53,5,477.44,260838.10,261315.54,0.00,0.00,100000.00,3939.88,1.5308,2.6131554210,0.0000,114223.97,47091.58,161315.54,0,0.0000
2014-08-06,53,5,477.44,258885.42,259362.86,0.00,0.00,100000.00,-1952.68,-0.7472,2.5936286278,-0.7472,114223.97,45138.90,159362.86,0,0.0000
2014-08-07,53,5,477.44,261466.76,261944.20,0.00,0.00,100000.00,2581.34,0.9953,2.6194419995,0.0000,114223.97,47720.23,161944.20,0,0.0000
2014-08-08,53,5,477.44,251375.07,251852.50,0.00,0.00,100000.00,-10091.70,-3.8526,2.5185250395,-3.8526,114223.97,37628.54,151852.50,0,0.0000
2014-08-11,53,5,477.44,254878.94,255356.37,0.00,0.00,100000.00,3503.87,1.3912,2.5535637398,-2.5150,114223.97,41132.41,155356.37,0,0.0000
2014-08-12,53,5,477.44,260998.33,261475.77,0.00,0.00,100000.00,6119.40,2.3964,2.6147577118,-0.1788,114223.97,47251.80,161475.77,0,0.0000
2014-08-13,53,5,477.44,256465.49,256942.93,0.00,0.00,100000.00,-4532.84,-1.7336,2.5694292696,-1.9093,114223.97,42718.96,156942.93,0,0.0000
2014-08-14,53,5,477.44,258474.60,258952.03,0.00,0.00,100000.00,2009.11,0.7819,2.5895203421,-1.1423,114223.97,44728.07,158952.03,0,0.0000
2014-08-18,53,5,477.44,262226.48,262703.92,0.00,0.00,100000.00,3751.88,1.4489,2.6270391625,0.0000,114223.97,48479.95,162703.92,0,0.0000
2014-08-19,53,5,477.44,262569.18,263046.61,0.00,0.00,100000.00,342.70,0.1304,2.6304661326,0.0000,114223.97,48822.65,163046.61,0,0.0000
2014-08-20,53,5,477.44,263634.50,264111.94,0.00,0.00,100000.00,1065.32,0.4050,2.6411193683,0.0000,114223.97,49887.97,164111.94,0,0.0000
2014-08-21,53,5,477.44,263394.28,263871.71,0.00,0.00,100000.00,-240.22,-0.0910,2.6387171325,-0.0910,114223.97,49647.75,163871.71,0,0.0000
2014-08-22,53,5,477.44,263166.62,263644.06,0.00,0.00,100000.00,-227.66,-0.0863,2.6364405821,-0.1772,114223.97,49420.09,163644.06,0,0.0000
2014-08-25,54,5,321.85,268532.51,268854.36,0.00,0.00,100000.00,5210.30,1.9763,2.6885435649,0.0000,144347.10,24507.26,168854.36,0,0.0000
2014-08-26,54,5,321.85,264921.86,265243.71,0.00,0.00,100000.00,-3610.65,-1.3430,2.6524370792,-1.3430,144347.10,20896.61,165243.71,0,0.0000
2014-08-27,54,5,321.85,269773.59,270095.43,0.00,0.00,100000.00,4851.73,1.8292,2.7009543458,0.0000,144347.10,25748.34,170095.43,0,0.0000
2014-08-28,54,5,321.85,268613.35,268935.20,0.00,0.00,100000.00,-1160.23,-0.4296,2.6893520123,-0.4296,144347.10,24588.10,168935.20,0,0.0000
2014-09-01,54,5,321.85,270738.77,271060.62,0.00,0.00,100000.00,2125.42,0.7903,2.7106061761,0.0000,144347.10,26713.52,171060.62,0,0.0000
2014-09-02,54,5,321.85,269746.73,270068.58,0.00,0.00,100000.00,-992.04,-0.3660,2.7006858001,-0.3660,144347.10,25721.48,170068.58,0,0.0000
2014-09-03,54,5,321.85,277542.04,277863.89,0.00,0.00,100000.00,7795.31,2.8864,2.7786388595,0.0000,144347.10,33516.79,177863.89,0,0.0000
2014-09-04,54,5,321.85,275180.15,275502.00,0.00,0.00,100000.00,-2361.89,-0.8500,2.7550199648,-0.8500,144347.10,31154.90,175502.00,0,0.0000
2014-09-05,54,5,321.85,280626.60,280948.44,0.00,0.00,100000.00,5446.45,1.9769,2.8094844493,0.0000,144347.10,36601.35,180948.44,0,0.0000
2014-09-08,54,5,321.85,285723.12,286044.97,0.00,0.00,100000.00,5096.52,1.8140,2.8604496871,0.0000,144347.10,41697.87,186044.97,0,0.0000
2014-09-09,54,5,321.85,286188.61,286510.46,0.00,0.00,100000.00,465.49,0.1627,2.8651045834,0.0000,144347.10,42163.36,186510.46,0,0.0000
2014-09-10,54,5,321.85,289917.93,290239.77,0.00,0.00,100000.00,3729.31,1.3016,2.9023977290,0.0000,144347.10,45892.67,190239.77,0,0.0000
2014-09-11,54,5,321.85,300795.59,301117.43,0.00,0.00,100000.00,10877.66,3.7478,3.0111743304,0.0000,144347.10,56770.34,201117.43,0,0.0000
2014-09-12,54,5,321.85,300449.73,300771.58,0.00,0.00,100000.00,-345.85,-0.1149,3.0077157826,-0.1149,144347.10,56424.48,200771.58,0,0.0000
2014-09-15,54,5,321.85,297411.72,297733.56,0.00,0.00,100000.00,-3038.02,-1.0101,2.9773356325,-1.1238,144347.10,53386.47,197733.56,0,0.0000
2014-09-16,54,5,321.85,283395.77,283717.62,0.00,0.00,100000.00,-14015.95,-4.7075,2.8371761669,-5.7784,144347.10,39370.52,183717.62,0,0.0000
2014-09-17,54,5,321.85,280082.72,280404.57,0.00,0.00,100000.00,-3313.05,-1.1677,2.8040456986,-6.8787,144347.10,36057.47,180404.57,0,0.0000
2014-09-18,54,5,321.85,286135.19,286457.04,0.00,0.00,100000.00,6052.47,2.1585,2.8645704052,-4.8687,144347.10,42109.94,186457.04,0,0.0000
2014-09-19,54,5,321.85,286827.25,287149.10,0.00,0.00,100000.00,692.06,0.2416,2.8714909871,-4.6388,144347.10,42802.00,187149.10,0,0.0000
2014-09-22,54,5,321.85,286134.65,286456.50,0.00,0.00,100000.00,-692.60,-0.2412,2.8645650126,-4.8688,144347.10,42109.40,186456.50,0,0.0000
2014-09-23,55,5,307.57,281484.02,281791.59,0.00,0.00,100000.00,-4664.91,-1.6285,2.8179158805,-6.4180,160346.80,21444.79,181791.59,0,0.0000
2014-09-24,55,5,307.57,277929.03,278236.60,0.00,0.00,100000.00,-3554.99,-1.2616,2.7823660099,-7.5986,160346.80,17889.80,178236.60,0,0.0000
2014-09-25,55,5,307.57,272153.39,272460.96,0.00,0.00,100000.00,-5775.64,-2.0758,2.7246095893,-9.5167,160346.80,12114.16,172460.96,0,0.0000
2014-09-26,55,5,307.57,274917.73,275225.30,0.00,0.00,100000.00,2764.34,1.0146,2.7522529634,-8.5987,160346.80,14878.49,175225.30,0,0.0000
2014-09-29,55,5,307.57,277328.43,277636.00,0.00,0.00,100000.00,2410.71,0.8759,2.7763600346,-7.7981,160346.80,17289.20,177636.00,0,0.0000
2014-09-30,55,5,307.57,280895.97,281203.54,0.00,0.00,100000.00,3567.54,1.2850,2.8120353847,-6.6133,160346.80,20856.74,181203.54,0,0.0000
2014-10-01,55,5,307.57,277614.84,277922.41,0.00,0.00,100000.00,-3281.13,-1.1668,2.7792241156,-7.7030,160346.80,17575.61,177922.41,0,0.0000
2014-10-07,55,5,307.57,271476.86,271784.43,0.00,0.00,100000.00,-6137.98,-2.2085,2.7178443300,-9.7414,160346.80,11437.63,171784.43,0,0.0000
2014-10-08,55,5,307.57,272168.26,272475.83,0.00,0.00,100000.00,691.40,0.2544,2.7247582948,-9.5118,160346.80,12129.03,172475.83,0,0.0000
2014-10-09,55,5,307.57,274439.42,274746.99,0.00,0.00,100000.00,2271.16,0.8335,2.7474698717,-8.7575,160346.80,14400.19,174746.99,0,0.0000
2014-10-10,55,5,307.57,269868.45,270176.02,0.00,0.00,100000.00,-4570.97,-1.6637,2.7017601847,-10.2755,160346.80,9829.22,170176.02,0,0.0000
2014-10-13,55,5,307.57,272142.89,272450.46,0.00,0.00,100000.00,2274.45,0.8418,2.7245046431,-9.5202,160346.80,12103.66,172450.46,0,0.0000
2014-10-14,55,5,307.57,270435.31,270742.89,0.00,0.00,100000.00,-1707.58,-0.6267,2.7074288527,-10.0873,160346.80,10396.08,170742.89,0,0.0000
2014-10-15,55,5,307.57,270435.31,270742.89,0.00,0.00,100000.00,0.00,0.0000,2.7074288527,-10.0873,160346.80,10396.08,170742.89,0,0.0000
2014-10-16,55,5,307.57,261246.18,261553.75,0.00,0.00,100000.00,-9189.14,-3.3940,2.6155374646,-13.1390,160346.80,1206.94,161553.75,0,0.0000
2014-10-17,55,5,307.57,265627.19,265934.76,0.00,0.00,100000.00,4381.02,1.6750,2.6593476310,-11.6840,160346.80,5587.96,165934.76,0,0.0000
2014-10-20,55,5,307.57,269518.17,269825.75,0.00,0.00,100000.00,3890.98,1.4631,2.6982574593,-10.3919,160346.80,9478.94,169825.75,0,0.0000
2014-10-21,55,5,307.57,272279.66,272587.23,0.00,0.00,100000.00,2761.48,1.0234,2.7258723044,-9.4748,160346.80,12240.43,172587.23,0,0.0000
2014-10-22,55,5,307.57,272436.81,272744.38,0.00,0.00,100000.00,157.15,0.0576,2.7274437654,-9.4226,160346.80,12397.58,172744.38,0,0.0000
2014-10-27,55,5,307.57,273210.01,273517.58,0.00,0.00,100000.00,773.21,0.2835,2.7351758437,-9.1658,160346.80,13170.78,173517.58,0,0.0000
2014-10-28,56,5,1851.45,272241.05,274092.49,0.00,0.00,100000.00,574.91,0.2102,2.7409249229,-8.9749,172273.76,1818.73,174092.49,0,0.0000
2014-10-29,56,5,1851.45,270878.14,272729.58,0.00,0.00,100000.00,-1362.91,-0.4972,2.7272958486,-9.4275,172273.76,455.82,172729.58,0,0.0000
2014-10-30,56,5,1851.45,272093.06,273944.50,0.00,0.00,100000.00,1214.92,0.4455,2.7394450297,-9.0240,172273.76,1670.74,173944.50,0,0.0000
2014-10-31,56,5,1851.45,277387.27,279238.72,0.00,0.00,100000.00,5294.21,1.9326,2.7923871662,-7.2658,172273.76,6964.95,179238.72,0,0.0000
2014-11-03,56,5,1851.45,279454.91,281306.36,0.00,0.00,100000.00,2067.64,0.7405,2.8130635653,-6.5792,172273.76,9032.59,181306.36,0,0.0000
2014-11-05,56,5,1851.45,277940.53,279791.98,0.00,0.00,100000.00,-1514.38,-0.5383,2.7979197697,-7.0821,172273.76,7518.21,179791.98,0,0.0000
2014-11-07,56,5,1851.45,281633.14,283484.58,0.00,0.00,100000.00,3692.61,1.3198,2.8348458276,-5.8558,172273.76,11210.82,183484.58,0,0.0000
2014-11-10,56,5,1851.45,284249.07,286100.52,0.00,0.00,100000.00,2615.93,0.9228,2.8610051679,-4.9871,172273.76,13826.75,186100.52,0,0.0000
2014-11-11,56,5,1851.45,283390.91,285242.36,0.00,0.00,100000.00,-858.16,-0.2999,2.8524235973,-5.2721,172273.76,12968.60,185242.36,0,0.0000
2014-11-12,56,5,1851.45,281712.77,283564.21,0.00,0.00,100000.00,-1678.15,-0.5883,2.8356421192,-5.8294,172273.76,11290.45,183564.21,0,0.0000
2014-11-13,56,5,1851.45,278880.12,280731.56,0.00,0.00,100000.00,-2832.65,-0.9989,2.8073156428,-6.7701,172273.76,8457.80,180731.56,0,0.0000
2014-11-14,56,5,1851.45,281061.08,282912.53,0.00,0.00,100000.00,2180.97,0.7769,2.8291252989,-6.0458,172273.76,10638.77,182912.53,0,0.0000
2014-11-17,56,5,1851.45,283096.35,284947.79,0.00,0.00,100000.00,2035.26,0.7194,2.8494779315,-5.3699,172273.76,12674.03,184947.79,0,0.0000
2014-11-18,56,5,1851.45,282450.29,284301.73,0.00,0.00,100000.00,-646.06,-0.2267,2.8430173271,-5.5844,172273.76,12027.97,184301.73,0,0.0000
2014-11-19,56,5,1851.45,284271.61,286123.06,0.00,0.00,100000.00,1821.33,0.6406,2.8612305880,-4.9796,172273.76,13849.29,186123.06,0,0.0000
2014-11-20,56,5,1851.45,287466.53,289317.98,0.00,0.00,100000.00,3194.92,1.1166,2.8931797793,-3.9186,172273.76,17044.21,189317.98,0,0.0000
2014-11-21,56,5,1851.45,290287.32,292138.76,0.00,0.00,100000.00,2820.79,0.9750,2.9213876447,-2.9818,172273.76,19865.00,192138.76,0,0.0000
2014-11-24,56,5,1851.45,289802.85,291654.29,0.00,0.00,100000.00,-484.47,-0.1658,2.9165429083,-3.1427,172273.76,19380.53,191654.29,0,0.0000
2014-11-25,56,5,1851.45,286480.37,288331.82,0.00,0.00,100000.00,-3322.47,-1.1392,2.8833181796,-4.2461,172273.76,16058.05,188331.82,0,0.0000
2014-11-26,56,5,1851.45,287328.38,289179.83,0.00,0.00,100000.00,848.01,0.2941,2.8917982919,-3.9644,172273.76,16906.07,189179.83,0,0.0000
2014-11-27,57,5,488.57,291326.85,291815.42,0.00,0.00,100000.00,2635.59,0.9114,2.9181541745,-3.0892,181626.92,10188.50,191815.42,0,0.0000
2014-11-28,57,5,488.57,298213.68,298702.25,0.00,0.00,100000.00,6886.83,2.3600,2.9870224647,-0.8021,181626.92,17075.33,198702.25,0,0.0000
2014-12-01,57,5,488.57,300974.19,301462.75,0.00,0.00,100000.00,2760.50,0.9242,3.0146275145,0.0000,181626.92,19835.83,201462.75,0,0.0000
2014-12-02,57,5,488.57,302670.23,303158.79,0.00,0.00,100000.00,1696.04,0.5626,3.0315879281,0.0000,181626.92,21531.88,203158.79,0,0.0000
2014-12-03,57,5,488.57,304479.89,304968.46,0.00,0.00,100000.00,1809.67,0.5969,3.0496846002,0.0000,181626.92,23341.54,204968.46,0,0.0000
2014-12-04,57,5,488.57,305817.51,306306.07,0.00,0.00,100000.00,1337.61,0.4386,3.0630607421,0.0000,181626.92,24679.16,206306.07,0,0.0000
2014-12-05,57,5,488.57,300596.08,301084.65,0.00,0.00,100000.00,-5221.43,-1.7046,3.0108464803,-1.7046,181626.92,19457.73,201084.65,0,0.0000
2014-12-08,57,5,488.57,299100.50,299589.07,0.00,0.00,100000.00,-1495.58,-0.4967,2.9958906625,-2.1929,181626.92,17962.15,199589.07,0,0.0000
2014-12-09,57,5,488.57,294245.31,294733.88,0.00,0.00,100000.00,-4855.19,-1.6206,2.9473387599,-3.7780,181626.92,13106.96,194733.88,0,0.0000
2014-12-10,57,5,488.57,293234.22,293722.78,0.00,0.00,100000.00,-1011.09,-0.3431,2.9372278208,-4.1081,181626.92,12095.86,193722.78,0,0.0000
2014-12-11,57,5,488.57,290657.26,291145.82,0.00,0.00,100000.00,-2576.96,-0.8773,2.9114582288,-4.9494,181626.92,9518.91,191145.82,0,0.0000
2014-12-12,57,5,488.57,290779.42,291267.99,0.00,0.00,100000.00,122.17,0.0420,2.9126798829,-4.9095,181626.92,9641.07,191267.99,0,0.0000
2014-12-15,57,5,488.57,286444.57,286933.13,0.00,0.00,100000.00,-4334.86,-1.4883,2.8693313107,-6.3247,181626.92,5306.21,186933.13,0,0.0000
2014-12-16,57,5,488.57,281155.97,281644.53,0.00,0.00,100000.00,-5288.60,-1.8431,2.8164453065,-8.0513,181626.92,17.61,181644.53,0,0.0000
2014-12-17,57,5,488.57,278531.32,279019.89,0.00,0.00,100000.00,-2624.64,-0.9319,2.7901988756,-8.9081,181626.92,-2607.03,179019.89,0,0.0000
2014-12-18,57,5,488.57,289638.93,290127.49,0.00,0.00,100000.00,11107.60,3.9809,2.9012749037,-5.2818,181626.92,8500.57,190127.49,0,0.0000
2014-12-19,57,5,488.57,292273.35,292761.91,0.00,0.00,100000.00,2634.42,0.9080,2.9276191460,-4.4218,181626.92,11135.00,192761.91,0,0.0000
2014-12-22,57,5,488.57,293344.68,293833.24,0.00,0.00,100000.00,1071.33,0.3659,2.9383324202,-4.0720,181626.92,12206.32,193833.24,0,0.0000
2014-12-23,57,5,488.57,290476.62,290965.19,0.00,0.00,100000.00,-2868.06,-0.9761,2.9096518614,-5.0084,181626.92,9338.27,190965.19,0,0.0000
2014-12-24,57,5,488.57,288884.38,289372.95,0.00,0.00,100000.00,-1592.24,-0.5472,2.8937294935,-5.5282,181626.92,7746.03,189372.95,0,0.0000
2014-12-26,58,5,4410.18,286632.75,291042.93,0.00,0.00,100000.00,1669.98,0.5771,2.9104292902,-4.9830,179765.05,11277.88,191042.93,0,0.0000
2014-12-29,58,5,4410.18,286018.79,290428.96,0.00,0.00,100000.00,-613.97,-0.2110,2.9042896158,-5.1834,179765.05,10663.91,190428.96,0,0.0000
2014-12-30,58,5,4410.18,288469.21,292879.39,0.00,0.00,100000.00,2450.43,0.8437,2.9287939003,-4.3834,179765.05,13114.34,192879.39,0,0.0000
2014-12-31,58,5,4410.18,292323.25,296733.42,0.00,0.00,100000.00,3854.03,1.3159,2.9673342362,-3.1252,179765.05,16968.37,196733.42,0,0.0000
2015-01-01,58,5,4410.18,295251.97,299662.15,0.00,0.00,100000.00,2928.73,0.9870,2.9966215139,-2.1690,179765.05,19897.10,199662.15,0,0.0000
2015-01-02,58,5,4410.18,293965.32,298375.50,0.00,0.00,100000.00,-1286.65,-0.4294,2.9837549824,-2.5891,179765.05,18610.45,198375.50,0,0.0000
2015-01-05,58,5,4410.18,291368.88,295779.06,0.00,0.00,100000.00,-2596.44,-0.8702,2.9577905759,-3.4368,179765.05,16014.01,195779.06,0,0.0000
2015-01-06,58,5,4410.18,284583.36,288993.53,0.00,0.00,100000.00,-6785.52,-2.2941,2.8899353350,-5.6520,179765.05,9228.48,188993.53,0,0.0000
2015-01-07,58,5,4410.18,294462.48,298872.65,0.00,0.00,100000.00,9879.12,3.4185,2.9887265203,-2.4268,179765.05,19107.60,198872.65,0,0.0000
2015-01-08,58,5,4410.18,292867.15,297277.33,0.00,0.00,100000.00,-1595.32,-0.5338,2.9727732902,-2.9476,179765.05,17512.28,197277.33,0,0.0000
2015-01-09,58,5,4410.18,294467.51,298877.69,0.00,0.00,100000.00,1600.36,0.5383,2.9887768534,-2.4252,179765.05,19112.64,198877.69,0,0.0000
2015-01-12,58,5,4410.18,295173.96,299584.14,0.00,0.00,100000.00,706.45,0.2364,2.9958413949,-2.1945,179765.05,19819.09,199584.14,0,0.0000
2015-01-13,58,5,4410.18,296298.87,300709.05,0.00,0.00,100000.00,1124.91,0.3755,3.0070904688,-1.8273,179765.05,20944.00,200709.05,0,0.0000
2015-01-14,58,5,4410.18,299976.90,304387.08,0.00,0.00,100000.00,3678.03,1.2231,3.0438708122,-0.6265,179765.05,24622.03,204387.08,0,0.0000
2015-01-15,58,5,4410.18,301822.59,306232.76,0.00,0.00,100000.00,1845.68,0.6064,3.0623276435,-0.0239,179765.05,26467.71,206232.76,0,0.0000
2015-01-16,58,5,4410.18,308999.22,313409.40,0.00,0.00,100000.00,7176.63,2.3435,3.1340939675,0.0000,179765.05,33644.35,213409.40,0,0.0000
2015-01-19,58,5,4410.18,308957.92,313368.10,0.00,0.00,100000.00,-41.30,-0.0132,3.1336809729,-0.0132,179765.05,33603.05,213368.10,0,0.0000
2015-01-20,58,5,4410.18,306665.96,311076.13,0.00,0.00,100000.00,-2291.96,-0.7314,3.1107613452,-0.7445,179765.05,31311.09,211076.13,0,0.0000
2015-01-21,58,5,4410.18,305122.67,309532.85,0.00,0.00,100000.00,-1543.29,-0.4961,3.0953284574,-1.2369,179765.05,29767.80,209532.85,0,0.0000
2015-01-22,58,5,4410.18,307384.59,311794.76,0.00,0.00,100000.00,2261.92,0.7308,3.1179476192,-0.5152,179765.05,32029.71,211794.76,0,0.0000
2015-01-23,59,5,11721.97,299015.00,310736.98,0.00,0.00,100000.00,-1057.78,-0.3393,3.1073697910,-0.8527,197143.33,13593.65,210736.98,0,0.0000
2015-01-27,59,5,11721.97,304709.79,316431.76,0.00,0.00,100000.00,5694.78,1.8327,3.1643176046,0.0000,197143.33,19288.44,216431.76,0,0.0000
2015-01-28,59,5,11721.97,303318.65,315040.63,0.00,0.00,100000.00,-1391.13,-0.4396,3.1504062792,-0.4396,197143.33,17897.30,215040.63,0,0.0000
2015-01-29,59,5,11721.97,304758.91,316480.88,0.00,0.00,100000.00,1440.25,0.4572,3.1648088182,0.0000,197143.33,19337.56,216480.88,0,0.0000
2015-01-30,59,5,11721.97,304424.83,316146.80,0.00,0.00,100000.00,-334.08,-0.1056,3.1614680117,-0.1056,197143.33,19003.48,216146.80,0,0.0000
2015-02-02,59,5,11721.97,309007.37,320729.34,0.00,0.00,100000.00,4582.54,1.4495,3.2072934463,0.0000,197143.33,23586.02,220729.34,0,0.0000
2015-02-03,59,5,11721.97,308503.48,320225.46,0.00,0.00,100000.00,-503.89,-0.1571,3.2022545827,-0.1571,197143.33,23082.13,220225.46,0,0.0000
2015-02-04,59,5,11721.97,306857.79,318579.76,0.00,0.00,100000.00,-1645.69,-0.5139,3.1857976412,-0.6702,197143.33,21436.44,218579.76,0,0.0000
2015-02-05,59,5,11721.97,304891.02,316613.00,0.00,0.00,100000.00,-1966.77,-0.6174,3.1661299856,-1.2834,197143.33,19469.67,216613.00,0,0.0000
2015-02-06,59,5,11721.97,300443.35,312165.32,0.00,0.00,100000.00,-4447.67,-1.4048,3.1216532378,-2.6702,197143.33,15022.00,212165.32,0,0.0000
2015-02-09,59,5,11721.97,295744.98,307466.96,0.00,0.00,100000.00,-4698.37,-1.5051,3.0746695766,-4.1351,197143.33,10323.63,207466.96,0,0.0000
2015-02-10,59,5,11721.97,296915.00,308636.97,0.00,0.00,100000.00,1170.01,0.3805,3.0863696992,-3.7703,197143.33,11493.64,208636.97,0,0.0000
2015-02-11,59,5,11721.97,303908.23,315630.20,0.00,0.00,100000.00,6993.23,2.2658,3.1563020418,-1.5899,197143.33,18486.88,215630.20,0,0.0000
2015-02-12,59,5,11721.97,304606.20,316328.17,0.00,0.00,100000.00,697.97,0.2211,3.1632817462,-1.3722,197143.33,19184.85,216328.17,0,0.0000
2015-02-13,59,5,11721.97,305053.72,316775.69,0.00,0.00,100000.00,447.52,0.1415,3.1677569199,-1.2327,197143.33,19632.37,216775.69,0,0.0000
2015-02-16,59,5,11721.97,306587.16,318309.14,0.00,0.00,100000.00,1533.45,0.4841,3.1830913934,-0.7546,197143.33,21165.81,218309.14,0,0.0000
2015-02-18,59,5,11721.97,311920.53,323642.51,0.00,0.00,100000.00,5333.37,1.6755,3.2364250758,0.0000,197143.33,26499.18,223642.51,0,0.0000
2015-02-19,59,5,11721.97,310925.12,322647.09,0.00,0.00,100000.00,-995.42,-0.3076,3.2264708998,-0.3076,197143.33,25503.76,222647.09,0,0.0000
2015-02-20,59,5,11721.97,309013.62,320735.60,0.00,0.00,100000.00,-1911.49,-0.5924,3.2073559906,-0.8982,197143.33,23592.27,220735.60,0,0.0000
2015-02-23,59,5,11721.97,305541.61,317263.59,0.00,0.00,100000.00,-3472.01,-1.0825,3.1726358887,-1.9710,197143.33,20120.26,217263.59,0,0.0000
2015-02-24,60,5,831.52,316495.38,317326.90,0.00,0.00,100000.00,63.31,0.0200,3.1732690340,-1.9514,206738.22,10588.69,217326.90,0,0.0000
2015-02-25,60,5,831.52,316340.90,317172.42,0.00,0.00,100000.00,-154.49,-0.0487,3.1717241717,-1.9991,206738.22,10434.20,217172.42,0,0.0000
2015-02-26,60,5,831.52,315909.04,316740.57,0.00,0.00,100000.00,-431.85,-0.1362,3.1674056617,-2.1326,206738.22,10002.35,216740.57,0,0.0000
2015-02-27,60,5,831.52,323049.49,323881.01,0.00,0.00,100000.00,7140.44,2.2544,3.2388100982,0.0000,206738.22,17142.79,223881.01,0,0.0000
2015-02-28,60,5,831.52,323049.49,323881.01,0.00,0.00,100000.00,0.00,0.0000,3.2388100982,0.0000,206738.22,17142.79,223881.01,0,0.0000
2015-03-02,60,5,831.52,330739.54,331571.07,0.00,0.00,100000.00,7690.06,2.3743,3.3157106551,0.0000,206738.22,24832.85,231571.07,0,0.0000
2015-03-03,60,5,831.52,343856.67,344688.19,0.00,0.00,100000.00,13117.13,3.9561,3.4468819246,0.0000,206738.22,37949.98,244688.19,0,0.0000
2015-03-04,60,5,831.52,336377.92,337209.44,0.00,0.00,100000.00,-7478.75,-2.1697,3.3720943818,-2.1697,206738.22,30471.22,237209.44,0,0.0000
2015-03-05,60,5,831.52,345500.10,346331.62,0.00,0.00,100000.00,9122.18,2.7052,3.4633162119,0.0000,206738.22,39593.40,246331.62,0,0.0000
2015-03-09,60,5,831.52,340797.79,341629.31,0.00,0.00,100000.00,-4702.31,-1.3577,3.4162931427,-1.3577,206738.22,34891.10,241629.31,0,0.0000
2015-03-10,60,5,831.52,332442.38,333273.90,0.00,0.00,100000.00,-8355.41,-2.4458,3.3327390121,-3.7703,206738.22,26535.68,233273.90,0,0.0000
2015-03-11,60,5,831.52,326870.14,327701.66,0.00,0.00,100000.00,-5572.24,-1.6720,3.2770165736,-5.3792,206738.22,20963.44,227701.66,0,0.0000
2015-03-12,60,5,831.52,335563.60,336395.12,0.00,0.00,100000.00,8693.46,2.6529,3.3639512003,-2.8691,206738.22,29656.90,236395.12,0,0.0000
2015-03-13,60,5,831.52,329664.09,330495.61,0.00,0.00,100000.00,-5899.51,-1.7537,3.3049560789,-4.5725,206738.22,23757.39,230495.61,0,0.0000
2015-03-16,60,5,831.52,325744.18,326575.71,0.00,0.00,100000.00,-3919.90,-1.1861,3.2657570596,-5.7043,206738.22,19837.49,226575.71,0,0.0000
2015-03-17,60,5,831.52,331447.16,332278.68,0.00,0.00,100000.00,5702.98,1.7463,3.3227868443,-4.0577,206738.22,25540.47,232278.68,0,0.0000
2015-03-18,60,5,831.52,337272.02,338103.54,0.00,0.00,100000.00,5824.85,1.7530,3.3810353930,-2.3758,206738.22,31365.32,238103.54,0,0.0000
2015-03-19,60,5,831.52,334077.85,334909.37,0.00,0.00,100000.00,-3194.17,-0.9447,3.3490937381,-3.2981,206738.22,28171.16,234909.37,0,0.0000
2015-03-20,60,5,831.52,323511.05,324342.57,0.00,0.00,100000.00,-10566.80,-3.1551,3.2434257215,-6.3491,206738.22,17604.36,224342.57,0,0.0000
2015-03-23,60,5,831.52,324702.33,325533.85,0.00,0.00,100000.00,1191.28,0.3673,3.2553384909,-6.0052,206738.22,18795.63,225533.85,0,0.0000
2015-03-24,61,5,2513.78,318682.43,321196.20,0.00,0.00,100000.00,-4337.64,-1.3325,3.2119620434,-7.2576,216491.84,4704.36,221196.20,0,0.0000
2015-03-25,61,5,2513.78,316220.10,318733.88,0.00,0.00,100000.00,-2462.33,-0.7666,3.1873387751,-7.9686,216491.84,2242.03,218733.88,0,0.0000
2015-03-26,61,5,2513.78,313136.11,315649.89,0.00,0.00,100000.00,-3083.99,-0.9676,3.1564989070,-8.8591,216491.84,-841.95,215649.89,0,0.0000
2015-03-27,61,5,2513.78,318658.92,321172.70,0.00,0.00,100000.00,5522.81,1.7497,3.2117269711,-7.2644,216491.84,4680.85,221172.70,0,0.0000
2015-03-30,61,5,2513.78,321102.21,323615.98,0.00,0.00,100000.00,2443.29,0.7607,3.2361598276,-6.5589,216491.84,7124.14,223615.98,0,0.0000
2015-03-31,61,5,2513.78,317427.60,319941.37,0.00,0.00,100000.00,-3674.61,-1.1355,3.1994137409,-7.6199,216491.84,3449.53,219941.37,0,0.0000
2015-04-01,61,5,2513.78,325305.55,327819.33,0.00,0.00,100000.00,7877.95,2.4623,3.2781932824,-5.3453,216491.84,11327.48,227819.33,0,0.0000
2015-04-06,61,5,2513.78,331014.11,333527.88,0.00,0.00,100000.00,5708.55,1.7414,3.3352788275,-3.6970,216491.84,17036.04,233527.88,0,0.0000
2015-04-07,61,5,2513.78,333998.27,336512.04,0.00,0.00,100000.00,2984.16,0.8947,3.3651204208,-2.8353,216491.84,20020.20,236512.04,0,0.0000
2015-04-08,61,5,2513.78,337672.85,340186.63,0.00,0.00,100000.00,3674.59,1.0920,3.4018663041,-1.7743,216491.84,23694.79,240186.63,0,0.0000
2015-04-09,61,5,2513.78,343706.26,346220.03,0.00,0.00,100000.00,6033.40,1.7736,3.4622003392,-0.0322,216491.84,29728.19,246220.03,0,0.0000
2015-04-10,61,5,2513.78,340733.63,343247.41,0.00,0.00,100000.00,-2972.63,-0.8586,3.4324740885,-0.8905,216491.84,26755.56,243247.41,0,0.0000
2015-04-13,61,5,2513.78,339185.19,341698.96,0.00,0.00,100000.00,-1548.45,-0.4511,3.4169896087,-1.3376,216491.84,25207.12,241698.96,0,0.0000
2015-04-15,61,5,2513.78,334396.56,336910.34,0.00,0.00,100000.00,-4788.62,-1.4014,3.3691033604,-2.7203,216491.84,20418.49,236910.34,0,0.0000
2015-04-16,61,5,2513.78,331984.14,334497.92,0.00,0.00,100000.00,-2412.42,-0.7160,3.3449791850,-3.4169,216491.84,18006.07,234497.92,0,0.0000
2015-04-17,61,5,2513.78,324562.04,327075.81,0.00,0.00,100000.00,-7422.11,-2.2189,3.2707581246,-5.5599,216491.84,10583.97,227075.81,0,0.0000
2015-04-20,61,5,2513.78,313751.89,316265.67,0.00,0.00,100000.00,-10810.14,-3.3051,3.1626567030,-8.6813,216491.84,-226.17,216265.67,0,0.0000
2015-04-21,61,5,2513.78,314884.04,317397.82,0.00,0.00,100000.00,1132.15,0.3580,3.1739782015,-8.3544,216491.84,905.98,217397.82,0,0.0000
2015-04-22,61,5,2513.78,314862.57,317376.35,0.00,0.00,100000.00,-21.47,-0.0068,3.1737634885,-8.3606,216491.84,884.50,217376.35,0,0.0000
2015-04-23,61,5,2513.78,309817.50,312331.27,0.00,0.00,100000.00,-5045.07,-1.5896,3.1233127488,-9.8173,216491.84,-4160.57,212331.27,0,0.0000
2015-04-24,62,5,456.01,301376.95,301832.96,0.00,0.00,100000.00,-10498.31,-3.3613,3.0183296306,-12.8486,209601.95,-7768.99,201832.96,0,0.0000
2015-04-27,62,5,456.01,290799.67,291255.68,0.00,0.00,100000.00,-10577.28,-3.5043,2.9125568413,-15.9027,209601.95,-18346.27,191255.68,0,0.0000
2015-04-28,62,5,456.01,305646.10,306102.11,0.00,0.00,100000.00,14846.42,5.0974,3.0610210883,-11.6159,209601.95,-3499.85,206102.11,0,0.0000
2015-04-29,62,5,456.01,309313.84,309769.86,0.00,0.00,100000.00,3667.75,1.1982,3.0976985687,-10.5569,209601.95,167.90,209769.86,0,0.0000
2015-04-30,62,5,456.01,311318.14,311774.15,0.00,0.00,100000.00,2004.30,0.6470,3.1177415226,-9.9781,209601.95,2172.20,211774.15,0,0.0000
2015-05-04,62,5,456.01,326828.69,327284.70,0.00,0.00,100000.00,15510.55,4.9749,3.2728469955,-5.4996,209601.95,17682.75,227284.70,0,0.0000
2015-05-05,62,5,456.01,327428.43,327884.44,0.00,0.00,100000.00,599.74,0.1832,3.2788444390,-5.3264,209601.95,18282.49,227884.44,0,0.0000
2015-05-06,62,5,456.01,311367.20,311823.21,0.00,0.00,100000.00,-16061.23,-4.8984,3.1182321404,-9.9640,209601.95,2221.26,211823.21,0,0.0000
2015-05-07,62,5,456.01,306588.32,307044.33,0.00,0.00,100000.00,-4778.88,-1.5326,3.0704433381,-11.3438,209601.95,-2557.62,207044.33,0,0.0000
2015-05-08,62,5,456.01,318406.03,318862.05,0.00,0.00,100000.00,11817.71,3.8489,3.1886204877,-7.9316,209601.95,9260.09,218862.05,0,0.0000
2015-05-11,62,5,456.01,322216.80,322672.82,0.00,0.00,100000.00,3810.77,1.1951,3.2267281768,-6.8313,209601.95,13070.86,222672.82,0,0.0000
2015-05-12,62,5,456.01,311806.55,312262.56,0.00,0.00,100000.00,-10410.25,-3.2263,3.1226256423,-9.8371,209601.95,2660.61,212262.56,0,0.0000
2015-05-13,62,5,456.01,323269.03,323725.05,0.00,0.00,100000.00,11462.48,3.6708,3.2372504612,-6.5274,209601.95,14123.09,223725.05,0,0.0000
2015-05-14,62,5,456.01,326248.21,326704.23,0.00,0.00,100000.00,2979.18,0.9203,3.2670422711,-5.6672,209601.95,17102.27,226704.23,0,0.0000
2015-05-15,62,5,456.01,329590.20,330046.22,0.00,0.00,100000.00,3341.99,1.0229,3.3004621539,-4.7023,209601.95,20444.26,230046.22,0,0.0000
2015-05-18,62,5,456.01,337039.03,337495.05,0.00,0.00,100000.00,7448.83,2.2569,3.3749504746,-2.5515,209601.95,27893.09,237495.05,0,0.0000
2015-05-19,62,5,456.01,339179.69,339635.71,0.00,0.00,100000.00,2140.66,0.6343,3.3963570656,-1.9334,209601.95,30033.75,239635.71,0,0.0000
2015-05-20,62,5,456.01,337673.93,338129.95,0.00,0.00,100000.00,-1505.76,-0.4433,3.3812994552,-2.3682,209601.95,28527.99,238129.95,0,0.0000
2015-05-21,62,5,456.01,340905.80,341361.82,0.00,0.00,100000.00,3231.87,0.9558,3.4136181749,-1.4350,209601.95,31759.86,241361.82,0,0.0000
2015-05-22,62,5,456.01,344951.28,345407.30,0.00,0.00,100000.00,4045.48,1.1851,3.4540729705,-0.2669,209601.95,35805.34,245407.30,0,0.0000
2015-05-25,63,5,612.96,345186.04,345799.00,0.00,0.00,100000.00,391.70,0.1134,3.4579899768,-0.1538,211706.68,34092.32,245799.00,0,0.0000
2015-05-26,63,5,612.96,346928.75,347541.71,0.00,0.00,100000.00,1742.71,0.5040,3.4754170641,0.0000,211706.68,35835.03,247541.71,0,0.0000
2015-05-27,63,5,612.96,341609.64,342222.60,0.00,0.00,100000.00,-5319.11,-1.5305,3.4222259547,-1.5305,211706.68,30515.92,242222.60,0,0.0000
2015-05-28,63,5,612.96,335447.74,336060.70,0.00,0.00,100000.00,-6161.89,-1.8006,3.3606070169,-3.3035,211706.68,24354.02,236060.70,0,0.0000
2015-05-29,63,5,612.96,343054.04,343667.00,0.00,0.00,100000.00,7606.30,2.2634,3.4366699955,-1.1149,211706.68,31960.32,243667.00,0,0.0000
2015-06-01,63,5,612.96,326919.59,327532.55,0.00,0.00,100000.00,-16134.45,-4.6948,3.2753254896,-5.7573,211706.68,15825.87,227532.55,0,0.0000
2015-06-02,63,5,612.96,318754.55,319367.51,0.00,0.00,100000.00,-8165.04,-2.4929,3.1936750577,-8.1067,211706.68,7660.83,219367.51,0,0.0000
2015-06-03,63,5,612.96,286362.29,286975.25,0.00,0.00,100000.00,-32392.26,-10.1426,2.8697525050,-17.4271,211706.68,-24731.43,186975.25,0,0.0000
2015-06-04,63,5,612.96,293287.94,293900.90,0.00,0.00,100000.00,6925.65,2.4133,2.9390089838,-15.4344,211706.68,-17805.78,193900.90,0,0.0000
2015-06-05,63,5,612.96,292221.81,292834.77,0.00,0.00,100000.00,-1066.13,-0.3628,2.9283476858,-15.7411,211706.68,-18871.91,192834.77,0,0.0000
2015-06-08,63,5,612.96,279880.35,280493.31,0.00,0.00,100000.00,-12341.46,-4.2145,2.8049330547,-19.2922,211706.68,-31213.37,180493.31,0,0.0000
2015-06-09,63,5,612.96,278488.16,279101.12,0.00,0.00,100000.00,-1392.19,-0.4963,2.7910112031,-19.6928,211706.68,-32605.56,179101.12,0,0.0000
2015-06-10,63,5,612.96,281241.31,281854.27,0.00,0.00,100000.00,2753.15,0.9864,2.8185426684,-18.9006,211706.68,-29852.41,181854.27,0,0.0000
2015-06-11,63,5,612.96,276030.80,276643.76,0.00,0.00,100000.00,-5210.51,-1.8487,2.7664375965,-20.3998,211706.68,-35062.92,176643.76,0,0.0000
2015-06-12,63,5,612.96,279274.72,279887.68,0.00,0.00,100000.00,3243.92,1.1726,2.7988767762,-19.4664,211706.68,-31819.00,179887.68,0,0.0000
2015-06-15,63,5,612.96,281441.30,282054.26,0.00,0.00,100000.00,2166.58,0.7741,2.8205426177,-18.8430,211706.68,-29652.42,182054.26,0,0.0000
2015-06-16,63,5,612.96,281895.51,282508.47,0.00,0.00,100000.00,454.21,0.1610,2.8250846773,-18.7124,211706.68,-29198.21,182508.47,0,0.0000
2015-06-17,63,5,612.96,285337.92,285950.88,0.00,0.00,100000.00,3442.41,1.2185,2.8595087593,-17.7219,211706.68,-25755.80,185950.88,0,0.0000
2015-06-18,63,5,612.96,290181.87,290794.83,0.00,0.00,100000.00,4843.95,1.6940,2.9079482805,-16.3281,211706.68,-20911.85,190794.83,0,0.0000
2015-06-19,63,5,612.96,295992.22,296605.18,0.00,0.00,100000.00,5810.35,1.9981,2.9660517968,-14.6562,211706.68,-15101.50,196605.18,0,0.0000
2015-06-22,64,5,6190.88,296235.79,302426.67,0.00,0.00,100000.00,5821.49,1.9627,3.0242667039,-12.9812,195256.74,7169.93,202426.67,0,0.0000
2015-06-23,64,5,6190.88,295134.54,301325.41,0.00,0.00,100000.00,-1101.26,-0.3641,3.0132541260,-13.2981,195256.74,6068.67,201325.41,0,0.0000
2015-06-24,64,5,6190.88,292259.77,298450.65,0.00,0.00,100000.00,-2874.76,-0.9540,2.9845065085,-14.1252,195256.74,3193.91,198450.65,0,0.0000
2015-06-25,64,5,6190.88,293754.95,299945.83,0.00,0.00,100000.00,1495.18,0.5010,2.9994583119,-13.6950,195256.74,4689.09,199945.83,0,0.0000
2015-06-26,64,5,6190.88,293069.58,299260.46,0.00,0.00,100000.00,-685.37,-0.2285,2.9926045703,-13.8922,195256.74,4003.72,199260.46,0,0.0000
2015-06-29,64,5,6190.88,285841.14,292032.01,0.00,0.00,100000.00,-7228.44,-2.4154,2.9203201443,-15.9721,195256.74,-3224.72,192032.01,0,0.0000
2015-06-30,64,5,6190.88,288204.24,294395.12,0.00,0.00,100000.00,2363.11,0.8092,2.9439512005,-15.2921,195256.74,-861.62,194395.12,0,0.0000
2015-07-01,64,5,6190.88,293029.43,299220.31,0.00,0.00,100000.00,4825.19,1.6390,2.9922031047,-13.9038,195256.74,3963.57,199220.31,0,0.0000
2015-07-02,64,5,6190.88,290655.29,296846.16,0.00,0.00,100000.00,-2374.15,-0.7934,2.9684616411,-14.5869,195256.74,1589.43,196846.16,0,0.0000
2015-07-03,64,5,6190.88,287908.17,294099.04,0.00,0.00,100000.00,-2747.12,-0.9254,2.9409904450,-15.3773,195256.74,-1157.69,194099.04,0,0.0000
2015-07-06,64,5,6190.88,290222.76,296413.64,0.00,0.00,100000.00,2314.60,0.7870,2.9641364129,-14.7113,195256.74,1156.90,196413.64,0,0.0000
2015-07-07,64,5,6190.88,291001.17,297192.04,0.00,0.00,100000.00,778.40,0.2626,2.9719204494,-14.4874,195256.74,1935.31,197192.04,0,0.0000
2015-07-08,64,5,6190.88,285233.66,291424.53,0.00,0.00,100000.00,-5767.51,-1.9407,2.9142453408,-16.1469,195256.74,-3832.20,191424.53,0,0.0000
2015-07-09,64,5,6190.88,287340.85,293531.72,0.00,0.00,100000.00,2107.19,0.7231,2.9353172337,-15.5406,195256.74,-1725.02,193531.72,0,0.0000
2015-07-10,64,5,6190.88,287492.70,293683.58,0.00,0.00,100000.00,151.86,0.0517,2.9368357921,-15.4969,195256.74,-1573.16,193683.58,0,0.0000
2015-07-13,64,5,6190.88,290055.13,296246.00,0.00,0.00,100000.00,2562.42,0.8725,2.9624600408,-14.7596,195256.74,989.27,196246.00,0,0.0000
2015-07-14,64,5,6190.88,295193.54,301384.42,0.00,0.00,100000.00,5138.42,1.7345,3.0138442160,-13.2811,195256.74,6127.68,201384.42,0,0.0000
2015-07-15,64,5,6190.88,295930.59,302121.47,0.00,0.00,100000.00,737.05,0.2446,3.0212147233,-13.0690,195256.74,6864.73,202121.47,0,0.0000
2015-07-16,64,5,6190.88,300142.31,306333.18,0.00,0.00,100000.00,4211.71,1.3940,3.0633318326,-11.8571,195256.74,11076.44,206333.18,0,0.0000
2015-07-17,64,5,6190.88,301878.42,308069.30,0.00,0.00,100000.00,1736.12,0.5667,3.0806929937,-11.3576,195256.74,12812.56,208069.30,0,0.0000
2015-07-20,65,5,2125.86,314582.15,316708.01,0.00,0.00,100000.00,8638.71,2.8041,3.1670801386,-8.8719,209263.30,7444.72,216708.01,0,0.0000
2015-07-21,65,5,2125.86,308514.36,310640.22,0.00,0.00,100000.00,-6067.80,-1.9159,3.1064021873,-10.6179,209263.30,1376.92,210640.22,0,0.0000
2015-07-22,65,5,2125.86,315425.96,317551.82,0.00,0.00,100000.00,6911.61,2.2250,3.1755182387,-8.6291,209263.30,8288.53,217551.82,0,0.0000
2015-07-23,65,5,2125.86,312537.83,314663.70,0.00,0.00,100000.00,-2888.13,-0.9095,3.1466369585,-9.4602,209263.30,5400.40,214663.70,0,0.0000
2015-07-24,65,5,2125.86,316766.86,318892.72,0.00,0.00,100000.00,4229.03,1.3440,3.1889272386,-8.2433,209263.30,9629.43,218892.72,0,0.0000
2015-07-27,65,5,2125.86,312839.38,314965.24,0.00,0.00,100000.00,-3927.48,-1.2316,3.1496524121,-9.3734,209263.30,5701.94,214965.24,0,0.0000
2015-07-28,65,5,2125.86,319797.22,321923.09,0.00,0.00,100000.00,6957.85,2.2091,3.2192308752,-7.3714,209263.30,12659.79,221923.09,0,0.0000
2015-07-29,65,5,2125.86,318814.06,320939.92,0.00,0.00,100000.00,-983.16,-0.3054,3.2093992444,-7.6543,209263.30,11676.63,220939.92,0,0.0000
2015-07-30,65,5,2125.86,323114.85,325240.72,0.00,0.00,100000.00,4300.79,1.3401,3.2524071529,-6.4168,209263.30,15977.42,225240.72,0,0.0000
2015-07-31,65,5,2125.86,324814.90,326940.77,0.00,0.00,100000.00,1700.05,0.5227,3.2694076763,-5.9276,209263.30,17677.47,226940.77,0,0.0000
2015-08-03,65,5,2125.86,323283.04,325408.91,0.00,0.00,100000.00,-1531.86,-0.4685,3.2540890585,-6.3684,209263.30,16145.61,225408.91,0,0.0000
2015-08-04,65,5,2125.86,329812.52,331938.39,0.00,0.00,100000.00,6529.48,2.0065,3.3193838551,-4.4896,209263.30,22675.09,231938.39,0,0.0000
2015-08-05,65,5,2125.86,336023.91,338149.77,0.00,0.00,100000.00,6211.39,1.8712,3.3814977390,-2.7024,209263.30,28886.48,238149.77,0,0.0000
2015-08-06,65,5,2125.86,335734.35,337860.21,0.00,0.00,100000.00,-289.56,-0.0856,3.3786021490,-2.7857,209263.30,28596.92,237860.21,0,0.0000
2015-08-07,65,5,2125.86,341573.40,343699.27,0.00,0.00,100000.00,5839.05,1.7282,3.4369926621,-1.1056,209263.30,34435.97,243699.27,0,0.0000
2015-08-10,65,5,2125.86,339772.37,341898.24,0.00,0.00,100000.00,-1801.03,-0.5240,3.4189823652,-1.6238,209263.30,32634.94,241898.24,0,0.0000
2015-08-11,65,5,2125.86,333186.60,335312.46,0.00,0.00,100000.00,-6585.77,-1.9262,3.3531246435,-3.5188,209263.30,26049.17,235312.46,0,0.0000
2015-08-12,65,5,2125.86,316150.30,318276.17,0.00,0.00,100000.00,-17036.30,-5.0807,3.1827616579,-8.4207,209263.30,9012.87,218276.17,0,0.0000
2015-08-13,65,5,2125.86,309959.98,312085.85,0.00,0.00,100000.00,-6190.32,-1.9450,3.1208584660,-10.2019,209263.30,2822.55,212085.85,0,0.0000
2015-08-14,65,5,2125.86,321484.88,323610.74,0.00,0.00,100000.00,11524.89,3.6929,3.2361074059,-6.8858,209263.30,14347.44,223610.74,0,0.0000
2015-08-17,66,5,596.51,324264.07,324860.58,0.00,0.00,100000.00,1249.84,0.3862,3.2486058026,-6.5262,210648.87,14211.71,224860.58,0,0.0000
2015-08-18,66,5,596.51,331088.62,331685.13,0.00,0.00,100000.00,6824.55,2.1008,3.3168512641,-4.5625,210648.87,21036.25,231685.13,0,0.0000
2015-08-19,66,5,596.51,332961.09,333557.60,0.00,0.00,100000.00,1872.48,0.5645,3.3355760163,-4.0237,210648.87,22908.73,233557.60,0,0.0000
2015-08-20,66,5,596.51,330764.83,331361.34,0.00,0.00,100000.00,-2196.26,-0.6584,3.3136133924,-4.6557,210648.87,20712.47,231361.34,0,0.0000
2015-08-21,66,5,596.51,326345.59,326942.10,0.00,0.00,100000.00,-4419.24,-1.3337,3.2694209624,-5.9272,210648.87,16293.22,226942.10,0,0.0000
2015-08-24,66,5,596.51,295446.65,296043.15,0.00,0.00,100000.00,-30898.94,-9.4509,2.9604315383,-14.8179,210648.87,-14605.72,196043.15,0,0.0000
2015-08-25,66,5,596.51,300959.81,301556.32,0.00,0.00,100000.00,5513.16,1.8623,3.0155631719,-13.2316,210648.87,-9092.56,201556.32,0,0.0000
2015-08-26,66,5,596.51,300581.35,301177.86,0.00,0.00,100000.00,-378.46,-0.1255,3.0117785897,-13.3405,210648.87,-9471.01,201177.86,0,0.0000
2015-08-27,66,5,596.51,307088.22,307684.73,0.00,0.00,100000.00,6506.87,2.1605,3.0768472856,-11.4683,210648.87,-2964.14,207684.73,0,0.0000
2015-08-28,66,5,596.51,307135.97,307732.48,0.00,0.00,100000.00,47.75,0.0155,3.0773248116,-11.4545,210648.87,-2916.39,207732.48,0,0.0000
2015-08-31,66,5,596.51,311180.61,311777.12,0.00,0.00,100000.00,4044.63,1.3143,3.1177711513,-10.2907,210648.87,1128.24,211777.12,0,0.0000
2015-09-01,66,5,596.51,304229.14,304825.65,0.00,0.00,100000.00,-6951.46,-2.2296,3.0482565124,-12.2909,210648.87,-5823.22,204825.65,0,0.0000
2015-09-02,66,5,596.51,301651.85,302248.35,0.00,0.00,100000.00,-2577.30,-0.8455,3.0224835443,-13.0325,210648.87,-8400.52,202248.35,0,0.0000
2015-09-03,66,5,596.51,303790.39,304386.90,0.00,0.00,100000.00,2138.54,0.7075,3.0438689627,-12.4172,210648.87,-6261.98,204386.90,0,0.0000
2015-09-04,66,5,596.51,296464.76,297061.27,0.00,0.00,100000.00,-7325.63,-2.4067,2.9706126531,-14.5250,210648.87,-13587.61,197061.27,0,0.0000
2015-09-07,66,5,596.51,288722.70,289319.21,0.00,0.00,100000.00,-7742.05,-2.6062,2.8931921320,-16.7527,210648.87,-21329.66,189319.21,0,0.0000
2015-09-08,66,5,596.51,286172.41,286768.92,0.00,0.00,100000.00,-2550.30,-0.8815,2.8676891677,-17.4865,210648.87,-23879.96,186768.92,0,0.0000
2015-09-09,66,5,596.51,293258.62,293855.13,0.00,0.00,100000.00,7086.21,2.4711,2.9385512526,-15.4475,210648.87,-16793.75,193855.13,0,0.0000
2015-09-10,66,5,596.51,294764.60,295361.11,0.00,0.00,100000.00,1505.98,0.5125,2.9536110736,-15.0142,210648.87,-15287.77,195361.11,0,0.0000
2015-09-11,66,5,596.51,295392.57,295989.07,0.00,0.00,100000.00,627.97,0.2126,2.9598907360,-14.8335,210648.87,-14659.80,195989.07,0,0.0000
2015-09-14,67,5,501.47,300306.24,300807.71,0.00,0.00,100000.00,4818.64,1.6280,3.0080771204,-13.4470,196997.52,3810.20,200807.71,0,0.0000
2015-09-15,67,5,501.47,294751.68,295253.15,0.00,0.00,100000.00,-5554.56,-1.8465,2.9525314868,-15.0453,196997.52,-1744.37,195253.15,0,0.0000
2015-09-16,67,5,501.47,289345.09,289846.55,0.00,0.00,100000.00,-5406.59,-1.8312,2.8984655421,-16.6009,196997.52,-7150.96,189846.55,0,0.0000
2015-09-18,67,5,501.47,290452.45,290953.92,0.00,0.00,100000.00,1107.36,0.3821,2.9095391562,-16.2823,196997.52,-6043.60,190953.92,0,0.0000
2015-09-21,67,5,501.47,291571.61,292073.08,0.00,0.00,100000.00,1119.16,0.3847,2.9207307949,-15.9603,196997.52,-4924.44,192073.08,0,0.0000
2015-09-22,67,5,501.47,287980.89,288482.36,0.00,0.00,100000.00,-3590.72,-1.2294,2.8848236272,-16.9935,196997.52,-8515.15,188482.36,0,0.0000
2015-09-23,67,5,501.47,290052.08,290553.55,0.00,0.00,100000.00,2071.19,0.7180,2.9055354782,-16.3975,196997.52,-6443.97,190553.55,0,0.0000
2015-09-24,67,5,501.47,287980.90,288482.36,0.00,0.00,100000.00,-2071.18,-0.7128,2.8848236475,-16.9935,196997.52,-8515.15,188482.36,0,0.0000
2015-09-28,67,5,501.47,287507.29,288008.76,0.00,0.00,100000.00,-473.61,-0.1642,2.8800875570,-17.1297,196997.52,-8988.76,188008.76,0,0.0000
2015-09-29,67,5,501.47,284803.48,285304.94,0.00,0.00,100000.00,-2703.81,-0.9388,2.8530494449,-17.9077,196997.52,-11692.57,185304.94,0,0.0000
2015-09-30,67,5,501.47,285451.58,285953.05,0.00,0.00,100000.00,648.10,0.2272,2.8595304698,-17.7212,196997.52,-11044.47,185953.05,0,0.0000
2015-10-01,67,5,501.47,287842.26,288343.73,0.00,0.00,100000.00,2390.68,0.8360,2.8834372617,-17.0333,196997.52,-8653.79,188343.73,0,0.0000
2015-10-05,67,5,501.47,298674.08,299175.55,0.00,0.00,100000.00,10831.83,3.7566,2.9917555170,-13.9166,196997.52,2178.04,199175.55,0,0.0000
2015-10-06,67,5,501.47,300374.77,300876.24,0.00,0.00,100000.00,1700.69,0.5685,3.0087624058,-13.4273,196997.52,3878.73,200876.24,0,0.0000
2015-10-07,67,5,501.47,299238.02,299739.49,0.00,0.00,100000.00,-1136.75,-0.3778,2.9973949279,-13.7544,196997.52,2741.98,199739.49,0,0.0000
2015-10-08,67,5,501.47,299108.18,299609.65,0.00,0.00,100000.00,-129.85,-0.0433,2.9960964637,-13.7917,196997.52,2612.13,199609.65,0,0.0000
2015-10-09,67,5,501.47,299477.44,299978.91,0.00,0.00,100000.00,369.26,0.1232,2.9997890773,-13.6855,196997.52,2981.39,199978.91,0,0.0000
2015-10-12,67,5,501.47,296848.87,297350.34,0.00,0.00,100000.00,-2628.57,-0.8762,2.9735034267,-14.4418,196997.52,352.83,197350.34,0,0.0000
2015-10-13,67,5,501.47,298485.96,298987.43,0.00,0.00,100000.00,1637.09,0.5506,2.9898742914,-13.9708,196997.52,1989.91,198987.43,0,0.0000
2015-10-14,67,5,501.47,300480.40,300981.87,0.00,0.00,100000.00,1994.44,0.6671,3.0098186825,-13.3969,196997.52,3984.35,200981.87,0,0.0000
2015-10-15,68,5,1705.00,300138.41,301843.41,0.00,0.00,100000.00,861.54,0.2862,3.0184341117,-13.1490,191920.18,9923.23,201843.41,0,0.0000
2015-10-16,68,5,1705.00,314000.97,315705.97,0.00,0.00,100000.00,13862.56,4.5926,3.1570597240,-9.1603,191920.18,23785.80,215705.97,0,0.0000
2015-10-19,68,5,1705.00,331597.84,333302.85,0.00,0.00,100000.00,17596.88,5.5738,3.3330284850,-4.0970,191920.18,41382.67,233302.85,0,0.0000
2015-10-20,68,5,1705.00,325701.06,327406.07,0.00,0.00,100000.00,-5896.78,-1.7692,3.2740606726,-5.7937,191920.18,35485.89,227406.07,0,0.0000
2015-10-21,68,5,1705.00,325740.98,327445.98,0.00,0.00,100000.00,39.91,0.0122,3.2744598071,-5.7822,191920.18,35525.80,227445.98,0,0.0000
2015-10-23,68,5,1705.00,326657.05,328362.05,0.00,0.00,100000.00,916.07,0.2798,3.2836204996,-5.5187,191920.18,36441.87,228362.05,0,0.0000
2015-10-26,68,5,1705.00,325114.72,326819.72,0.00,0.00,100000.00,-1542.33,-0.4697,3.2681972189,-5.9624,191920.18,34899.54,226819.72,0,0.0000
2015-10-27,68,5,1705.00,328167.28,329872.28,0.00,0.00,100000.00,3052.56,0.9340,3.2987228227,-5.0841,191920.18,37952.11,229872.28,0,0.0000
2015-10-28,68,5,1705.00,327765.81,329470.81,0.00,0.00,100000.00,-401.47,-0.1217,3.2947081367,-5.1996,191920.18,37550.64,229470.81,0,0.0000
2015-10-29,68,5,1705.00,323189.93,324894.93,0.00,0.00,100000.00,-4575.88,-1.3889,3.2489493020,-6.5163,191920.18,32974.75,224894.93,0,0.0000
2015-10-30,68,5,1705.00,320606.30,322311.31,0.00,0.00,100000.00,-2583.62,-0.7952,3.2231130942,-7.2597,191920.18,30391.13,222311.31,0,0.0000
2015-11-02,68,5,1705.00,319138.45,320843.46,0.00,0.00,100000.00,-1467.85,-0.4554,3.2084345549,-7.6820,191920.18,28923.28,220843.46,0,0.0000
2015-11-03,68,5,1705.00,320853.39,322558.40,0.00,0.00,100000.00,1714.94,0.5345,3.2255839906,-7.1886,191920.18,30638.22,222558.40,0,0.0000
2015-11-04,68,5,1705.00,317404.53,319109.53,0.00,0.00,100000.00,-3448.87,-1.0692,3.1910953017,-8.1809,191920.18,27189.35,219109.53,0,0.0000
2015-11-05,68,5,1705.00,314266.69,315971.70,0.00,0.00,100000.00,-3137.83,-0.9833,3.1597169860,-9.0838,191920.18,24051.52,215971.70,0,0.0000
2015-11-06,68,5,1705.00,312294.70,313999.71,0.00,0.00,100000.00,-1971.99,-0.6241,3.1399970880,-9.6512,191920.18,22079.53,213999.71,0,0.0000
2015-11-09,68,5,1705.00,320861.59,322566.59,0.00,0.00,100000.00,8566.88,2.7283,3.2256659182,-7.1862,191920.18,30646.41,222566.59,0,0.0000
2015-11-10,68,5,1705.00,313592.52,315297.53,0.00,0.00,100000.00,-7269.07,-2.2535,3.1529752578,-9.2778,191920.18,23377.35,215297.53,0,0.0000
2015-11-13,68,5,1705.00,318159.84,319864.85,0.00,0.00,100000.00,4567.32,1.4486,3.1986484614,-7.9636,191920.18,27944.67,219864.85,0,0.0000
2015-11-16,68,5,1705.00,333124.06,334829.06,0.00,0.00,100000.00,14964.21,4.6783,3.3482906106,-3.6579,191920.18,42908.88,234829.06,0,0.0000
2015-11-17,69,5,291.05,344445.10,344736.16,0.00,0.00,100000.00,9907.10,2.9589,3.4473615738,-0.8073,200634.35,44101.81,244736.16,0,0.0000
2015-11-18,69,5,291.05,334156.84,334447.90,0.00,0.00,100000.00,-10288.26,-2.9844,3.3444789635,-3.7676,200634.35,33813.55,234447.90,0,0.0000
2015-11-19,69,5,291.05,338242.17,338533.22,0.00,0.00,100000.00,4085.33,1.2215,3.3853322253,-2.5921,200634.35,37898.87,238533.22,0,0.0000
2015-11-20,69,5,291.05,345711.47,346002.53,0.00,0.00,100000.00,7469.30,2.2064,3.4600252685,-0.4429,200634.35,45368.18,246002.53,0,0.0000
2015-11-23,69,5,291.05,350797.27,351088.32,0.00,0.00,100000.00,5085.80,1.4699,3.5108832411,0.0000,200634.35,50453.97,251088.32,0,0.0000
2015-11-24,69,5,291.05,352431.32,352722.38,0.00,0.00,100000.00,1634.05,0.4654,3.5272237657,0.0000,200634.35,52088.03,252722.38,0,0.0000
2015-11-26,69,5,291.05,359867.69,360158.74,0.00,0.00,100000.00,7436.37,2.1083,3.6015874296,0.0000,200634.35,59524.39,260158.74,0,0.0000
2015-11-27,69,5,291.05,358246.01,358537.07,0.00,0.00,100000.00,-1621.68,-0.4503,3.5853706548,-0.4503,200634.35,57902.72,258537.07,0,0.0000
2015-11-30,69,5,291.05,365006.70,365297.75,0.00,0.00,100000.00,6760.68,1.8856,3.6529774976,0.0000,200634.35,64663.40,265297.75,0,0.0000
2015-12-01,69,5,291.05,360507.44,360798.49,0.00,0.00,100000.00,-4499.26,-1.2317,3.6079849342,-1.2317,200634.35,60164.14,260798.49,0,0.0000
2015-12-02,69,5,291.05,369612.46,369903.51,0.00,0.00,100000.00,9105.02,2.5236,3.6990350935,0.0000,200634.35,69269.16,269903.51,0,0.0000
2015-12-03,69,5,291.05,375821.91,376112.96,0.00,0.00,100000.00,6209.45,1.6787,3.7611296140,0.0000,200634.35,75478.61,276112.96,0,0.0000
2015-12-04,69,5,291.05,369100.09,369391.15,0.00,0.00,100000.00,-6721.81,-1.7872,3.6939114649,-1.7872,200634.35,68756.80,269391.15,0,0.0000
2015-12-07,69,5,291.05,367171.28,367462.33,0.00,0.00,100000.00,-1928.81,-0.5222,3.6746233373,-2.3000,200634.35,66827.98,267462.33,0,0.0000
2015-12-08,69,5,291.05,363440.20,363731.25,0.00,0.00,100000.00,-3731.08,-1.0154,3.6373125076,-3.2920,200634.35,63096.90,263731.25,0,0.0000
2015-12-09,69,5,291.05,357357.28,357648.34,0.00,0.00,100000.00,-6082.92,-1.6724,3.5764833543,-4.9093,200634.35,57013.99,257648.34,0,0.0000
2015-12-10,69,5,291.05,358071.27,358362.32,0.00,0.00,100000.00,713.99,0.1996,3.5836232425,-4.7195,200634.35,57727.97,258362.32,0,0.0000
2015-12-11,69,5,291.05,353491.81,353782.86,0.00,0.00,100000.00,-4579.46,-1.2779,3.5378286281,-5.9371,200634.35,53148.51,253782.86,0,0.0000
2015-12-14,69,5,291.05,357162.58,357453.63,0.00,0.00,100000.00,3670.77,1.0376,3.5745363422,-4.9611,200634.35,56819.28,257453.63,0,0.0000
2015-12-15,69,5,291.05,355444.34,355735.40,0.00,0.00,100000.00,-1718.24,-0.4807,3.5573539556,-5.4179,200634.35,55101.05,255735.40,0,0.0000
2015-12-16,70,5,518.88,357904.54,358423.42,0.00,0.00,100000.00,2688.03,0.7556,3.5842342134,-4.7033,216627.48,41795.94,258423.42,0,0.0000
2015-12-17,70,5,518.88,361365.47,361884.35,0.00,0.00,100000.00,3460.93,0.9656,3.6188435052,-3.7831,216627.48,45256.87,261884.35,0,0.0000
2015-12-18,70,5,518.88,354163.75,354682.64,0.00,0.00,100000.00,-7201.71,-1.9901,3.5468263696,-5.6978,216627.48,38055.15,254682.64,0,0.0000
2015-12-21,70,5,518.88,359361.51,359880.40,0.00,0.00,100000.00,5197.76,1.4655,3.5988039768,-4.3159,216627.48,43252.91,259880.40,0,0.0000
2015-12-22,70,5,518.88,364474.35,364993.24,0.00,0.00,100000.00,5112.84,1.4207,3.6499323621,-2.9565,216627.48,48365.75,264993.24,0,0.0000
2015-12-23,70,5,518.88,367546.79,368065.67,0.00,0.00,100000.00,3072.43,0.8418,3.6806567116,-2.1396,216627.48,51438.19,268065.67,0,0.0000
2015-12-24,70,5,518.88,365475.48,365994.36,0.00,0.00,100000.00,-2071.31,-0.5628,3.6599436053,-2.6903,216627.48,49366.88,265994.36,0,0.0000
2015-12-28,70,5,518.88,365124.99,365643.87,0.00,0.00,100000.00,-350.49,-0.0958,3.6564387095,-2.7835,216627.48,49016.39,265643.87,0,0.0000
2015-12-29,70,5,518.88,364275.92,364794.80,0.00,0.00,100000.00,-849.07,-0.2322,3.6479480120,-3.0092,216627.48,48167.32,264794.80,0,0.0000
2015-12-30,70,5,518.88,368300.65,368819.54,0.00,0.00,100000.00,4024.73,1.1033,3.6881953542,-1.9392,216627.48,52192.05,268819.54,0,0.0000
2015-12-31,70,5,518.88,369779.30,370298.19,0.00,0.00,100000.00,1478.65,0.4009,3.7029818607,-1.5460,216627.48,53670.70,270298.19,0,0.0000
2016-01-01,70,5,518.88,372085.17,372604.05,0.00,0.00,100000.00,2305.87,0.6227,3.7260405227,-0.9329,216627.48,55976.57,272604.05,0,0.0000
2016-01-04,70,5,518.88,367356.47,367875.35,0.00,0.00,100000.00,-4728.70,-1.2691,3.6787535278,-2.1902,216627.48,51247.87,267875.35,0,0.0000
2016-01-05,70,5,518.88,370704.37,371223.26,0.00,0.00,100000.00,3347.90,0.9101,3.7122325512,-1.3001,216627.48,54595.77,271223.26,0,0.0000
2016-01-06,70,5,518.88,365791.86,366310.75,0.00,0.00,100000.00,-4912.51,-1.3233,3.6631074872,-2.6062,216627.48,49683.27,266310.75,0,0.0000
2016-01-07,70,5,518.88,351971.83,352490.71,0.00,0.00,100000.00,-13820.04,-3.7728,3.5249071191,-6.2806,216627.48,35863.23,252490.71,0,0.0000
2016-01-08,70,5,518.88,363682.20,364201.08,0.00,0.00,100000.00,11710.37,3.3222,3.6420108482,-3.1671,216627.48,47573.60,264201.08,0,0.0000
2016-01-11,70,5,518.88,363274.06,363792.95,0.00,0.00,100000.00,-408.14,-0.1121,3.6379294638,-3.2756,216627.48,47165.46,263792.95,0,0.0000
2016-01-12,70,5,518.88,362606.29,363125.17,0.00,0.00,100000.00,-667.77,-0.1836,3.6312517232,-3.4532,216627.48,46497.69,263125.17,0,0.0000
2016-01-13,70,5,518.88,356896.25,357415.14,0.00,0.00,100000.00,-5710.04,-1.5725,3.5741513601,-4.9713,216627.48,40787.65,257415.14,0,0.0000
2016-01-14,71,5,338.48,353910.71,354249.19,0.00,0.00,100000.00,-3165.95,-0.8858,3.5424918877,-5.8131,207654.29,46594.90,254249.19,0,0.0000
2016-01-15,71,5,338.48,344991.04,345329.52,0.00,0.00,100000.00,-8919.67,-2.5179,3.4532951826,-8.1846,207654.29,37675.23,245329.52,0,0.0000
2016-01-18,71,5,338.48,328365.85,328704.33,0.00,0.00,100000.00,-16625.18,-4.8143,3.2870433420,-12.6049,207654.29,21050.05,228704.33,0,0.0000
2016-01-19,71,5,338.48,329849.39,330187.87,0.00,0.00,100000.00,1483.54,0.4513,3.3018787407,-12.2105,207654.29,22533.59,230187.87,0,0.0000
2016-01-20,71,5,338.48,330211.93,330550.42,0.00,0.00,100000.00,362.54,0.1098,3.3055041636,-12.1141,207654.29,22896.13,230550.42,0,0.0000
2016-01-21,71,5,338.48,332552.91,332891.39,0.00,0.00,100000.00,2340.97,0.7082,3.3289139129,-11.4916,207654.29,25237.10,232891.39,0,0.0000
2016-01-22,71,5,338.48,337187.68,337526.16,0.00,0.00,100000.00,4634.77,1.3923,3.3752615977,-10.2594,207654.29,29871.87,237526.16,0,0.0000
2016-01-25,71,5,338.48,336761.69,337100.17,0.00,0.00,100000.00,-425.99,-0.1262,3.3710017060,-10.3726,207654.29,29445.88,237100.17,0,0.0000
2016-01-27,71,5,338.48,335834.60,336173.08,0.00,0.00,100000.00,-927.09,-0.2750,3.3617308004,-10.6191,207654.29,28518.79,236173.08,0,0.0000
2016-01-28,71,5,338.48,336182.55,336521.03,0.00,0.00,100000.00,347.95,0.1035,3.3652103042,-10.5266,207654.29,28866.74,236521.03,0,0.0000
2016-01-29,71,5,338.48,340438.12,340776.60,0.00,0.00,100000.00,4255.57,1.2646,3.4077659945,-9.3951,207654.29,33122.31,240776.60,0,0.0000
2016-02-01,71,5,338.48,342510.02,342848.50,0.00,0.00,100000.00,2071.90,0.6080,3.4284849932,-8.8443,207654.29,35194.21,242848.50,0,0.0000
2016-02-02,71,5,338.48,337067.55,337406.03,0.00,0.00,100000.00,-5442.46,-1.5874,3.3740603459,-10.2913,207654.29,29751.75,237406.03,0,0.0000
2016-02-03,71,5,338.48,326871.38,327209.86,0.00,0.00,100000.00,-10196.17,-3.0219,3.2720986225,-13.0022,207654.29,19555.57,227209.86,0,0.0000
2016-02-04,71,5,338.48,323885.72,324224.20,0.00,0.00,100000.00,-2985.66,-0.9125,3.2422420040,-13.7961,207654.29,16569.91,224224.20,0,0.0000
2016-02-05,71,5,338.48,328004.06,328342.54,0.00,0.00,100000.00,4118.34,1.2702,3.2834254395,-12.7011,207654.29,20688.26,228342.54,0,0.0000
2016-02-08,71,5,338.48,330286.93,330625.41,0.00,0.00,100000.00,2282.87,0.6953,3.3062541298,-12.0941,207654.29,22971.12,230625.41,0,0.0000
2016-02-09,71,5,338.48,324217.49,324555.98,0.00,0.00,100000.00,-6069.44,-1.8357,3.2455597597,-13.7078,207654.29,16901.69,224555.98,0,0.0000
2016-02-10,71,5,338.48,321607.76,321946.24,0.00,0.00,100000.00,-2609.74,-0.8041,3.2194623978,-14.4017,207654.29,14291.95,221946.24,0,0.0000
2016-02-11,71,5,338.48,303877.68,304216.16,0.00,0.00,100000.00,-17730.08,-5.5072,3.0421616229,-19.1157,207654.29,-3438.13,204216.16,0,0.0000
2016-02-12,72,5,165.01,306047.78,306212.79,0.00,0.00,100000.00,1996.62,0.6563,3.0621278531,-18.5849,199125.27,7087.51,206212.79,0,0.0000
2016-02-15,72,5,165.01,318062.15,318227.16,0.00,0.00,100000.00,12014.37,3.9235,3.1822715783,-15.3905,199125.27,19101.89,218227.16,0,0.0000
2016-02-16,72,5,165.01,309505.16,309670.17,0.00,0.00,100000.00,-8556.99,-2.6890,3.0967016962,-17.6656,199125.27,10544.90,209670.17,0,0.0000
2016-02-17,72,5,165.01,314065.03,314230.04,0.00,0.00,100000.00,4559.87,1.4725,3.1423004196,-16.4533,199125.27,15104.77,214230.04,0,0.0000
2016-02-18,72,5,165.01,316046.24,316211.25,0.00,0.00,100000.00,1981.21,0.6305,3.1621124754,-15.9265,199125.27,17085.98,216211.25,0,0.0000
2016-02-19,72,5,165.01,320127.69,320292.70,0.00,0.00,100000.00,4081.45,1.2907,3.2029270038,-14.8414,199125.27,21167.43,220292.70,0,0.0000
2016-02-22,72,5,165.01,325057.99,325222.99,0.00,0.00,100000.00,4930.29,1.5393,3.2522299441,-13.5305,199125.27,26097.72,225222.99,0,0.0000
2016-02-23,72,5,165.01,325329.95,325494.96,0.00,0.00,100000.00,271.96,0.0836,3.2549495526,-13.4582,199125.27,26369.68,225494.96,0,0.0000
2016-02-24,72,5,165.01,316060.80,316225.80,0.00,0.00,100000.00,-9269.15,-2.8477,3.1622580385,-15.9227,199125.27,17100.53,216225.80,0,0.0000
2016-02-25,72,5,165.01,311635.06,311800.07,0.00,0.00,100000.00,-4425.74,-1.3995,3.1180006722,-17.0994,199125.27,12674.80,211800.07,0,0.0000
2016-02-26,72,5,165.01,306506.16,306671.17,0.00,0.00,100000.00,-5128.90,-1.6449,3.0667116959,-18.4630,199125.27,7545.90,206671.17,0,0.0000
2016-02-29,72,5,165.01,313431.62,313596.62,0.00,0.00,100000.00,6925.46,2.2583,3.1359662498,-16.6217,199125.27,14471.35,213596.62,0,0.0000
2016-03-01,72,5,165.01,328411.90,328576.91,0.00,0.00,100000.00,14980.29,4.7769,3.2857691288,-12.6388,199125.27,29451.64,228576.91,0,0.0000
2016-03-02,72,5,165.01,332136.70,332301.70,0.00,0.00,100000.00,3724.79,1.1336,3.3230170402,-11.6484,199125.27,33176.43,232301.70,0,0.0000
2016-03-03,72,5,165.01,335777.13,335942.13,0.00,0.00,100000.00,3640.43,1.0955,3.3594213454,-10.6805,199125.27,36816.86,235942.13,0,0.0000
2016-03-04,72,5,165.01,338613.26,338778.27,0.00,0.00,100000.00,2836.13,0.8442,3.3877826926,-9.9265,199125.27,39653.00,238778.27,0,0.0000
2016-03-08,72,5,165.01,339236.10,339401.11,0.00,0.00,100000.00,622.84,0.1839,3.3940111333,-9.7609,199125.27,40275.84,239401.11,0,0.0000
2016-03-09,72,5,165.01,338728.33,338893.33,0.00,0.00,100000.00,-507.78,-0.1496,3.3889333477,-9.8959,199125.27,39768.06,238893.33,0,0.0000
2016-03-10,72,5,165.01,343021.51,343186.52,0.00,0.00,100000.00,4293.19,1.2668,3.4318651980,-8.7544,199125.27,44061.25,243186.52,0,0.0000
2016-03-11,72,5,165.01,342079.73,342244.74,0.00,0.00,100000.00,-941.78,-0.2744,3.4224474142,-9.0048,199125.27,43119.47,242244.74,0,0.0000
2016-03-14,73,5,345.32,343616.14,343961.46,0.00,0.00,100000.00,1716.72,0.5016,3.4396146016,-8.5484,201549.44,42412.02,243961.46,0,0.0000
2016-03-15,73,5,345.32,343384.69,343730.01,0.00,0.00,100000.00,-231.45,-0.0673,3.4373000932,-8.6099,201549.44,42180.57,243730.01,0,0.0000
2016-03-16,73,5,345.32,343166.68,343512.01,0.00,0.00,100000.00,-218.00,-0.0634,3.4351200586,-8.6679,201549.44,41962.57,243512.01,0,0.0000
2016-03-17,73,5,345.32,345315.48,345660.80,0.00,0.00,100000.00,2148.79,0.6255,3.4566079879,-8.0965,201549.44,44111.36,245660.80,0,0.0000
2016-03-18,73,5,345.32,348776.21,349121.53,0.00,0.00,100000.00,3460.73,1.0012,3.4912153134,-7.1764,201549.44,47572.10,249121.53,0,0.0000
2016-03-21,73,5,345.32,352585.03,352930.35,0.00,0.00,100000.00,3808.82,1.0910,3.5293034924,-6.1637,201549.44,51380.91,252930.35,0,0.0000
2016-03-22,73,5,345.32,351283.75,351629.07,0.00,0.00,100000.00,-1301.27,-0.3687,3.5162907461,-6.5097,201549.44,50079.64,251629.07,0,0.0000
2016-03-23,73,5,345.32,357727.03,358072.36,0.00,0.00,100000.00,6443.28,1.8324,3.5807235589,-4.7966,201549.44,56522.92,258072.36,0,0.0000
2016-03-28,73,5,345.32,348923.79,349269.11,0.00,0.00,100000.00,-8803.25,-2.4585,3.4926910774,-7.1372,201549.44,47719.67,249269.11,0,0.0000
2016-03-29,73,5,345.32,346823.77,347169.09,0.00,0.00,100000.00,-2100.02,-0.6013,3.4716909166,-7.6955,201549.44,45619.66,247169.09,0,0.0000
2016-03-30,73,5,345.32,359517.89,359863.22,0.00,0.00,100000.00,12694.12,3.6565,3.5986321657,-4.3204,201549.44,58313.78,259863.22,0,0.0000
2016-03-31,73,5,345.32,364380.71,364726.03,0.00,0.00,100000.00,4862.82,1.3513,3.6472603239,-3.0275,201549.44,63176.60,264726.03,0,0.0000
2016-04-01,73,5,345.32,363959.54,364304.86,0.00,0.00,100000.00,-421.17,-0.1155,3.6430486435,-3.1395,201549.44,62755.43,264304.86,0,0.0000
2016-04-04,73,5,345.32,361282.79,361628.11,0.00,0.00,100000.00,-2676.76,-0.7348,3.6162810872,-3.8512,201549.44,60078.67,261628.11,0,0.0000
2016-04-05,73,5,345.32,357918.27,358263.59,0.00,0.00,100000.00,-3364.52,-0.9304,3.5826359124,-4.7457,201549.44,56714.16,258263.59,0,0.0000
2016-04-06,73,5,345.32,363435.68,363781.00,0.00,0.00,100000.00,5517.41,1.5400,3.6378100141,-3.2788,201549.44,62231.57,263781.00,0,0.0000
2016-04-07,73,5,345.32,364334.32,364679.64,0.00,0.00,100000.00,898.64,0.2470,3.6467964079,-3.0399,201549.44,63130.21,264679.64,0,0.0000
2016-04-08,73,5,345.32,367753.04,368098.36,0.00,0.00,100000.00,3418.72,0.9375,3.6809836070,-2.1309,201549.44,66548.93,268098.36,0,0.0000
2016-04-11,73,5,345.32,374033.71,374379.04,0.00,0.00,100000.00,6280.68,1.7062,3.7437903585,-0.4610,201549.44,72829.60,274379.04,0,0.0000
2016-04-12,73,5,345.32,379949.90,380295.22,0.00,0.00,100000.00,5916.19,1.5803,3.8029522433,0.0000,201549.44,78745.79,280295.22,0,0.0000
2016-04-13,74,5,290.54,384505.08,384795.63,0.00,0.00,100000.00,4500.40,1.1834,3.8479562676,0.0000,245495.22,39300.40,284795.63,0,0.0000
2016-04-18,74,5,290.54,386529.49,386820.04,0.00,0.00,100000.00,2024.41,0.5261,3.8682003674,0.0000,245495.22,41324.81,286820.04,0,0.0000
2016-04-20,74,5,290.54,387740.23,388030.77,0.00,0.00,100000.00,1210.74,0.3130,3.8803077421,0.0000,245495.22,42535.55,288030.77,0,0.0000
2016-04-21,74,5,290.54,384475.45,384765.99,0.00,0.00,100000.00,-3264.78,-0.8414,3.8476599158,-0.8414,245495.22,39270.77,284765.99,0,0.0000
2016-04-22,74,5,290.54,384621.61,384912.15,0.00,0.00,100000.00,146.16,0.0380,3.8491215326,-0.8037,245495.22,39416.93,284912.15,0,0.0000
2016-04-25,74,5,290.54,381576.94,381867.48,0.00,0.00,100000.00,-3044.68,-0.7910,3.8186747825,-1.5884,245495.22,36372.25,281867.48,0,0.0000
2016-04-26,74,5,290.54,384896.90,385187.44,0.00,0.00,100000.00,3319.97,0.8694,3.8518744361,-0.7328,245495.22,39692.22,285187.44,0,0.0000
2016-04-27,74,5,290.54,378806.78,379097.32,0.00,0.00,100000.00,-6090.12,-1.5811,3.7909731943,-2.3023,245495.22,33602.10,279097.32,0,0.0000
2016-04-28,74,5,290.54,373374.62,373665.17,0.00,0.00,100000.00,-5432.15,-1.4329,3.7366516615,-3.7022,245495.22,28169.94,273665.17,0,0.0000
2016-04-29,74,5,290.54,373561.25,373851.79,0.00,0.00,100000.00,186.63,0.0499,3.7385179233,-3.6541,245495.22,28356.57,273851.79,0,0.0000
2016-05-02,74,5,290.54,379291.74,379582.28,0.00,0.00,100000.00,5730.49,1.5328,3.7958228073,-2.1773,245495.22,34087.06,279582.28,0,0.0000
2016-05-03,74,5,290.54,375007.23,375297.77,0.00,0.00,100000.00,-4284.51,-1.1287,3.7529777047,-3.2814,245495.22,29802.55,275297.77,0,0.0000
2016-05-04,74,5,290.54,367608.78,367899.32,0.00,0.00,100000.00,-7398.45,-1.9714,3.6789932283,-5.1881,245495.22,22404.10,267899.32,0,0.0000
2016-05-05,74,5,290.54,369684.86,369975.40,0.00,0.00,100000.00,2076.08,0.5643,3.6997540359,-4.6531,245495.22,24480.18,269975.40,0,0.0000
2016-05-06,74,5,290.54,371567.09,371857.63,0.00,0.00,100000.00,1882.22,0.5087,3.7185762783,-4.1680,245495.22,26362.40,271857.63,0,0.0000
2016-05-09,74,5,290.54,374329.40,374619.94,0.00,0.00,100000.00,2762.32,0.7428,3.7461994297,-3.4561,245495.22,29124.72,274619.94,0,0.0000
2016-05-10,74,5,290.54,375541.84,375832.38,0.00,0.00,100000.00,1212.44,0.3236,3.7583238387,-3.1437,245495.22,30337.16,275832.38,0,0.0000
2016-05-11,74,5,290.54,380810.30,381100.84,0.00,0.00,100000.00,5268.46,1.4018,3.8110084335,-1.7859,245495.22,35605.62,281100.84,0,0.0000
2016-05-12,74,5,290.54,383878.91,384169.45,0.00,0.00,100000.00,3068.61,0.8052,3.8416945378,-0.9951,245495.22,38674.23,284169.45,0,0.0000
2016-05-13,74,5,290.54,381198.44,381488.98,0.00,0.00,100000.00,-2680.47,-0.6977,3.8148898377,-1.6859,245495.22,35993.76,281488.98,0,0.0000
2016-05-16,75,5,903.04,381554.00,382457.04,0.00,0.00,100000.00,968.05,0.2538,3.8245703597,-1.4364,267904.53,14552.50,282457.04,0,0.0000
2016-05-17,75,5,903.04,381998.42,382901.46,0.00,0.00,100000.00,444.43,0.1162,3.8290146330,-1.3219,267904.53,14996.93,282901.46,0,0.0000
2016-05-18,75,5,903.04,381539.41,382442.44,0.00,0.00,100000.00,-459.02,-0.1199,3.8244244497,-1.4402,267904.53,14537.91,282442.44,0,0.0000
2016-05-19,75,5,903.04,379214.40,380117.44,0.00,0.00,100000.00,-2325.01,-0.6079,3.8011743645,-2.0394,267904.53,12212.90,280117.44,0,0.0000
2016-05-20,75,5,903.04,380588.97,381492.01,0.00,0.00,100000.00,1374.57,0.3616,3.8149200759,-1.6851,267904.53,13587.47,281492.01,0,0.0000
2016-05-23,75,5,903.04,380663.70,381566.74,0.00,0.00,100000.00,74.73,0.0196,3.8156673741,-1.6659,267904.53,13662.20,281566.74,0,0.0000
2016-05-24,75,5,903.04,380982.31,381885.35,0.00,0.00,100000.00,318.61,0.0835,3.8188535233,-1.5837,267904.53,13980.82,281885.35,0,0.0000
2016-05-25,75,5,903.04,383352.28,384255.32,0.00,0.00,100000.00,2369.97,0.6206,3.8425532003,-0.9730,267904.53,16350.79,284255.32,0,0.0000
2016-05-26,75,5,903.04,388528.68,389431.72,0.00,0.00,100000.00,5176.40,1.3471,3.8943172209,0.0000,267904.53,21527.19,289431.72,0,0.0000
2016-05-27,75,5,903.04,395690.59,396593.63,0.00,0.00,100000.00,7161.91,1.8391,3.9659362979,0.0000,267904.53,28689.09,296593.63,0,0.0000
2016-05-30,75,5,903.04,395369.90,396272.93,0.00,0.00,100000.00,-320.70,-0.0809,3.9627293463,-0.0809,267904.53,28368.40,296272.93,0,0.0000
2016-05-31,75,5,903.04,404922.28,405825.32,0.00,0.00,100000.00,9552.39,2.4106,4.0582532053,0.0000,267904.53,37920.79,305825.32,0,0.0000
2016-06-01,75,5,903.04,398543.06,399446.10,0.00,0.00,100000.00,-6379.23,-1.5719,3.9944609551,-1.5719,267904.53,31541.56,299446.10,0,0.0000
2016-06-02,75,5,903.04,404145.36,405048.40,0.00,0.00,100000.00,5602.30,1.4025,4.0504840031,-0.1914,267904.53,37143.87,305048.40,0,0.0000
2016-06-03,75,5,903.04,399630.20,400533.24,0.00,0.00,100000.00,-4515.16,-1.1147,4.0053324016,-1.3040,267904.53,32628.71,300533.24,0,0.0000
2016-06-06,75,5,903.04,400755.86,401658.90,0.00,0.00,100000.00,1125.66,0.2810,4.0165890197,-1.0267,267904.53,33754.37,301658.90,0,0.0000
2016-06-07,75,5,903.04,402260.52,403163.56,0.00,0.00,100000.00,1504.66,0.3746,4.0316355755,-0.6559,267904.53,35259.02,303163.56,0,0.0000
2016-06-08,75,5,903.04,403891.73,404794.77,0.00,0.00,100000.00,1631.21,0.4046,4.0479476635,-0.2539,267904.53,36890.23,304794.77,0,0.0000
2016-06-09,75,5,903.04,400288.00,401191.04,0.00,0.00,100000.00,-3603.73,-0.8903,4.0119104102,-1.1419,267904.53,33286.51,301191.04,0,0.0000
2016-06-10,75,5,903.04,393653.54,394556.58,0.00,0.00,100000.00,-6634.46,-1.6537,3.9455658315,-2.7767,267904.53,26652.05,294556.58,0,0.0000
2016-06-13,76,5,362.09,395062.37,395424.46,0.00,0.00,100000.00,867.88,0.2200,3.9542446380,-2.5629,282248.57,13175.89,295424.46,0,0.0000
2016-06-14,76,5,362.09,394804.11,395166.21,0.00,0.00,100000.00,-258.26,-0.0653,3.9516620761,-2.6265,282248.57,12917.64,295166.21,0,0.0000
2016-06-15,76,5,362.09,394727.01,395089.11,0.00,0.00,100000.00,-77.10,-0.0195,3.9508910737,-2.6455,282248.57,12840.53,295089.11,0,0.0000
2016-06-16,76,5,362.09,391778.45,392140.54,0.00,0.00,100000.00,-2948.56,-0.7463,3.9214054388,-3.3721,282248.57,9891.97,292140.54,0,0.0000
2016-06-17,76,5,362.09,390477.39,390839.48,0.00,0.00,100000.00,-1301.06,-0.3318,3.9083948133,-3.6927,282248.57,8590.91,290839.48,0,0.0000
2016-06-20,76,5,362.09,397527.61,397889.70,0.00,0.00,100000.00,7050.22,1.8039,3.9788970365,-1.9554,282248.57,15641.13,297889.70,0,0.0000
2016-06-21,76,5,362.09,403790.48,404152.58,0.00,0.00,100000.00,6262.87,1.5740,4.0415257766,-0.4122,282248.57,21904.01,304152.58,0,0.0000
2016-06-22,76,5,362.09,397461.37,397823.46,0.00,0.00,100000.00,-6329.11,-1.5660,3.9782346327,-1.9717,282248.57,15574.89,297823.46,0,0.0000
2016-06-23,76,5,362.09,401601.37,401963.46,0.00,0.00,100000.00,4140.00,1.0407,4.0196346412,-0.9516,282248.57,19714.89,301963.46,0,0.0000
2016-06-24,76,5,362.09,388073.66,388435.75,0.00,0.00,100000.00,-13527.71,-3.3654,3.8843575329,-4.2850,282248.57,6187.18,288435.75,0,0.0000
2016-06-27,76,5,362.09,400314.84,400676.94,0.00,0.00,100000.00,12241.18,3.1514,4.0067693508,-1.2686,282248.57,18428.36,300676.94,0,0.0000
2016-06-28,76,5,362.09,396089.85,396451.94,0.00,0.00,100000.00,-4224.99,-1.0545,3.9645194172,-2.3097,282248.57,14203.37,296451.94,0,0.0000
2016-06-29,76,5,362.09,401388.11,401750.21,0.00,0.00,100000.00,5298.27,1.3364,4.0175020750,-1.0042,282248.57,19501.63,301750.21,0,0.0000
2016-06-30,76,5,362.09,410041.30,410403.39,0.00,0.00,100000.00,8653.19,2.1539,4.1040339485,0.0000,282248.57,28154.82,310403.39,0,0.0000
2016-07-01,76,5,362.09,416803.36,417165.45,0.00,0.00,100000.00,6762.06,1.6477,4.1716545120,0.0000,282248.57,34916.88,317165.45,0,0.0000
2016-07-04,76,5,362.09,413884.16,414246.25,0.00,0.00,100000.00,-2919.20,-0.6998,4.1424625193,-0.6998,282248.57,31997.68,314246.25,0,0.0000
2016-07-05,76,5,362.09,401119.99,401482.09,0.00,0.00,100000.00,-12764.17,-3.0813,4.0148208550,-3.7595,282248.57,19233.51,301482.09,0,0.0000
2016-07-07,76,5,362.09,403805.35,404167.44,0.00,0.00,100000.00,2685.35,0.6689,4.0416743902,-3.1158,282248.57,21918.87,304167.44,0,0.0000
2016-07-08,76,5,362.09,409036.14,409398.24,0.00,0.00,100000.00,5230.80,1.2942,4.0939823759,-1.8619,282248.57,27149.67,309398.24,0,0.0000
2016-07-11,76,5,362.09,417969.71,418331.80,0.00,0.00,100000.00,8933.57,2.1821,4.1833180354,0.0000,282248.57,36083.23,318331.80,0,0.0000
2016-07-12,77,5,427.64,421314.96,421742.60,0.00,0.00,100000.00,3410.79,0.8153,4.2174259822,0.0000,303386.57,18356.03,321742.60,0,0.0000
2016-07-13,77,5,427.64,419974.35,420401.99,0.00,0.00,100000.00,-1340.60,-0.3179,4.2040199379,-0.3179,303386.57,17015.42,320401.99,0,0.0000
2016-07-14,77,5,427.64,425216.06,425643.70,0.00,0.00,100000.00,5241.71,1.2468,4.2564370091,0.0000,303386.57,22257.13,325643.70,0,0.0000
2016-07-15,77,5,427.64,427368.79,427796.43,0.00,0.00,100000.00,2152.73,0.5058,4.2779643057,0.0000,303386.57,24409.86,327796.43,0,0.0000
2016-07-18,77,5,427.64,427151.83,427579.47,0.00,0.00,100000.00,-216.96,-0.0507,4.2757946894,-0.0507,303386.57,24192.90,327579.47,0,0.0000
2016-07-19,77,5,427.64,430346.01,430773.65,0.00,0.00,100000.00,3194.19,0.7470,4.3077365428,0.0000,303386.57,27387.08,330773.65,0,0.0000
2016-07-20,77,5,427.64,428479.54,428907.18,0.00,0.00,100000.00,-1866.48,-0.4333,4.2890717505,-0.4333,303386.57,25520.60,328907.18,0,0.0000
2016-07-21,77,5,427.64,426684.48,427112.12,0.00,0.00,100000.00,-1795.06,-0.4185,4.2711211784,-0.8500,303386.57,23725.55,327112.12,0,0.0000
2016-07-22,77,5,427.64,429506.23,429933.87,0.00,0.00,100000.00,2821.75,0.6607,4.2993386877,-0.1949,303386.57,26547.30,329933.87,0,0.0000
2016-07-25,77,5,427.64,437383.48,437811.12,0.00,0.00,100000.00,7877.25,1.8322,4.3781112053,0.0000,303386.57,34424.55,337811.12,0,0.0000
2016-07-26,77,5,427.64,433222.86,433650.50,0.00,0.00,100000.00,-4160.62,-0.9503,4.3365049751,-0.9503,303386.57,30263.92,333650.50,0,0.0000
2016-07-27,77,5,427.64,436566.36,436994.00,0.00,0.00,100000.00,3343.51,0.7710,4.3699400341,-0.1866,303386.57,33607.43,336994.00,0,0.0000
2016-07-28,77,5,427.64,437691.12,438118.76,0.00,0.00,100000.00,1124.75,0.2574,4.3811875527,0.0000,303386.57,34732.18,338118.76,0,0.0000
2016-07-29,77,5,427.64,442316.14,442743.78,0.00,0.00,100000.00,4625.03,1.0557,4.4274378384,0.0000,303386.57,39357.21,342743.78,0,0.0000
2016-08-01,77,5,427.64,444210.32,444637.96,0.00,0.00,100000.00,1894.18,0.4278,4.4463795971,0.0000,303386.57,41251.39,344637.96,0,0.0000
2016-08-02,77,5,427.64,455621.61,456049.25,0.00,0.00,100000.00,11411.29,2.5664,4.5604924704,0.0000,303386.57,52662.67,356049.25,0,0.0000
2016-08-03,77,5,427.64,446862.22,447289.86,0.00,0.00,100000.00,-8759.39,-1.9207,4.4728985571,-1.9207,303386.57,43903.28,347289.86,0,0.0000
2016-08-04,77,5,427.64,461121.84,461549.48,0.00,0.00,100000.00,14259.62,3.1880,4.6154947979,0.0000,303386.57,58162.91,361549.48,0,0.0000
2016-08-05,77,5,427.64,474607.51,475035.15,0.00,0.00,100000.00,13485.67,2.9218,4.7503515315,0.0000,303386.57,71648.58,375035.15,0,0.0000
2016-08-08,77,5,427.64,479947.91,480375.55,0.00,0.00,100000.00,5340.40,1.1242,4.8037555058,0.0000,303386.57,76988.98,380375.55,0,0.0000
2016-08-09,78,5,411.68,479642.59,480054.27,0.00,0.00,100000.00,-321.28,-0.0669,4.8005427466,-0.0669,317542.30,62511.98,380054.27,0,0.0000
2016-08-10,78,5,411.68,474908.52,475320.20,0.00,0.00,100000.00,-4734.07,-0.9862,4.7532020372,-1.0524,317542.30,57777.90,375320.20,0,0.0000
2016-08-11,78,5,411.68,468163.28,468574.96,0.00,0.00,100000.00,-6745.24,-1.4191,4.6857496498,-2.4565,317542.30,51032.67,368574.96,0,0.0000
2016-08-12,78,5,411.68,474589.07,475000.75,0.00,0.00,100000.00,6425.79,1.3713,4.7500075048,-1.1189,317542.30,57458.45,375000.75,0,0.0000
2016-08-16,78,5,411.68,483317.62,483729.30,0.00,0.00,100000.00,8728.55,1.8376,4.8372930428,0.0000,317542.30,66187.01,383729.30,0,0.0000
2016-08-17,78,5,411.68,493304.57,493716.25,0.00,0.00,100000.00,9986.95,2.0646,4.9371625336,0.0000,317542.30,76173.95,393716.25,0,0.0000
2016-08-18,78,5,411.68,500190.24,500601.92,0.00,0.00,100000.00,6885.67,1.3947,5.0060191916,0.0000,317542.30,83059.62,400601.92,0,0.0000
2016-08-19,78,5,411.68,502900.18,503311.86,0.00,0.00,100000.00,2709.95,0.5413,5.0331186493,0.0000,317542.30,85769.57,403311.86,0,0.0000
2016-08-22,78,5,411.68,502447.72,502859.40,0.00,0.00,100000.00,-452.46,-0.0899,5.0285940448,-0.0899,317542.30,85317.11,402859.40,0,0.0000
2016-08-23,78,5,411.68,497697.25,498108.94,0.00,0.00,100000.00,-4750.47,-0.9447,4.9810893679,-1.0337,317542.30,80566.64,398108.94,0,0.0000
2016-08-24,78,5,411.68,500043.93,500455.61,0.00,0.00,100000.00,2346.68,0.4711,5.0045561333,-0.5675,317542.30,82913.31,400455.61,0,0.0000
2016-08-25,78,5,411.68,494613.76,495025.44,0.00,0.00,100000.00,-5430.17,-1.0850,4.9502544441,-1.6464,317542.30,77483.15,395025.44,0,0.0000
2016-08-26,78,5,411.68,497021.49,497433.18,0.00,0.00,100000.00,2407.73,0.4864,4.9743317771,-1.1680,317542.30,79890.88,397433.18,0,0.0000
2016-08-29,78,5,411.68,498938.50,499350.18,0.00,0.00,100000.00,1917.00,0.3854,4.9935018154,-0.7871,317542.30,81807.88,399350.18,0,0.0000
2016-08-30,78,5,411.68,508909.15,509320.83,0.00,0.00,100000.00,9970.65,1.9967,5.0932082997,0.0000,317542.30,91778.53,409320.83,0,0.0000
2016-08-31,78,5,411.68,506828.13,507239.82,0.00,0.00,100000.00,-2081.01,-0.4086,5.0723981504,-0.4086,317542.30,89697.52,407239.82,0,0.0000
2016-09-01,78,5,411.68,501882.47,502294.15,0.00,0.00,100000.00,-4945.67,-0.9750,5.0229414956,-1.3796,317542.30,84751.85,402294.15,0,0.0000
2016-09-02,78,5,411.68,502385.09,502796.77,0.00,0.00,100000.00,502.62,0.1001,5.0279677099,-1.2809,317542.30,85254.47,402796.77,0,0.0000
2016-09-06,78,5,411.68,516137.46,516549.14,0.00,0.00,100000.00,13752.37,2.7352,5.1654914130,0.0000,317542.30,99006.84,416549.14,0,0.0000
2016-09-07,78,5,411.68,514253.32,514665.00,0.00,0.00,100000.00,-1884.14,-0.3648,5.1466500265,-0.3648,317542.30,97122.70,414665.00,0,0.0000
2016-09-08,79,5,236.79,517429.15,517665.94,0.00,0.00,100000.00,3000.94,0.5831,5.1766593992,0.0000,324388.81,93277.12,417665.94,0,0.0000
2016-09-09,79,5,236.79,504707.11,504943.90,0.00,0.00,100000.00,-12722.04,-2.4576,5.0494389887,-2.4576,324388.81,80555.08,404943.90,0,0.0000
2016-09-12,79,5,236.79,482285.32,482522.11,0.00,0.00,100000.00,-22421.79,-4.4405,4.8252210731,-6.7889,324388.81,58133.29,382522.11,0,0.0000
2016-09-14,79,5,236.79,480852.18,481088.97,0.00,0.00,100000.00,-1433.14,-0.2970,4.8108897055,-7.0657,324388.81,56700.16,381088.97,0,0.0000
2016-09-15,79,5,236.79,482980.75,483217.54,0.00,0.00,100000.00,2128.57,0.4424,4.8321754258,-6.6546,324388.81,58828.73,383217.54,0,0.0000
2016-09-16,79,5,236.79,481500.67,481737.46,0.00,0.00,100000.00,-1480.08,-0.3063,4.8173746266,-6.9405,324388.81,57348.65,381737.46,0,0.0000
2016-09-19,79,5,236.79,481985.82,482222.61,0.00,0.00,100000.00,485.14,0.1007,4.8222260757,-6.8468,324388.81,57833.79,382222.61,0,0.0000
2016-09-20,79,5,236.79,485689.01,485925.80,0.00,0.00,100000.00,3703.19,0.7679,4.8592579817,-6.1314,324388.81,61536.98,385925.80,0,0.0000
2016-09-21,79,5,236.79,485936.26,486173.05,0.00,0.00,100000.00,247.25,0.0509,4.8617304676,-6.0836,324388.81,61784.23,386173.05,0,0.0000
2016-09-22,79,5,236.79,492954.78,493191.57,0.00,0.00,100000.00,7018.52,1.4436,4.9319156869,-4.7278,324388.81,68802.75,393191.57,0,0.0000
2016-09-23,79,5,236.79,492912.56,493149.35,0.00,0.00,100000.00,-42.22,-0.0086,4.9314935283,-4.7360,324388.81,68760.54,393149.35,0,0.0000
2016-09-26,79,5,236.79,495775.89,496012.68,0.00,0.00,100000.00,2863.33,0.5806,4.9601267804,-4.1829,324388.81,71623.86,396012.68,0,0.0000
2016-09-27,79,5,236.79,489997.52,490234.31,0.00,0.00,100000.00,-5778.37,-1.1650,4.9023431221,-5.2991,324388.81,65845.50,390234.31,0,0.0000
2016-09-28,79,5,236.79,502662.09,502898.88,0.00,0.00,100000.00,12664.57,2.5834,5.0289887958,-2.8526,324388.81,78510.06,402898.88,0,0.0000
2016-09-29,79,5,236.79,477758.36,477995.15,0.00,0.00,100000.00,-24903.73,-4.9520,4.7799515307,-7.6634,324388.81,53606.34,377995.15,0,0.0000
2016-09-30,79,5,236.79,488163.25,488400.04,0.00,0.00,100000.00,10404.89,2.1768,4.8840004482,-5.6534,324388.81,64011.23,388400.04,0,0.0000
2016-10-03,79,5,236.79,502460.30,502697.10,0.00,0.00,100000.00,14297.05,2.9273,5.0269709576,-2.8916,324388.81,78308.28,402697.10,0,0.0000
2016-10-04,79,5,236.79,501372.50,501609.29,0.00,0.00,100000.00,-1087.81,-0.2164,5.0160928908,-3.1017,324388.81,77220.47,401609.29,0,0.0000
2016-10-05,79,5,236.79,503135.13,503371.92,0.00,0.00,100000.00,1762.64,0.3514,5.0337192474,-2.7612,324388.81,78983.11,403371.92,0,0.0000
2016-10-06,79,5,236.79,504339.57,504576.36,0.00,0.00,100000.00,1204.43,0.2393,5.0457635751,-2.5286,324388.81,80187.54,404576.36,0,0.0000
2016-10-07,80,5,47861.75,457932.63,505794.38,0.00,0.00,100000.00,1218.02,0.2414,5.0579438197,-2.2933,326168.79,79625.59,405794.38,0,0.0000
2016-10-10,80,5,47861.75,461199.71,509061.46,0.00,0.00,100000.00,3267.08,0.6459,5.0906146123,-1.6622,326168.79,82892.67,409061.46,0,0.0000
2016-10-13,80,5,47861.75,450136.76,497998.51,0.00,0.00,100000.00,-11062.96,-2.1732,4.9799850617,-3.7993,326168.79,71829.72,397998.51,0,0.0000
2016-10-14,80,5,47861.75,450548.06,498409.81,0.00,0.00,100000.00,411.30,0.0826,4.9840980954,-3.7198,326168.79,72241.02,398409.81,0,0.0000
2016-10-17,80,5,47861.75,444390.88,492252.63,0.00,0.00,100000.00,-6157.18,-1.2354,4.9225263136,-4.9092,326168.79,66083.84,392252.63,0,0.0000
2016-10-18,80,5,47861.75,450951.47,498813.22,0.00,0.00,100000.00,6560.59,1.3328,4.9881321645,-3.6419,326168.79,72644.43,398813.22,0,0.0000
2016-10-19,80,5,47861.75,456409.81,504271.56,0.00,0.00,100000.00,5458.34,1.0943,5.0427155869,-2.5875,326168.79,78102.77,404271.56,0,0.0000
2016-10-20,80,5,47861.75,461148.62,509010.37,0.00,0.00,100000.00,4738.81,0.9397,5.0901036751,-1.6720,326168.79,82841.58,409010.37,0,0.0000
2016-10-21,80,5,47861.75,459575.56,507437.31,0.00,0.00,100000.00,-1573.05,-0.3090,5.0743731482,-1.9759,326168.79,81268.53,407437.31,0,0.0000
2016-10-24,80,5,47861.75,459140.61,507002.36,0.00,0.00,100000.00,-434.96,-0.0857,5.0700235623,-2.0599,326168.79,80833.57,407002.36,0,0.0000
2016-10-25,80,5,47861.75,458416.18,506277.93,0.00,0.00,100000.00,-724.43,-0.1429,5.0627793027,-2.1999,326168.79,80109.14,406277.93,0,0.0000
2016-10-26,80,5,47861.75,456213.23,504074.98,0.00,0.00,100000.00,-2202.95,-0.4351,5.0407497644,-2.6254,326168.79,77906.19,404074.98,0,0.0000
2016-10-27,80,5,47861.75,445470.10,493331.85,0.00,0.00,100000.00,-10743.12,-2.1313,4.9333185323,-4.7007,326168.79,67163.06,393331.85,0,0.0000
2016-10-28,80,5,47861.75,460779.24,508640.99,0.00,0.00,100000.00,15309.13,3.1032,5.0864098624,-1.7434,326168.79,82472.20,408640.99,0,0.0000
2016-11-01,80,5,47861.75,468402.21,516263.96,0.00,0.00,100000.00,7622.98,1.4987,5.1626396256,-0.2708,326168.79,90095.17,416263.96,0,0.0000
2016-11-02,80,5,47861.75,456699.94,504561.69,0.00,0.00,100000.00,-11702.27,-2.2667,5.0456169385,-2.5314,326168.79,78392.90,404561.69,0,0.0000
2016-11-03,80,5,47861.75,453026.00,500887.75,0.00,0.00,100000.00,-3673.94,-0.7281,5.0088775435,-3.2411,326168.79,74718.97,400887.75,0,0.0000
2016-11-04,80,5,47861.75,447658.57,495520.32,0.00,0.00,100000.00,-5367.43,-1.0716,4.9552032134,-4.2780,326168.79,69351.53,395520.32,0,0.0000
2016-11-07,80,5,47861.75,460504.02,508365.77,0.00,0.00,100000.00,12845.45,2.5923,5.0836576802,-1.7966,326168.79,82196.98,408365.77,0,0.0000
2016-11-08,80,5,47861.75,462837.66,510699.41,0.00,0.00,100000.00,2333.65,0.4590,5.1069941441,-1.3458,326168.79,84530.63,410699.41,0,0.0000
2016-11-09,81,5,45477.80,440628.37,486106.18,0.00,0.00,100000.00,-24593.24,-4.8156,4.8610617608,-6.0966,367124.04,18982.13,386106.18,0,0.0000
2016-11-10,81,5,45477.80,457085.65,502563.45,0.00,0.00,100000.00,16457.28,3.3855,5.0256345410,-2.9174,367124.04,35439.41,402563.45,0,0.0000
2016-11-11,81,5,45477.80,431123.25,476601.05,0.00,0.00,100000.00,-25962.40,-5.1660,4.7660105077,-7.9327,367124.04,9477.01,376601.05,0,0.0000
2016-11-15,81,5,45477.80,409096.84,454574.64,0.00,0.00,100000.00,-22026.41,-4.6216,4.5457464188,-12.1876,367124.04,-12549.40,354574.64,0,0.0000
2016-11-16,81,5,45477.80,392956.37,438434.17,0.00,0.00,100000.00,-16140.47,-3.5507,4.3843416902,-15.3056,367124.04,-28689.88,338434.17,0,0.0000
2016-11-17,81,5,45477.80,391674.25,437152.05,0.00,0.00,100000.00,-1282.12,-0.2924,4.3715205312,-15.5533,367124.04,-29971.99,337152.05,0,0.0000
2016-11-18,81,5,45477.80,387158.69,432636.49,0.00,0.00,100000.00,-4515.56,-1.0330,4.3263648834,-16.4255,367124.04,-34487.56,332636.49,0,0.0000
2016-11-21,81,5,45477.80,374680.58,420158.38,0.00,0.00,100000.00,-12478.11,-2.8842,4.2015837899,-18.8360,367124.04,-46965.67,320158.38,0,0.0000
2016-11-22,81,5,45477.80,383382.26,428860.06,0.00,0.00,100000.00,8701.68,2.0710,4.2886006084,-17.1551,367124.04,-38263.98,328860.06,0,0.0000
2016-11-23,81,5,45477.80,390976.79,436454.59,0.00,0.00,100000.00,7594.53,1.7709,4.3645459482,-15.6880,367124.04,-30669.45,336454.59,0,0.0000
2016-11-24,81,5,45477.80,393825.57,439303.37,0.00,0.00,100000.00,2848.77,0.6527,4.3930336891,-15.1377,367124.04,-27820.68,339303.37,0,0.0000
2016-11-25,81,5,45477.80,398584.61,444062.41,0.00,0.00,100000.00,4759.04,1.0833,4.4406241259,-14.2183,367124.04,-23061.63,344062.41,0,0.0000
2016-11-28,81,5,45477.80,402234.16,447711.96,0.00,0.00,100000.00,3649.55,0.8219,4.4771196373,-13.5133,367124.04,-19412.08,347711.96,0,0.0000
2016-11-29,81,5,45477.80,403658.35,449136.15,0.00,0.00,100000.00,1424.18,0.3181,4.4913614841,-13.2382,367124.04,-17987.90,349136.15,0,0.0000
2016-11-30,81,5,45477.80,412358.22,457836.03,0.00,0.00,100000.00,8699.88,1.9370,4.5783602535,-11.5576,367124.04,-9288.02,357836.03,0,0.0000
2016-12-01,81,5,45477.80,406183.08,451660.88,0.00,0.00,100000.00,-6175.15,-1.3488,4.5166087749,-12.7505,367124.04,-15463.17,351660.88,0,0.0000
2016-12-02,81,5,45477.80,399103.78,444581.59,0.00,0.00,100000.00,-7079.29,-1.5674,4.4458158618,-14.1181,367124.04,-22542.46,344581.59,0,0.0000
2016-12-05,81,5,45477.80,406834.23,452312.03,0.00,0.00,100000.00,7730.44,1.7388,4.5231203047,-12.6247,367124.04,-14812.01,352312.03,0,0.0000
2016-12-06,81,5,45477.80,407574.25,453052.05,0.00,0.00,100000.00,740.02,0.1636,4.5305204746,-12.4818,367124.04,-14072.00,353052.05,0,0.0000
2016-12-07,81,5,45477.80,407673.66,453151.46,0.00,0.00,100000.00,99.42,0.0219,4.5315146394,-12.4626,367124.04,-13972.58,353151.46,0,0.0000
2016-12-08,82,5,42074.14,413725.64,455799.78,0.00,0.00,100000.00,2648.31,0.5844,4.5579977658,-11.9510,361114.37,-5314.59,355799.78,0,0.0000
2016-12-09,82,5,42074.14,413139.81,455213.95,0.00,0.00,100000.00,-585.83,-0.1285,4.5521394629,-12.0641,361114.37,-5900.42,355213.95,0,0.0000
2016-12-12,82,5,42074.14,413342.21,455416.34,0.00,0.00,100000.00,202.40,0.0445,4.5541634321,-12.0251,361114.37,-5698.03,355416.34,0,0.0000
2016-12-13,82,5,42074.14,413364.99,455439.12,0.00,0.00,100000.00,22.78,0.0050,4.5543912443,-12.0207,361114.37,-5675.24,355439.12,0,0.0000
2016-12-14,82,5,42074.14,409602.96,451677.10,0.00,0.00,100000.00,-3762.02,-0.8260,4.5167709950,-12.7474,361114.37,-9437.27,351677.10,0,0.0000
2016-12-15,82,5,42074.14,406129.96,448204.10,0.00,0.00,100000.00,-3473.00,-0.7689,4.4820409802,-13.4183,361114.37,-12910.27,348204.10,0,0.0000
2016-12-16,82,5,42074.14,402939.99,445014.13,0.00,0.00,100000.00,-3189.97,-0.7117,4.4501413037,-14.0345,361114.37,-16100.24,345014.13,0,0.0000
2016-12-19,82,5,42074.14,397300.34,439374.47,0.00,0.00,100000.00,-5639.66,-1.2673,4.3937447045,-15.1239,361114.37,-21739.90,339374.47,0,0.0000
2016-12-20,82,5,42074.14,389637.04,431711.18,0.00,0.00,100000.00,-7663.29,-1.7441,4.3171117582,-16.6043,361114.37,-29403.19,331711.18,0,0.0000
2016-12-21,82,5,42074.14,387051.62,429125.75,0.00,0.00,100000.00,-2585.42,-0.5989,4.2912575310,-17.1037,361114.37,-31988.62,329125.75,0,0.0000
2016-12-22,82,5,42074.14,375731.64,417805.77,0.00,0.00,100000.00,-11319.98,-2.6379,4.1780577130,-19.2905,361114.37,-43308.60,317805.77,0,0.0000
2016-12-23,82,5,42074.14,379264.57,421338.70,0.00,0.00,100000.00,3532.93,0.8456,4.2133870498,-18.6080,361114.37,-39775.66,321338.70,0,0.0000
2016-12-26,82,5,42074.14,366924.68,408998.81,0.00,0.00,100000.00,-12339.89,-2.9287,4.0899881440,-20.9917,361114.37,-52115.55,308998.81,0,0.0000
2016-12-27,82,5,42074.14,378108.94,420183.08,0.00,0.00,100000.00,11184.26,2.7345,4.2018307910,-18.8312,361114.37,-40931.29,320183.08,0,0.0000
2016-12-28,82,5,42074.14,379141.70,421215.84,0.00,0.00,100000.00,1032.76,0.2458,4.2121583887,-18.6317,361114.37,-39898.53,321215.84,0,0.0000
2016-12-29,82,5,42074.14,387087.22,429161.35,0.00,0.00,100000.00,7945.51,1.8863,4.2916135162,-17.0969,361114.37,-31953.02,329161.35,0,0.0000
2016-12-30,82,5,42074.14,392814.94,434889.08,0.00,0.00,100000.00,5727.73,1.3346,4.3488907855,-15.9904,361114.37,-26225.29,334889.08,0,0.0000
2017-01-02,82,5,42074.14,396310.07,438384.21,0.00,0.00,100000.00,3495.13,0.8037,4.3838420513,-15.3152,361114.37,-22730.16,338384.21,0,0.0000
2017-01-03,82,5,42074.14,397600.41,439674.54,0.00,0.00,100000.00,1290.34,0.2943,4.3967454408,-15.0660,361114.37,-21439.82,339674.54,0,0.0000
2017-01-04,82,5,42074.14,397740.13,439814.26,0.00,0.00,100000.00,139.72,0.0318,4.3981426422,-15.0390,361114.37,-21300.10,339814.26,0,0.0000
2017-01-05,83,5,38923.85,408053.56,446977.42,0.00,0.00,100000.00,7163.15,1.6287,4.4697741600,-13.6552,355871.34,-8893.92,346977.42,0,0.0000
2017-01-06,83,5,38923.85,404835.47,443759.32,0.00,0.00,100000.00,-3218.09,-0.7200,4.4375932330,-14.2769,355871.34,-12112.02,343759.32,0,0.0000
2017-01-09,83,5,38923.85,402115.71,441039.56,0.00,0.00,100000.00,-2719.76,-0.6129,4.4103956097,-14.8023,355871.34,-14831.78,341039.56,0,0.0000
2017-01-10,83,5,38923.85,407337.85,446261.70,0.00,0.00,100000.00,5222.14,1.1841,4.4626170129,-13.7935,355871.34,-9609.64,346261.70,0,0.0000
2017-01-11,83,5,38923.85,415560.77,454484.62,0.00,0.00,100000.00,8222.92,1.8426,4.5448462318,-12.2050,355871.34,-1386.72,354484.62,0,0.0000
2017-01-12,83,5,38923.85,420206.60,459130.45,0.00,0.00,100000.00,4645.83,1.0222,4.5913045009,-11.3076,355871.34,3259.11,359130.45,0,0.0000
2017-01-13,83,5,38923.85,416724.17,455648.02,0.00,0.00,100000.00,-3482.43,-0.7585,4.5564802373,-11.9803,355871.34,-223.32,355648.02,0,0.0000
2017-01-16,83,5,38923.85,412230.32,451154.18,0.00,0.00,100000.00,-4493.85,-0.9863,4.5115417763,-12.8484,355871.34,-4717.16,351154.18,0,0.0000
2017-01-17,83,5,38923.85,408717.69,447641.55,0.00,0.00,100000.00,-3512.63,-0.7786,4.4764154674,-13.5269,355871.34,-8229.79,347641.55,0,0.0000
2017-01-18,83,5,38923.85,416965.89,455889.74,0.00,0.00,100000.00,8248.20,1.8426,4.5588974227,-11.9336,355871.34,18.40,355889.74,0,0.0000
2017-01-19,83,5,38923.85,416963.18,455887.03,0.00,0.00,100000.00,-2.71,-0.0006,4.5588703375,-11.9341,355871.34,15.69,355887.03,0,0.0000
2017-01-20,83,5,38923.85,412062.35,450986.21,0.00,0.00,100000.00,-4900.83,-1.0750,4.5098620776,-12.8808,355871.34,-4885.13,350986.21,0,0.0000
2017-01-23,83,5,38923.85,417911.23,456835.09,0.00,0.00,100000.00,5848.88,1.2969,4.5683508650,-11.7510,355871.34,963.75,356835.09,0,0.0000
2017-01-24,83,5,38923.85,424573.75,463497.61,0.00,0.00,100000.00,6662.52,1.4584,4.6349760877,-10.4640,355871.34,7626.27,363497.61,0,0.0000
2017-01-25,83,5,38923.85,431249.63,470173.49,0.00,0.00,100000.00,6675.88,1.4403,4.7017348943,-9.1743,355871.34,14302.15,370173.49,0,0.0000
2017-01-27,83,5,38923.85,434718.97,473642.82,0.00,0.00,100000.00,3469.33,0.7379,4.7364281975,-8.5042,355871.34,17771.48,373642.82,0,0.0000
2017-01-30,83,5,38923.85,430889.30,469813.15,0.00,0.00,100000.00,-3829.67,-0.8086,4.6981315020,-9.2440,355871.34,13941.81,369813.15,0,0.0000
2017-01-31,83,5,38923.85,423106.68,462030.53,0.00,0.00,100000.00,-7782.62,-1.6565,4.6203053060,-10.7474,355871.34,6159.19,362030.53,0,0.0000
2017-02-01,83,5,38923.85,428200.99,467124.84,0.00,0.00,100000.00,5094.31,1.1026,4.6712484193,-9.7633,355871.34,11253.50,367124.84,0,0.0000
2017-02-02,83,5,38923.85,429104.47,468028.33,0.00,0.00,100000.00,903.49,0.1934,4.6802832693,-9.5887,355871.34,12156.99,368028.33,0,0.0000
2017-02-03,84,5,822.79,468479.46,469302.25,0.00,0.00,100000.00,1273.92,0.2722,4.6930224930,-9.3426,351180.32,18121.93,369302.25,0,0.0000
2017-02-06,84,5,822.79,468827.01,469649.80,0.00,0.00,100000.00,347.55,0.0741,4.6964980210,-9.2755,351180.32,18469.49,369649.80,0,0.0000
2017-02-07,84,5,822.79,472411.30,473234.09,0.00,0.00,100000.00,3584.29,0.7632,4.7323408716,-8.5831,351180.32,22053.77,373234.09,0,0.0000
2017-02-08,84,5,822.79,477665.98,478488.77,0.00,0.00,100000.00,5254.69,1.1104,4.7848877240,-7.5680,351180.32,27308.46,378488.77,0,0.0000
2017-02-09,84,5,822.79,477588.83,478411.62,0.00,0.00,100000.00,-77.15,-0.0161,4.7841162268,-7.5829,351180.32,27231.31,378411.62,0,0.0000
2017-02-10,84,5,822.79,471911.50,472734.29,0.00,0.00,100000.00,-5677.33,-1.1867,4.7273429106,-8.6797,351180.32,21553.98,372734.29,0,0.0000
2017-02-13,84,5,822.79,469754.17,470576.96,0.00,0.00,100000.00,-2157.33,-0.4564,4.7057696042,-9.0964,351180.32,19396.64,370576.96,0,0.0000
2017-02-14,84,5,822.79,464692.03,465514.82,0.00,0.00,100000.00,-5062.14,-1.0757,4.6551482386,-10.0743,351180.32,14334.51,365514.82,0,0.0000
2017-02-15,84,5,822.79,451367.35,452190.14,0.00,0.00,100000.00,-13324.68,-2.8624,4.5219014156,-12.6483,351180.32,1009.83,352190.14,0,0.0000
2017-02-16,84,5,822.79,457708.74,458531.54,0.00,0.00,100000.00,6341.39,1.4024,4.5853153548,-11.4233,351180.32,7351.22,358531.54,0,0.0000
2017-02-17,84,5,822.79,460220.46,461043.25,0.00,0.00,100000.00,2511.72,0.5478,4.6104325333,-10.9381,351180.32,9862.94,361043.25,0,0.0000
2017-02-20,84,5,822.79,460377.20,461199.99,0.00,0.00,100000.00,156.74,0.0340,4.6119999056,-10.9078,351180.32,10019.68,361199.99,0,0.0000
2017-02-21,84,5,822.79,464027.10,464849.89,0.00,0.00,100000.00,3649.90,0.7914,4.6484988755,-10.2027,351180.32,13669.57,364849.89,0,0.0000
2017-02-22,84,5,822.79,458247.10,459069.89,0.00,0.00,100000.00,-5780.00,-1.2434,4.5906988684,-11.3193,351180.32,7889.57,359069.89,0,0.0000
2017-02-23,84,5,822.79,463107.74,463930.53,0.00,0.00,100000.00,4860.64,1.0588,4.6393053182,-10.3803,351180.32,12750.22,363930.53,0,0.0000
2017-02-27,84,5,822.79,462153.22,462976.01,0.00,0.00,100000.00,-954.52,-0.2057,4.6297601427,-10.5647,351180.32,11795.70,362976.01,0,0.0000
2017-02-28,84,5,822.79,459243.24,460066.03,0.00,0.00,100000.00,-2909.99,-0.6285,4.6006602718,-11.1269,351180.32,8885.71,360066.03,0,0.0000
2017-03-01,84,5,822.79,463722.96,464545.75,0.00,0.00,100000.00,4479.72,0.9737,4.6454574892,-10.2615,351180.32,13365.43,364545.75,0,0.0000
2017-03-02,84,5,822.79,462079.64,462902.43,0.00,0.00,100000.00,-1643.32,-0.3537,4.6290243319,-10.5789,351180.32,11722.12,362902.43,0,0.0000
2017-03-03,84,5,822.79,470403.85,471226.64,0.00,0.00,100000.00,8324.21,1.7983,4.7122664339,-8.9709,351180.32,20046.33,371226.64,0,0.0000
2017-03-06,85,5,1606.61,468682.91,470289.51,0.00,0.00,100000.00,-937.13,-0.1989,4.7028951210,-9.1519,361166.28,9123.24,370289.51,0,0.0000
2017-03-07,85,5,1606.61,460373.88,461980.48,0.00,0.00,100000.00,-8309.03,-1.7668,4.6198048395,-10.7570,361166.28,814.21,361980.48,0,0.0000
2017-03-08,85,5,1606.61,448620.81,450227.42,0.00,0.00,100000.00,-11753.07,-2.5441,4.5022741552,-13.0274,361166.28,-10938.86,350227.42,0,0.0000
2017-03-09,85,5,1606.61,446320.49,447927.10,0.00,0.00,100000.00,-2300.32,-0.5109,4.4792709701,-13.4718,361166.28,-13239.18,347927.10,0,0.0000
2017-03-10,85,5,1606.61,442855.69,444462.30,0.00,0.00,100000.00,-3464.80,-0.7735,4.4446229770,-14.1411,361166.28,-16703.98,344462.30,0,0.0000
2017-03-14,85,5,1606.61,449349.12,450955.72,0.00,0.00,100000.00,6493.43,1.4610,4.5095572493,-12.8867,361166.28,-10210.55,350955.72,0,0.0000
2017-03-15,85,5,1606.61,456908.16,458514.76,0.00,0.00,100000.00,7559.04,1.6762,4.5851476313,-11.4265,361166.28,-2651.51,358514.76,0,0.0000
2017-03-16,85,5,1606.61,460508.58,462115.18,0.00,0.00,100000.00,3600.42,0.7852,4.6211518110,-10.7310,361166.28,948.91,362115.18,0,0.0000
2017-03-17,85,5,1606.61,459736.73,461343.34,0.00,0.00,100000.00,-771.84,-0.1670,4.6134333867,-10.8801,361166.28,177.06,361343.34,0,0.0000
2017-03-20,85,5,1606.61,451548.98,453155.59,0.00,0.00,100000.00,-8187.75,-1.7748,4.5315558782,-12.4618,361166.28,-8010.69,353155.59,0,0.0000
2017-03-21,85,5,1606.61,445448.26,447054.86,0.00,0.00,100000.00,-6100.73,-1.3463,4.4705486226,-13.6403,361166.28,-14111.41,347054.86,0,0.0000
2017-03-22,85,5,1606.61,443857.80,445464.41,0.00,0.00,100000.00,-1590.45,-0.3558,4.4546440984,-13.9475,361166.28,-15701.87,345464.41,0,0.0000
2017-03-23,85,5,1606.61,446302.42,447909.03,0.00,0.00,100000.00,2444.62,0.5488,4.4790902534,-13.4753,361166.28,-13257.25,347909.03,0,0.0000
2017-03-24,85,5,1606.61,448993.31,450599.91,0.00,0.00,100000.00,2690.88,0.6008,4.5059991013,-12.9555,361166.28,-10566.37,350599.91,0,0.0000
2017-03-27,85,5,1606.61,446416.03,448022.64,0.00,0.00,100000.00,-2577.27,-0.5720,4.4802263577,-13.4533,361166.28,-13143.64,348022.64,0,0.0000
2017-03-28,85,5,1606.61,447899.59,449506.20,0.00,0.00,100000.00,1483.56,0.3311,4.4950619912,-13.1667,361166.28,-11660.08,349506.20,0,0.0000
2017-03-29,85,5,1606.61,444836.89,446443.49,0.00,0.00,100000.00,-3062.70,-0.6813,4.4644349463,-13.7584,361166.28,-14722.78,346443.49,0,0.0000
2017-03-30,85,5,1606.61,446217.44,447824.04,0.00,0.00,100000.00,1380.55,0.3092,4.4782404303,-13.4917,361166.28,-13342.23,347824.04,0,0.0000
2017-03-31,85,5,1606.61,455879.85,457486.46,0.00,0.00,100000.00,9662.41,2.1576,4.5748645642,-11.6252,361166.28,-3679.82,357486.46,0,0.0000
2017-04-03,85,5,1606.61,456077.82,457684.43,0.00,0.00,100000.00,197.97,0.0433,4.5768442593,-11.5869,361166.28,-3481.85,357684.43,0,0.0000
2017-04-05,86,5,659.42,459796.18,460455.59,0.00,0.00,100000.00,2771.17,0.6055,4.6045559388,-11.0516,350714.41,9741.18,360455.59,0,0.0000
2017-04-06,86,5,659.42,457497.32,458156.74,0.00,0.00,100000.00,-2298.85,-0.4993,4.5815674174,-11.4957,350714.41,7442.33,358156.74,0,0.0000
2017-04-07,86,5,659.42,454430.66,455090.08,0.00,0.00,100000.00,-3066.66,-0.6693,4.5509008026,-12.0881,350714.41,4375.67,355090.08,0,0.0000
2017-04-10,86,5,659.42,463458.97,464118.39,0.00,0.00,100000.00,9028.31,1.9839,4.6411838602,-10.3440,350714.41,13403.97,364118.39,0,0.0000
2017-04-11,86,5,659.42,466737.61,467397.03,0.00,0.00,100000.00,3278.64,0.7064,4.6739702731,-9.7107,350714.41,16682.61,367397.03,0,0.0000
2017-04-12,86,5,659.42,456509.27,457168.69,0.00,0.00,100000.00,-10228.34,-2.1884,4.5716868953,-11.6865,350714.41,6454.28,357168.69,0,0.0000
2017-04-13,86,5,659.42,458002.29,458661.71,0.00,0.00,100000.00,1493.02,0.3266,4.5866170598,-11.3981,350714.41,7947.29,358661.71,0,0.0000
2017-04-17,86,5,659.42,466137.47,466796.89,0.00,0.00,100000.00,8135.18,1.7737,4.6679688989,-9.8266,350714.41,16082.48,366796.89,0,0.0000
2017-04-18,86,5,659.42,482602.44,483261.86,0.00,0.00,100000.00,16464.97,3.5272,4.8326185761,-6.6460,350714.41,32547.44,383261.86,0,0.0000
2017-04-19,86,5,659.42,489705.00,490364.42,0.00,0.00,100000.00,7102.56,1.4697,4.9036441763,-5.2740,350714.41,39650.00,390364.42,0,0.0000
2017-04-20,86,5,659.42,491720.61,492380.02,0.00,0.00,100000.00,2015.61,0.4110,4.9238002398,-4.8846,350714.41,41665.61,392380.02,0,0.0000
2017-04-21,86,5,659.42,497326.05,497985.46,0.00,0.00,100000.00,5605.44,1.1384,4.9798546442,-3.8018,350714.41,47271.05,397985.46,0,0.0000
2017-04-24,86,5,659.42,503862.92,504522.34,0.00,0.00,100000.00,6536.88,1.3127,5.0452234113,-2.5390,350714.41,53807.93,404522.34,0,0.0000
2017-04-25,86,5,659.42,503492.33,504151.75,0.00,0.00,100000.00,-370.59,-0.0735,5.0415174747,-2.6106,350714.41,53437.33,404151.75,0,0.0000
2017-04-26,86,5,659.42,475959.76,476619.18,0.00,0.00,100000.00,-27532.57,-5.4612,4.7661918234,-7.9292,350714.41,25904.77,376619.18,0,0.0000
2017-04-27,86,5,659.42,470990.20,471649.62,0.00,0.00,100000.00,-4969.57,-1.0427,4.7164961536,-8.8892,350714.41,20935.20,371649.62,0,0.0000
2017-04-28,86,5,659.42,467771.41,468430.83,0.00,0.00,100000.00,-3218.79,-0.6825,4.6843082581,-9.5110,350714.41,17716.41,368430.83,0,0.0000
2017-05-02,86,5,659.42,466715.28,467374.70,0.00,0.00,100000.00,-1056.12,-0.2255,4.6737470125,-9.7150,350714.41,16660.29,367374.70,0,0.0000
2017-05-03,86,5,659.42,472964.74,473624.16,0.00,0.00,100000.00,6249.46,1.3371,4.7362416132,-8.5078,350714.41,22909.75,373624.16,0,0.0000
2017-05-04,86,5,659.42,481484.89,482144.31,0.00,0.00,100000.00,8520.14,1.7989,4.8214430600,-6.8619,350714.41,31429.89,382144.31,0,0.0000
2017-05-05,87,5,1499.83,480448.54,481948.37,0.00,0.00,100000.00,-195.94,-0.0406,4.8194836794,-6.8997,346072.39,35875.98,381948.37,0,0.0000
2017-05-08,87,5,1499.83,480601.42,482101.25,0.00,0.00,100000.00,152.88,0.0317,4.8210125121,-6.8702,346072.39,36028.86,382101.25,0,0.0000
2017-05-09,87,5,1499.83,488110.54,489610.37,0.00,0.00,100000.00,7509.12,1.5576,4.8961037113,-5.4196,346072.39,43537.98,389610.37,0,0.0000
2017-05-10,87,5,1499.83,503645.55,505145.38,0.00,0.00,100000.00,15535.01,3.1729,5.0514538413,-2.4187,346072.39,59072.99,405145.38,0,0.0000
2017-05-11,87,5,1499.83,501160.08,502659.91,0.00,0.00,100000.00,-2485.48,-0.4920,5.0265990770,-2.8988,346072.39,56587.52,402659.91,0,0.0000
2017-05-12,87,5,1499.83,494157.63,495657.46,0.00,0.00,100000.00,-7002.45,-1.3931,4.9565745661,-4.2515,346072.39,49585.06,395657.46,0,0.0000
2017-05-15,87,5,1499.83,498007.13,499506.96,0.00,0.00,100000.00,3849.50,0.7766,4.9950695794,-3.5079,346072.39,53434.57,399506.96,0,0.0000
2017-05-16,87,5,1499.83,501676.69,503176.52,0.00,0.00,100000.00,3669.56,0.7346,5.0317652231,-2.7990,346072.39,57104.13,403176.52,0,0.0000
2017-05-17,87,5,1499.83,503318.40,504818.23,0.00,0.00,100000.00,1641.70,0.3263,5.0481822730,-2.4819,346072.39,58745.84,404818.23,0,0.0000
2017-05-18,87,5,1499.83,496944.89,498444.72,0.00,0.00,100000.00,-6373.51,-1.2625,4.9844471917,-3.7131,346072.39,52372.33,398444.72,0,0.0000
2017-05-19,87,5,1499.83,494067.69,495567.52,0.00,0.00,100000.00,-2877.20,-0.5772,4.9556752392,-4.2689,346072.39,49495.13,395567.52,0,0.0000
2017-05-22,87,5,1499.83,485025.37,486525.20,0.00,0.00,100000.00,-9042.32,-1.8246,4.8652519942,-6.0156,346072.39,40452.81,386525.20,0,0.0000
2017-05-23,87,5,1499.83,470078.83,471578.66,0.00,0.00,100000.00,-14946.54,-3.0721,4.7157865745,-8.9029,346072.39,25506.27,371578.66,0,0.0000
2017-05-24,87,5,1499.83,461342.73,462842.56,0.00,0.00,100000.00,-8736.10,-1.8525,4.6284255898,-10.5905,346072.39,16770.17,362842.56,0,0.0000
2017-05-25,87,5,1499.83,470966.86,472466.70,0.00,0.00,100000.00,9624.14,2.0794,4.7246669520,-8.7314,346072.39,26394.30,372466.70,0,0.0000
2017-05-26,87,5,1499.83,474737.17,476237.00,0.00,0.00,100000.00,3770.31,0.7980,4.7623700390,-8.0030,346072.39,30164.61,376237.00,0,0.0000
2017-05-29,87,5,1499.83,470528.62,472028.45,0.00,0.00,100000.00,-4208.55,-0.8837,4.7202845101,-8.8160,346072.39,25956.06,372028.45,0,0.0000
2017-05-30,87,5,1499.83,476719.67,478219.50,0.00,0.00,100000.00,6191.05,1.3116,4.7821950457,-7.6201,346072.39,32147.11,378219.50,0,0.0000
2017-05-31,87,5,1499.83,483598.04,485097.87,0.00,0.00,100000.00,6878.37,1.4383,4.8509787040,-6.2913,346072.39,39025.48,385097.87,0,0.0000
2017-06-01,87,5,1499.83,487355.48,488855.31,0.00,0.00,100000.00,3757.44,0.7746,4.8885531493,-5.5655,346072.39,42782.92,388855.31,0,0.0000
2017-06-02,88,5,645.17,487813.57,488458.74,0.00,0.00,100000.00,-396.57,-0.0811,4.8845874173,-5.6421,358365.11,30093.63,388458.74,0,0.0000
2017-06-05,88,5,645.17,488239.43,488884.59,0.00,0.00,100000.00,425.85,0.0872,4.8888459390,-5.5598,358365.11,30519.49,388884.59,0,0.0000
2017-06-06,88,5,645.17,493050.70,493695.87,0.00,0.00,100000.00,4811.27,0.9841,4.9369586507,-4.6304,358365.11,35330.76,393695.87,0,0.0000
2017-06-07,88,5,645.17,497007.29,497652.46,0.00,0.00,100000.00,3956.59,0.8014,4.9765245875,-3.8661,358365.11,39287.35,397652.46,0,0.0000
2017-06-08,88,5,645.17,500307.08,500952.25,0.00,0.00,100000.00,3299.79,0.6631,5.0095224624,-3.2287,358365.11,42587.14,400952.25,0,0.0000
2017-06-09,88,5,645.17,506398.22,507043.39,0.00,0.00,100000.00,6091.14,1.2159,5.0704339031,-2.0520,358365.11,48678.28,407043.39,0,0.0000
2017-06-12,88,5,645.17,506017.35,506662.51,0.00,0.00,100000.00,-380.88,-0.0751,5.0666251418,-2.1256,358365.11,48297.41,406662.51,0,0.0000
2017-06-13,88,5,645.17,516808.60,517453.77,0.00,0.00,100000.00,10791.25,2.1299,5.1745376867,-0.0410,358365.11,59088.66,417453.77,0,0.0000
2017-06-14,88,5,645.17,526503.30,527148.47,0.00,0.00,100000.00,9694.70,1.8735,5.2714847185,0.0000,358365.11,68783.37,427148.47,0,0.0000
2017-06-15,88,5,645.17,535401.52,536046.69,0.00,0.00,100000.00,8898.21,1.6880,5.3604668630,0.0000,358365.11,77681.58,436046.69,0,0.0000
2017-06-16,88,5,645.17,529369.33,530014.49,0.00,0.00,100000.00,-6032.19,-1.1253,5.3001449238,-1.1253,358365.11,71649.39,430014.49,0,0.0000
2017-06-19,88,5,645.17,524944.49,525589.65,0.00,0.00,100000.00,-4424.84,-0.8349,5.2558965499,-1.9508,358365.11,67224.55,425589.65,0,0.0000
2017-06-20,88,5,645.17,525457.62,526102.79,0.00,0.00,100000.00,513.14,0.0976,5.2610279093,-1.8550,358365.11,67737.68,426102.79,0,0.0000
2017-06-21,88,5,645.17,524030.89,524676.06,0.00,0.00,100000.00,-1426.73,-0.2712,5.2467605765,-2.1212,358365.11,66310.95,424676.06,0,0.0000
2017-06-22,88,5,645.17,517337.97,517983.14,0.00,0.00,100000.00,-6692.92,-1.2756,5.1798313793,-3.3698,358365.11,59618.03,417983.14,0,0.0000
2017-06-23,88,5,645.17,503624.16,504269.33,0.00,0.00,100000.00,-13713.81,-2.6475,5.0426932772,-5.9281,358365.11,45904.22,404269.33,0,0.0000
2017-06-27,88,5,645.17,497256.13,497901.30,0.00,0.00,100000.00,-6368.03,-1.2628,4.9790129613,-7.1161,358365.11,39536.19,397901.30,0,0.0000
2017-06-28,88,5,645.17,505197.84,505843.01,0.00,0.00,100000.00,7941.71,1.5950,5.0584300594,-5.6345,358365.11,47477.90,405843.01,0,0.0000
2017-06-29,88,5,645.17,506758.24,507403.41,0.00,0.00,100000.00,1560.40,0.3085,5.0740340972,-5.3434,358365.11,49038.30,407403.41,0,0.0000
2017-06-30,88,5,645.17,509273.63,509918.79,0.00,0.00,100000.00,2515.38,0.4957,5.0991879262,-4.8742,358365.11,51553.69,409918.79,0,0.0000
2017-07-03,89,5,1726.98,513135.38,514862.35,0.00,0.00,100000.00,4943.56,0.9695,5.1486235331,-3.9520,351227.86,63634.50,414862.35,0,0.0000
2017-07-04,89,5,1726.98,507402.86,509129.83,0.00,0.00,100000.00,-5732.52,-1.1134,5.0912983307,-5.0214,351227.86,57901.98,409129.83,0,0.0000
2017-07-05,89,5,1726.98,511359.28,513086.25,0.00,0.00,100000.00,3956.42,0.7771,5.1308625071,-4.2833,351227.86,61858.39,413086.25,0,0.0000
2017-07-06,89,5,1726.98,519302.90,521029.87,0.00,0.00,100000.00,7943.62,1.5482,5.2102987313,-2.8014,351227.86,69802.02,421029.87,0,0.0000
2017-07-07,89,5,1726.98,523817.16,525544.13,0.00,0.00,100000.00,4514.26,0.8664,5.2554413228,-1.9593,351227.86,74316.27,425544.13,0,0.0000
2017-07-10,89,5,1726.98,522285.45,524012.42,0.00,0.00,100000.00,-1531.71,-0.2915,5.2401242166,-2.2450,351227.86,72784.56,424012.42,0,0.0000
2017-07-11,89,5,1726.98,521179.18,522906.15,0.00,0.00,100000.00,-1106.27,-0.2111,5.2290615008,-2.4514,351227.86,71678.29,422906.15,0,0.0000
2017-07-12,89,5,1726.98,530665.07,532392.04,0.00,0.00,100000.00,9485.89,1.8141,5.3239204432,-0.6818,351227.86,81164.19,432392.04,0,0.0000
2017-07-13,89,5,1726.98,529016.88,530743.86,0.00,0.00,100000.00,-1648.19,-0.3096,5.3074385640,-0.9892,351227.86,79516.00,430743.86,0,0.0000
2017-07-14,89,5,1726.98,522886.01,524612.98,0.00,0.00,100000.00,-6130.88,-1.1551,5.2461298040,-2.1330,351227.86,73385.12,424612.98,0,0.0000
2017-07-17,89,5,1726.98,515984.97,517711.94,0.00,0.00,100000.00,-6901.04,-1.3155,5.1771194143,-3.4204,351227.86,66484.08,417711.94,0,0.0000
2017-07-18,89,5,1726.98,507743.57,509470.55,0.00,0.00,100000.00,-8241.39,-1.5919,5.0947054716,-4.9578,351227.86,58242.69,409470.55,0,0.0000
2017-07-19,89,5,1726.98,509901.52,511628.49,0.00,0.00,100000.00,2157.94,0.4236,5.1162849058,-4.5552,351227.86,60400.63,411628.49,0,0.0000
2017-07-20,89,5,1726.98,507149.27,508876.25,0.00,0.00,100000.00,-2752.24,-0.5379,5.0887624574,-5.0687,351227.86,57648.39,408876.25,0,0.0000
2017-07-21,89,5,1726.98,503339.39,505066.36,0.00,0.00,100000.00,-3809.89,-0.7487,5.0506636055,-5.7794,351227.86,53838.50,405066.36,0,0.0000
2017-07-24,89,5,1726.98,510356.97,512083.94,0.00,0.00,100000.00,7017.58,1.3894,5.1208394480,-4.4703,351227.86,60856.09,412083.94,0,0.0000
2017-07-25,89,5,1726.98,510154.53,511881.50,0.00,0.00,100000.00,-202.44,-0.0395,5.1188150493,-4.5080,351227.86,60653.65,411881.50,0,0.0000
2017-07-26,89,5,1726.98,512886.05,514613.02,0.00,0.00,100000.00,2731.52,0.5336,5.1461302485,-3.9985,351227.86,63385.17,414613.02,0,0.0000
2017-07-27,89,5,1726.98,514575.57,516302.55,0.00,0.00,100000.00,1689.52,0.3283,5.1630254583,-3.6833,351227.86,65074.69,416302.55,0,0.0000
2017-07-28,89,5,1726.98,513321.67,515048.65,0.00,0.00,100000.00,-1253.90,-0.2429,5.1504864740,-3.9172,351227.86,63820.79,415048.65,0,0.0000
2017-07-31,90,5,1905.88,509048.82,510954.70,0.00,0.00,100000.00,-4093.95,-0.7949,5.1095469807,-4.6809,376939.79,34014.91,410954.70,0,0.0000
2017-08-01,90,5,1905.88,506108.50,508014.38,0.00,0.00,100000.00,-2940.31,-0.5755,5.0801438390,-5.2295,376939.79,31074.60,408014.38,0,0.0000
2017-08-02,90,5,1905.88,505390.29,507296.17,0.00,0.00,100000.00,-718.21,-0.1414,5.0729617108,-5.3634,376939.79,30356.39,407296.17,0,0.0000
2017-08-03,90,5,1905.88,504209.83,506115.70,0.00,0.00,100000.00,-1180.47,-0.2327,5.0611570407,-5.5837,376939.79,29175.92,406115.70,0,0.0000
2017-08-04,90,5,1905.88,503996.24,505902.12,0.00,0.00,100000.00,-213.58,-0.0422,5.0590212048,-5.6235,376939.79,28962.34,405902.12,0,0.0000
2017-08-07,90,5,1905.88,506214.16,508120.04,0.00,0.00,100000.00,2217.91,0.4384,5.0812003517,-5.2097,376939.79,31180.25,408120.04,0,0.0000
2017-08-08,90,5,1905.88,502854.52,504760.40,0.00,0.00,100000.00,-3359.64,-0.6612,5.0476039871,-5.8365,376939.79,27820.61,404760.40,0,0.0000
2017-08-09,90,5,1905.88,502324.01,504229.89,0.00,0.00,100000.00,-530.51,-0.1051,5.0422988988,-5.9355,376939.79,27290.10,404229.89,0,0.0000
2017-08-10,90,5,1905.88,497197.61,499103.49,0.00,0.00,100000.00,-5126.40,-1.0167,4.9910349005,-6.8918,376939.79,22163.71,399103.49,0,0.0000
2017-08-11,90,5,1905.88,495076.81,496982.69,0.00,0.00,100000.00,-2120.80,-0.4249,4.9698269322,-7.2874,376939.79,20042.91,396982.69,0,0.0000
2017-08-14,90,5,1905.88,497901.10,499806.98,0.00,0.00,100000.00,2824.29,0.5683,4.9980698334,-6.7605,376939.79,22867.20,399806.98,0,0.0000
2017-08-16,90,5,1905.88,502244.51,504150.39,0.00,0.00,100000.00,4343.40,0.8690,5.0415038756,-5.9503,376939.79,27210.60,404150.39,0,0.0000
2017-08-17,90,5,1905.88,510649.90,512555.78,0.00,0.00,100000.00,8405.39,1.6672,5.1255577506,-4.3823,376939.79,35615.99,412555.78,0,0.0000
2017-08-18,90,5,1905.88,512486.83,514392.71,0.00,0.00,100000.00,1836.93,0.3584,5.1439270712,-4.0396,376939.79,37452.92,414392.71,0,0.0000
2017-08-21,90,5,1905.88,509434.05,511339.93,0.00,0.00,100000.00,-3052.78,-0.5935,5.1133993202,-4.6091,376939.79,34400.15,411339.93,0,0.0000
2017-08-22,90,5,1905.88,503539.41,505445.28,0.00,0.00,100000.00,-5894.65,-1.1528,5.0544528445,-5.7087,376939.79,28505.50,405445.28,0,0.0000
2017-08-23,90,5,1905.88,501413.79,503319.67,0.00,0.00,100000.00,-2125.62,-0.4205,5.0331966588,-6.1053,376939.79,26379.88,403319.67,0,0.0000
2017-08-24,90,5,1905.88,500270.79,502176.67,0.00,0.00,100000.00,-1143.00,-0.2271,5.0217666795,-6.3185,376939.79,25236.88,402176.67,0,0.0000
2017-08-28,90,5,1905.88,510960.22,512866.10,0.00,0.00,100000.00,10689.43,2.1286,5.1286610078,-4.3244,376939.79,35926.32,412866.10,0,0.0000
2017-08-29,90,5,1905.88,510241.37,512147.25,0.00,0.00,100000.00,-718.85,-0.1402,5.1214725333,-4.4585,376939.79,35207.47,412147.25,0,0.0000
2017-08-30,91,5,230.37,520694.09,520924.45,0.00,0.00,100000.00,8777.20,1.7138,5.2092445208,-2.8211,378564.68,42359.78,420924.45,0,0.0000
2017-08-31,91,5,230.37,520904.00,521134.36,0.00,0.00,100000.00,209.91,0.0403,5.2113436331,-2.7819,378564.68,42569.69,421134.36,0,0.0000
2017-09-01,91,5,230.37,529652.11,529882.47,0.00,0.00,100000.00,8748.11,1.6787,5.2988247191,-1.1499,378564.68,51317.80,429882.47,0,0.0000
2017-09-04,91,5,230.37,525871.68,526102.04,0.00,0.00,100000.00,-3780.43,-0.7134,5.2610204195,-1.8552,378564.68,47537.37,426102.04,0,0.0000
2017-09-05,91,5,230.37,524938.92,525169.29,0.00,0.00,100000.00,-932.75,-0.1773,5.2516928772,-2.0292,378564.68,46604.61,425169.29,0,0.0000
2017-09-06,91,5,230.37,524979.64,525210.00,0.00,0.00,100000.00,40.71,0.0078,5.2521000140,-2.0216,378564.68,46645.33,425210.00,0,0.0000
2017-09-07,91,5,230.37,528890.83,529121.20,0.00,0.00,100000.00,3911.20,0.7447,5.2912119876,-1.2920,378564.68,50556.52,429121.20,0,0.0000
2017-09-08,91,5,230.37,541240.67,541471.03,0.00,0.00,100000.00,12349.84,2.3340,5.4147103481,0.0000,378564.68,62906.36,441471.03,0,0.0000
2017-09-11,91,5,230.37,552192.01,552422.38,0.00,0.00,100000.00,10951.34,2.0225,5.5242237819,0.0000,378564.68,73857.70,452422.38,0,0.0000
2017-09-12,91,5,230.37,553070.56,553300.92,0.00,0.00,100000.00,878.55,0.1590,5.5330092404,0.0000,378564.68,74736.25,453300.92,0,0.0000
2017-09-13,91,5,230.37,541582.77,541813.13,0.00,0.00,100000.00,-11487.79,-2.0762,5.4181313340,-2.0762,378564.68,63248.46,441813.13,0,0.0000
2017-09-14,91,5,230.37,544286.99,544517.35,0.00,0.00,100000.00,2704.22,0.4991,5.4451735382,-1.5875,378564.68,65952.68,444517.35,0,0.0000
2017-09-15,91,5,230.37,537212.16,537442.53,0.00,0.00,100000.00,-7074.83,-1.2993,5.3744252561,-2.8661,378564.68,58877.85,437442.53,0,0.0000
2017-09-18,91,5,230.37,545080.01,545310.37,0.00,0.00,100000.00,7867.85,1.4639,5.4531037222,-1.4442,378564.68,66745.70,445310.37,0,0.0000
2017-09-19,91,5,230.37,545038.50,545268.87,0.00,0.00,100000.00,-41.51,-0.0076,5.4526886586,-1.4517,378564.68,66704.19,445268.87,0,0.0000
2017-09-20,91,5,230.37,549088.76,549319.13,0.00,0.00,100000.00,4050.26,0.7428,5.4931912694,-0.7196,378564.68,70754.45,449319.13,0,0.0000
2017-09-21,91,5,230.37,543436.68,543667.05,0.00,0.00,100000.00,-5652.08,-1.0289,5.4366705021,-1.7412,378564.68,65102.37,443667.05,0,0.0000
2017-09-22,91,5,230.37,526888.97,527119.34,0.00,0.00,100000.00,-16547.71,-3.0437,5.2711933932,-4.7319,378564.68,48554.66,427119.34,0,0.0000
2017-09-25,91,5,230.37,517073.35,517303.72,0.00,0.00,100000.00,-9815.62,-1.8621,5.1730371859,-6.5059,378564.68,38739.04,417303.72,0,0.0000
2017-09-26,91,5,230.37,525124.20,525354.56,0.00,0.00,100000.00,8050.84,1.5563,5.2535456076,-5.0508,378564.68,46789.88,425354.56,0,0.0000
2017-09-27,92,5,617.64,509684.49,510302.14,0.00,0.00,100000.00,-15052.42,-2.8652,5.1030213687,-7.7713,421008.04,-10705.90,410302.14,0,0.0000
2017-09-28,92,5,617.64,517153.75,517771.39,0.00,0.00,100000.00,7469.26,1.4637,5.1777139265,-6.4214,421008.04,-3236.64,417771.39,0,0.0000
2017-09-29,92,5,617.64,524645.70,525263.35,0.00,0.00,100000.00,7491.95,1.4470,5.2526334608,-5.0673,421008.04,4255.31,425263.35,0,0.0000
2017-10-03,92,5,617.64,539128.51,539746.15,0.00,0.00,100000.00,14482.81,2.7572,5.3974615341,-2.4498,421008.04,18738.12,439746.15,0,0.0000
2017-10-04,92,5,617.64,536459.38,537077.02,0.00,0.00,100000.00,-2669.13,-0.4945,5.3707702004,-2.9322,421008.04,16068.98,437077.02,0,0.0000
2017-10-05,92,5,617.64,543810.81,544428.45,0.00,0.00,100000.00,7351.43,1.3688,5.4442845076,-1.6036,421008.04,23420.41,444428.45,0,0.0000
2017-10-06,92,5,617.64,556360.40,556978.05,0.00,0.00,100000.00,12549.60,2.3051,5.5697804617,0.0000,421008.04,35970.01,456978.05,0,0.0000
2017-10-09,92,5,617.64,552094.23,552711.87,0.00,0.00,100000.00,-4266.17,-0.7659,5.5271187416,-0.7659,421008.04,31703.84,452711.87,0,0.0000
2017-10-10,92,5,617.64,555194.61,555812.25,0.00,0.00,100000.00,3100.38,0.5609,5.5581225132,-0.2093,421008.04,34804.21,455812.25,0,0.0000
2017-10-11,92,5,617.64,544161.64,544779.29,0.00,0.00,100000.00,-11032.96,-1.9850,5.4477928643,-2.1902,421008.04,23771.25,444779.29,0,0.0000
2017-10-12,92,5,617.64,549199.23,549816.87,0.00,0.00,100000.00,5037.58,0.9247,5.4981687077,-1.2857,421008.04,28808.83,449816.87,0,0.0000
2017-10-13,92,5,617.64,554282.43,554900.07,0.00,0.00,100000.00,5083.20,0.9245,5.5490007132,-0.3731,421008.04,33892.03,454900.07,0,0.0000
2017-10-16,92,5,617.64,554739.13,555356.77,0.00,0.00,100000.00,456.70,0.0823,5.5535677233,-0.2911,421008.04,34348.74,455356.77,0,0.0000
2017-10-17,92,5,617.64,557335.85,557953.50,0.00,0.00,100000.00,2596.72,0.4676,5.5795349506,0.0000,421008.04,36945.46,457953.50,0,0.0000
2017-10-18,92,5,617.64,550813.98,551431.62,0.00,0.00,100000.00,-6521.87,-1.1689,5.5143162062,-1.1689,421008.04,30423.58,451431.62,0,0.0000
2017-10-19,92,5,617.64,548663.31,549280.96,0.00,0.00,100000.00,-2150.66,-0.3900,5.4928095746,-1.5543,421008.04,28272.92,449280.96,0,0.0000
2017-10-23,92,5,617.64,551418.99,552036.64,0.00,0.00,100000.00,2755.68,0.5017,5.5203663546,-1.0605,421008.04,31028.60,452036.64,0,0.0000
2017-10-24,92,5,617.64,560062.42,560680.07,0.00,0.00,100000.00,8643.43,1.5657,5.6068006681,0.0000,421008.04,39672.03,460680.07,0,0.0000
2017-10-25,92,5,617.64,552408.70,553026.34,0.00,0.00,100000.00,-7653.72,-1.3651,5.5302634327,-1.3651,421008.04,32018.31,453026.34,0,0.0000
2017-10-26,92,5,617.64,558636.62,559254.27,0.00,0.00,100000.00,6227.92,1.1262,5.5925426797,-0.2543,421008.04,38246.23,459254.27,0,0.0000
2017-10-27,93,5,542.83,557543.03,558085.86,0.00,0.00,100000.00,-1168.41,-0.2089,5.5808585845,-0.4627,428993.67,29092.19,458085.86,0,0.0000
2017-10-30,93,5,542.83,561649.84,562192.67,0.00,0.00,100000.00,4106.81,0.7359,5.6219266763,0.0000,428993.67,33199.00,462192.67,0,0.0000
2017-10-31,93,5,542.83,564077.88,564620.71,0.00,0.00,100000.00,2428.04,0.4319,5.6462070782,0.0000,428993.67,35627.04,464620.71,0,0.0000
2017-11-01,93,5,542.83,569031.24,569574.06,0.00,0.00,100000.00,4953.36,0.8773,5.6957406458,0.0000,428993.67,40580.40,469574.06,0,0.0000
2017-11-02,93,5,542.83,570012.89,570555.72,0.00,0.00,100000.00,981.65,0.1723,5.7055571623,0.0000,428993.67,41562.05,470555.72,0,0.0000
2017-11-03,93,5,542.83,570219.07,570761.90,0.00,0.00,100000.00,206.18,0.0361,5.7076189621,0.0000,428993.67,41768.23,470761.90,0,0.0000
2017-11-06,93,5,542.83,567116.21,567659.03,0.00,0.00,100000.00,-3102.86,-0.5436,5.6765903267,-0.5436,428993.67,38665.37,467659.03,0,0.0000
2017-11-07,93,5,542.83,557571.65,558114.48,0.00,0.00,100000.00,-9544.56,-1.6814,5.5811447579,-2.2159,428993.67,29120.81,458114.48,0,0.0000
2017-11-08,93,5,542.83,554759.07,555301.89,0.00,0.00,100000.00,-2812.58,-0.5039,5.5530189276,-2.7087,428993.67,26308.23,455301.89,0,0.0000
2017-11-09,93,5,542.83,566108.54,566651.36,0.00,0.00,100000.00,11349.47,2.0438,5.6665136194,-0.7202,428993.67,37657.70,466651.36,0,0.0000
2017-11-10,93,5,542.83,564388.55,564931.38,0.00,0.00,100000.00,-1719.98,-0.3035,5.6493138043,-1.0215,428993.67,35937.71,464931.38,0,0.0000
2017-11-13,93,5,542.83,562646.19,563189.01,0.00,0.00,100000.00,-1742.37,-0.3084,5.6318901346,-1.3268,428993.67,34195.35,463189.01,0,0.0000
2017-11-14,93,5,542.83,563824.11,564366.94,0.00,0.00,100000.00,1177.92,0.2092,5.6436693767,-1.1204,428993.67,35373.27,464366.94,0,0.0000
2017-11-15,93,5,542.83,558190.24,558733.07,0.00,0.00,100000.00,-5633.87,-0.9983,5.5873306838,-2.1075,428993.67,29739.40,458733.07,0,0.0000
2017-11-16,93,5,542.83,588119.05,588661.88,0.00,0.00,100000.00,29928.81,5.3565,5.8866187708,0.0000,428993.67,59668.21,488661.88,0,0.0000
2017-11-17,93,5,542.83,593394.12,593936.94,0.00,0.00,100000.00,5275.07,0.8961,5.9393694314,0.0000,428993.67,64943.28,493936.94,0,0.0000
2017-11-20,93,5,542.83,600633.01,601175.84,0.00,0.00,100000.00,7238.90,1.2188,6.0117584053,0.0000,428993.67,72182.17,501175.84,0,0.0000
2017-11-21,93,5,542.83,606671.96,607214.79,0.00,0.00,100000.00,6038.95,1.0045,6.0721478766,0.0000,428993.67,78221.12,507214.79,0,0.0000
2017-11-22,93,5,542.83,613678.52,614221.35,0.00,0.00,100000.00,7006.56,1.1539,6.1422134530,0.0000,428993.67,85227.68,514221.35,0,0.0000
2017-11-23,93,5,542.83,606577.85,607120.68,0.00,0.00,100000.00,-7100.67,-1.1560,6.0712067574,-1.1560,428993.67,78127.01,507120.68,0,0.0000
2017-11-24,94,5,1552.08,603278.55,604830.63,0.00,0.00,100000.00,-2290.05,-0.3772,6.0483062700,-1.5289,469398.49,35432.14,504830.63,0,0.0000
2017-11-27,94,5,1552.08,615330.00,616882.07,0.00,0.00,100000.00,12051.45,1.9925,6.1688207460,0.0000,469398.49,47483.59,516882.07,0,0.0000
2017-11-28,94,5,1552.08,623222.94,624775.02,0.00,0.00,100000.00,7892.94,1.2795,6.2477501635,0.0000,469398.49,55376.53,524775.02,0,0.0000
2017-11-29,94,5,1552.08,619336.14,620888.22,0.00,0.00,100000.00,-3886.79,-0.6221,6.2088822213,-0.6221,469398.49,51489.73,520888.22,0,0.0000
2017-11-30,94,5,1552.08,624818.68,626370.76,0.00,0.00,100000.00,5482.53,0.8830,6.2637075704,0.0000,469398.49,56972.27,526370.76,0,0.0000
2017-12-01,94,5,1552.08,602894.68,604446.76,0.00,0.00,100000.00,-21924.00,-3.5002,6.0444675925,-3.5002,469398.49,35048.27,504446.76,0,0.0000
2017-12-04,94,5,1552.08,603823.20,605375.28,0.00,0.00,100000.00,928.52,0.1536,6.0537527912,-3.3519,469398.49,35976.79,505375.28,0,0.0000
2017-12-05,94,5,1552.08,614020.11,615572.19,0.00,0.00,100000.00,10196.91,1.6844,6.1557219150,-1.7240,469398.49,46173.70,515572.19,0,0.0000
2017-12-06,94,5,1552.08,597467.64,599019.72,0.00,0.00,100000.00,-16552.48,-2.6890,5.9901971521,-4.3666,469398.49,29621.23,499019.72,0,0.0000
2017-12-07,94,5,1552.08,612710.86,614262.94,0.00,0.00,100000.00,15243.23,2.5447,6.1426294242,-1.9330,469398.49,44864.45,514262.94,0,0.0000
2017-12-08,94,5,1552.08,620283.66,621835.74,0.00,0.00,100000.00,7572.80,1.2328,6.2183573867,-0.7240,469398.49,52437.25,521835.74,0,0.0000
2017-12-11,94,5,1552.08,611677.39,613229.47,0.00,0.00,100000.00,-8606.27,-1.3840,6.1322946523,-2.0980,469398.49,43830.98,513229.47,0,0.0000
2017-12-12,94,5,1552.08,605708.82,607260.90,0.00,0.00,100000.00,-5968.57,-0.9733,6.0726089573,-3.0509,469398.49,37862.41,507260.90,0,0.0000
2017-12-13,94,5,1552.08,596101.84,597653.92,0.00,0.00,100000.00,-9606.98,-1.5820,5.9765391729,-4.5846,469398.49,28255.43,497653.92,0,0.0000
2017-12-14,94,5,1552.08,589764.70,591316.78,0.00,0.00,100000.00,-6337.14,-1.0603,5.9131678101,-5.5964,469398.49,21918.29,491316.78,0,0.0000
2017-12-15,94,5,1552.08,594951.79,596503.87,0.00,0.00,100000.00,5187.09,0.8772,5.9650386727,-4.7682,469398.49,27105.38,496503.87,0,0.0000
2017-12-18,94,5,1552.08,597305.30,598857.38,0.00,0.00,100000.00,2353.51,0.3946,5.9885737796,-4.3925,469398.49,29458.89,498857.38,0,0.0000
2017-12-19,94,5,1552.08,604530.29,606082.37,0.00,0.00,100000.00,7224.99,1.2065,6.0608236547,-3.2390,469398.49,36683.88,506082.37,0,0.0000
2017-12-20,94,5,1552.08,599276.77,600828.85,0.00,0.00,100000.00,-5253.52,-0.8668,6.0082884935,-4.0778,469398.49,31430.36,500828.85,0,0.0000
2017-12-21,94,5,1552.08,597522.66,599074.74,0.00,0.00,100000.00,-1754.11,-0.2919,5.9907473594,-4.3578,469398.49,29676.25,499074.74,0,0.0000
2017-12-22,95,5,8239.69,588804.06,597043.75,0.00,0.00,100000.00,-2030.99,-0.3390,5.9704374738,-4.6821,456375.98,40667.77,497043.75,0,0.0000
2017-12-26,95,5,8239.69,599065.24,607304.93,0.00,0.00,100000.00,10261.18,1.7187,6.0730492716,-3.0439,456375.98,50928.95,507304.93,0,0.0000
2017-12-27,95,5,8239.69,597459.52,605699.20,0.00,0.00,100000.00,-1605.73,-0.2644,6.0569920060,-3.3002,456375.98,49323.22,505699.20,0,0.0000
2017-12-28,95,5,8239.69,604175.60,612415.29,0.00,0.00,100000.00,6716.09,1.1088,6.1241528666,-2.2280,456375.98,56039.31,512415.29,0,0.0000
2017-12-29,95,5,8239.69,611581.99,619821.68,0.00,0.00,100000.00,7406.39,1.2094,6.1982167646,-1.0456,456375.98,63445.70,519821.68,0,0.0000
2018-01-01,95,5,8239.69,610553.72,618793.40,0.00,0.00,100000.00,-1028.27,-0.1659,6.1879340256,-1.2097,456375.98,62417.43,518793.40,0,0.0000
2018-01-02,95,5,8239.69,605293.93,613533.62,0.00,0.00,100000.00,-5259.79,-0.8500,6.1353361628,-2.0494,456375.98,57157.64,513533.62,0,0.0000
2018-01-03,95,5,8239.69,612813.27,621052.96,0.00,0.00,100000.00,7519.34,1.2256,6.2105295612,-0.8490,456375.98,64676.98,521052.96,0,0.0000
2018-01-04,95,5,8239.69,622352.87,630592.55,0.00,0.00,100000.00,9539.60,1.5360,6.3059255353,0.0000,456375.98,74216.58,530592.55,0,0.0000
2018-01-05,95,5,8239.69,626153.50,634393.19,0.00,0.00,100000.00,3800.63,0.6027,6.3439318522,0.0000,456375.98,78017.21,534393.19,0,0.0000
2018-01-08,95,5,8239.69,630660.49,638900.18,0.00,0.00,100000.00,4506.99,0.7104,6.3890017573,0.0000,456375.98,82524.20,538900.18,0,0.0000
2018-01-09,95,5,8239.69,623566.55,631806.23,0.00,0.00,100000.00,-7093.94,-1.1103,6.3180623316,-1.1103,456375.98,75430.26,531806.23,0,0.0000
2018-01-10,95,5,8239.69,616141.78,624381.46,0.00,0.00,100000.00,-7424.77,-1.1752,6.2438146042,-2.2725,456375.98,68005.48,524381.46,0,0.0000
2018-01-11,95,5,8239.69,619468.43,627708.12,0.00,0.00,100000.00,3326.66,0.5328,6.2770811759,-1.7518,456375.98,71332.14,527708.12,0,0.0000
2018-01-12,95,5,8239.69,628017.54,636257.23,0.00,0.00,100000.00,8549.11,1.3620,6.3625722834,-0.4137,456375.98,79881.25,536257.23,0,0.0000
2018-01-15,95,5,8239.69,635869.74,644109.43,0.00,0.00,100000.00,7852.20,1.2341,6.4410942762,0.0000,456375.98,87733.45,544109.43,0,0.0000
2018-01-16,95,5,8239.69,617181.29,625420.97,0.00,0.00,100000.00,-18688.45,-2.9014,6.2542097281,-2.9014,456375.98,69045.00,525420.97,0,0.0000
2018-01-17,95,5,8239.69,633424.92,641664.60,0.00,0.00,100000.00,16243.63,2.5972,6.4166460276,-0.3796,456375.98,85288.63,541664.60,0,0.0000
2018-01-18,95,5,8239.69,620629.60,628869.29,0.00,0.00,100000.00,-12795.32,-1.9941,6.2886928702,-2.3661,456375.98,72493.31,528869.29,0,0.0000
2018-01-19,95,5,8239.69,640073.19,648312.87,0.00,0.00,100000.00,19443.58,3.0918,6.4831287104,0.0000,456375.98,91936.89,548312.87,0,0.0000
2018-01-22,96,5,718.89,679157.07,679875.96,0.00,0.00,100000.00,31563.09,4.8685,6.7987596409,0.0000,488064.12,91811.85,579875.96,0,0.0000
2018-01-23,96,5,718.89,703835.00,704553.90,0.00,0.00,100000.00,24677.93,3.6298,7.0455389523,0.0000,488064.12,116489.78,604553.90,0,0.0000
2018-01-24,96,5,718.89,704272.81,704991.71,0.00,0.00,100000.00,437.81,0.0621,7.0499170709,0.0000,488064.12,116927.59,604991.71,0,0.0000
2018-01-25,96,5,718.89,706465.52,707184.41,0.00,0.00,100000.00,2192.70,0.3110,7.0718441179,0.0000,488064.12,119120.30,607184.41,0,0.0000
2018-01-29,96,5,718.89,694302.61,695021.50,0.00,0.00,100000.00,-12162.91,-1.7199,6.9502149858,-1.7199,488064.12,106957.38,595021.50,0,0.0000
2018-01-30,96,5,718.89,692494.75,693213.64,0.00,0.00,100000.00,-1807.86,-0.2601,6.9321364350,-1.9755,488064.12,105149.53,593213.64,0,0.0000
2018-01-31,96,5,718.89,683244.95,683963.84,0.00,0.00,100000.00,-9249.80,-1.3343,6.8396384466,-3.2835,488064.12,95899.73,583963.84,0,0.0000
2018-02-01,96,5,718.89,677709.41,678428.31,0.00,0.00,100000.00,-5535.54,-0.8093,6.7842830592,-4.0663,488064.12,90364.19,578428.31,0,0.0000
2018-02-02,96,5,718.89,641921.98,642640.87,0.00,0.00,100000.00,-35787.43,-5.2750,6.4264087379,-9.1268,488064.12,54576.76,542640.87,0,0.0000
2018-02-05,96,5,718.89,659168.90,659887.80,0.00,0.00,100000.00,17246.92,2.6838,6.5988779709,-6.6880,488064.12,71823.68,559887.80,0,0.0000
2018-02-06,96,5,718.89,646360.20,647079.09,0.00,0.00,100000.00,-12808.71,-1.9410,6.4707909063,-8.4992,488064.12,59014.98,547079.09,0,0.0000
2018-02-07,96,5,718.89,650585.09,651303.98,0.00,0.00,100000.00,4224.89,0.6529,6.5130398146,-7.9018,488064.12,63239.87,551303.98,0,0.0000
2018-02-08,96,5,718.89,661725.77,662444.67,0.00,0.00,100000.00,11140.68,1.7105,6.6244466626,-6.3265,488064.12,74380.55,562444.67,0,0.0000
2018-02-09,96,5,718.89,662798.01,663516.90,0.00,0.00,100000.00,1072.23,0.1619,6.6351689852,-6.1748,488064.12,75452.78,563516.90,0,0.0000
2018-02-12,96,5,718.89,676607.97,677326.86,0.00,0.00,100000.00,13809.97,2.0813,6.7732686371,-4.2220,488064.12,89262.75,577326.86,0,0.0000
2018-02-14,96,5,718.89,680595.75,681314.64,0.00,0.00,100000.00,3987.78,0.5888,6.8131463915,-3.6581,488064.12,93250.52,581314.64,0,0.0000
2018-02-15,96,5,718.89,672470.58,673189.47,0.00,0.00,100000.00,-8125.17,-1.1926,6.7318947030,-4.8071,488064.12,85125.36,573189.47,0,0.0000
2018-02-16,96,5,718.89,661153.04,661871.93,0.00,0.00,100000.00,-11317.54,-1.6812,6.6187193249,-6.4074,488064.12,73807.82,561871.93,0,0.0000
2018-02-19,96,5,718.89,642384.38,643103.27,0.00,0.00,100000.00,-18768.66,-2.8357,6.4310326979,-9.0614,488064.12,55039.15,543103.27,0,0.0000
2018-02-20,96,5,718.89,631161.92,631880.81,0.00,0.00,100000.00,-11222.46,-1.7450,6.3188080988,-10.6484,488064.12,43816.69,531880.81,0,0.0000
2018-02-21,97,5,510.87,636005.91,636516.79,0.00,0.00,100000.00,4635.98,0.7337,6.3651678541,-9.9928,486539.24,49977.55,536516.79,0,0.0000
2018-02-22,97,5,510.87,650488.63,650999.50,0.00,0.00,100000.00,14482.71,2.2753,6.5099949994,-7.9449,486539.24,64460.26,550999.50,0,0.0000
2018-02-23,97,5,510.87,661157.84,661668.71,0.00,0.00,100000.00,10669.21,1.6389,6.6166871288,-6.4362,486539.24,75129.47,561668.71,0,0.0000
2018-02-26,97,5,510.87,659605.32,660116.20,0.00,0.00,100000.00,-1552.52,-0.2346,6.6011619510,-6.6557,486539.24,73576.96,560116.20,0,0.0000
2018-02-27,97,5,510.87,656277.44,656788.31,0.00,0.00,100000.00,-3327.89,-0.5041,6.5678830949,-7.1263,486539.24,70249.07,556788.31,0,0.0000
2018-02-28,97,5,510.87,652201.86,652712.73,0.00,0.00,100000.00,-4075.58,-0.6205,6.5271273155,-7.7026,486539.24,66173.49,552712.73,0,0.0000
2018-03-01,97,5,510.87,648477.58,648988.45,0.00,0.00,100000.00,-3724.28,-0.5706,6.4898844910,-8.2292,486539.24,62449.21,548988.45,0,0.0000
2018-03-05,97,5,510.87,645457.08,645967.95,0.00,0.00,100000.00,-3020.50,-0.4654,6.4596795152,-8.6564,486539.24,59428.71,545967.95,0,0.0000
2018-03-06,97,5,510.87,628175.65,628686.52,0.00,0.00,100000.00,-17281.43,-2.6753,6.2868652485,-11.1001,486539.24,42147.29,528686.52,0,0.0000
2018-03-07,97,5,510.87,607701.90,608212.77,0.00,0.00,100000.00,-20473.75,-3.2566,6.0821277232,-13.9952,486539.24,21673.53,508212.77,0,0.0000
2018-03-08,97,5,510.87,609489.59,610000.46,0.00,0.00,100000.00,1787.69,0.2939,6.1000046439,-13.7424,486539.24,23461.23,510000.46,0,0.0000
2018-03-09,97,5,510.87,599872.69,600383.56,0.00,0.00,100000.00,-9616.90,-1.5765,6.0038356243,-15.1023,486539.24,13844.32,500383.56,0,0.0000
2018-03-12,97,5,510.87,614284.23,614795.10,0.00,0.00,100000.00,14411.54,2.4004,6.1479510001,-13.0644,486539.24,28255.86,514795.10,0,0.0000
2018-03-13,97,5,510.87,617784.12,618294.99,0.00,0.00,100000.00,3499.89,0.5693,6.1829498921,-12.5695,486539.24,31755.75,518294.99,0,0.0000
2018-03-14,97,5,510.87,624005.02,624515.89,0.00,0.00,100000.00,6220.91,1.0061,6.2451589474,-11.6898,486539.24,37976.66,524515.89,0,0.0000
2018-03-15,97,5,510.87,629474.76,629985.63,0.00,0.00,100000.00,5469.74,0.8758,6.2998563482,-10.9164,486539.24,43446.40,529985.63,0,0.0000
2018-03-16,97,5,510.87,617367.85,617878.72,0.00,0.00,100000.00,-12106.92,-1.9218,6.1787871880,-12.6283,486539.24,31339.48,517878.72,0,0.0000
2018-03-19,97,5,510.87,611136.10,611646.97,0.00,0.00,100000.00,-6231.74,-1.0086,6.1164697423,-13.5096,486539.24,25107.74,511646.97,0,0.0000
2018-03-20,97,5,510.87,608960.77,609471.64,0.00,0.00,100000.00,-2175.33,-0.3557,6.0947164063,-13.8172,486539.24,22932.40,509471.64,0,0.0000
2018-03-21,97,5,510.87,621236.11,621746.98,0.00,0.00,100000.00,12275.34,2.0141,6.2174697577,-12.0814,486539.24,35207.74,521746.98,0,0.0000
2018-03-22,98,5,450.66,617549.39,618000.05,0.00,0.00,100000.00,-3746.93,-0.6026,6.1800004835,-12.6112,469421.34,48578.71,518000.05,0,0.0000
2018-03-23,98,5,450.66,612084.63,612535.29,0.00,0.00,100000.00,-5464.76,-0.8843,6.1253529316,-13.3839,469421.34,43113.95,512535.29,0,0.0000
2018-03-26,98,5,450.66,620156.64,620607.30,0.00,0.00,100000.00,8072.00,1.3178,6.2060729579,-12.2425,469421.34,51185.95,520607.30,0,0.0000
2018-03-27,98,5,450.66,622630.37,623081.03,0.00,0.00,100000.00,2473.74,0.3986,6.2308103154,-11.8927,469421.34,53659.69,523081.03,0,0.0000
2018-03-28,98,5,450.66,613902.20,614352.87,0.00,0.00,100000.00,-8728.17,-1.4008,6.1435286515,-13.1269,469421.34,44931.52,514352.87,0,0.0000
2018-04-02,98,5,450.66,630055.56,630506.22,0.00,0.00,100000.00,16153.35,2.6293,6.3050621968,-10.8427,469421.34,61084.88,530506.22,0,0.0000
2018-04-03,98,5,450.66,629019.34,629470.00,0.00,0.00,100000.00,-1036.22,-0.1643,6.2947000309,-10.9893,469421.34,60048.66,529470.00,0,0.0000
2018-04-04,98,5,450.66,622274.16,622724.82,0.00,0.00,100000.00,-6745.18,-1.0716,6.2272482353,-11.9431,469421.34,53303.48,522724.82,0,0.0000
2018-04-05,98,5,450.66,632569.15,633019.81,0.00,0.00,100000.00,10294.99,1.6532,6.3301981236,-10.4873,469421.34,63598.47,533019.81,0,0.0000
2018-04-06,98,5,450.66,644403.04,644853.70,0.00,0.00,100000.00,11833.88,1.8694,6.4485369639,-8.8139,469421.34,75432.35,544853.70,0,0.0000
2018-04-09,98,5,450.66,643621.36,644072.02,0.00,0.00,100000.00,-781.68,-0.1212,6.4407201969,-8.9245,469421.34,74650.68,544072.02,0,0.0000
2018-04-10,98,5,450.66,641673.18,642123.84,0.00,0.00,100000.00,-1948.18,-0.3025,6.4212384111,-9.1999,469421.34,72702.50,542123.84,0,0.0000
2018-04-11,98,5,450.66,644119.16,644569.82,0.00,0.00,100000.00,2445.98,0.3809,6.4456982469,-8.8541,469421.34,75148.48,544569.82,0,0.0000
2018-04-12,98,5,450.66,651025.13,651475.79,0.00,0.00,100000.00,6905.97,1.0714,6.5147579292,-7.8775,469421.34,82054.45,551475.79,0,0.0000
2018-04-13,98,5,450.66,658199.62,658650.28,0.00,0.00,100000.00,7174.49,1.1013,6.5865027970,-6.8630,469421.34,89228.94,558650.28,0,0.0000
2018-04-16,98,5,450.66,659666.04,660116.70,0.00,0.00,100000.00,1466.42,0.2226,6.6011670066,-6.6556,469421.34,90695.36,560116.70,0,0.0000
2018-04-17,98,5,450.66,662454.84,662905.50,0.00,0.00,100000.00,2788.80,0.4225,6.6290550090,-6.2613,469421.34,93484.16,562905.50,0,0.0000
2018-04-18,98,5,450.66,659003.31,659453.97,0.00,0.00,100000.00,-3451.53,-0.5207,6.5945397248,-6.7494,469421.34,90032.63,559453.97,0,0.0000
2018-04-19,98,5,450.66,678503.86,678954.52,0.00,0.00,100000.00,19500.55,2.9571,6.7895452311,-3.9919,469421.34,109533.18,578954.52,0,0.0000
2018-04-20,98,5,450.66,693001.78,693452.44,0.00,0.00,100000.00,14497.91,2.1353,6.9345243571,-1.9418,469421.34,124031.09,593452.44,0,0.0000
2018-04-23,99,5,726.91,698551.84,699278.76,0.00,0.00,100000.00,5826.32,0.8402,6.9927875601,-1.1179,498828.44,100450.32,599278.76,0,0.0000
2018-04-24,99,5,726.91,696263.50,696990.42,0.00,0.00,100000.00,-2288.34,-0.3272,6.9699041633,-1.4415,498828.44,98161.98,596990.42,0,0.0000
2018-04-25,99,5,726.91,707647.08,708374.00,0.00,0.00,100000.00,11383.58,1.6332,7.0837399669,0.0000,498828.44,109545.56,608374.00,0,0.0000
2018-04-26,99,5,726.91,721295.83,722022.74,0.00,0.00,100000.00,13648.75,1.9268,7.2202274400,0.0000,498828.44,123194.31,622022.74,0,0.0000
2018-04-27,99,5,726.91,722154.53,722881.45,0.00,0.00,100000.00,858.70,0.1189,7.2288144502,0.0000,498828.44,124053.01,622881.45,0,0.0000
2018-04-30,99,5,726.91,725046.43,725773.35,0.00,0.00,100000.00,2891.90,0.4001,7.2577334695,0.0000,498828.44,126944.91,625773.35,0,0.0000
2018-05-02,99,5,726.91,711363.25,712090.16,0.00,0.00,100000.00,-13683.19,-1.8853,7.1209016002,-1.8853,498828.44,113261.72,612090.16,0,0.0000
2018-05-03,99,5,726.91,702197.54,702924.45,0.00,0.00,100000.00,-9165.71,-1.2872,7.0292445115,-3.1482,498828.44,104096.02,602924.45,0,0.0000
2018-05-04,99,5,726.91,695190.65,695917.57,0.00,0.00,100000.00,-7006.88,-0.9968,6.9591756833,-4.1137,498828.44,97089.13,595917.57,0,0.0000
2018-05-07,99,5,726.91,706299.84,707026.75,0.00,0.00,100000.00,11109.18,1.5963,7.0702675021,-2.5830,498828.44,108198.31,607026.75,0,0.0000
2018-05-08,99,5,726.91,711374.24,712101.15,0.00,0.00,100000.00,5074.40,0.7177,7.1210115265,-1.8838,498828.44,113272.72,612101.15,0,0.0000
2018-05-09,99,5,726.91,710102.90,710829.82,0.00,0.00,100000.00,-1271.34,-0.1785,7.1082981743,-2.0590,498828.44,112001.38,610829.82,0,0.0000
2018-05-10,99,5,726.91,694596.73,695323.64,0.00,0.00,100000.00,-15506.18,-2.1814,6.9532364059,-4.1955,498828.44,96495.21,595323.64,0,0.0000
2018-05-11,99,5,726.91,696973.58,697700.50,0.00,0.00,100000.00,2376.86,0.3418,6.9770049807,-3.8680,498828.44,98872.06,597700.50,0,0.0000
2018-05-14,99,5,726.91,693970.44,694697.36,0.00,0.00,100000.00,-3003.14,-0.4304,6.9469735621,-4.2818,498828.44,95868.92,594697.36,0,0.0000
2018-05-15,99,5,726.91,689179.01,689905.93,0.00,0.00,100000.00,-4791.43,-0.6897,6.8990592717,-4.9420,498828.44,91077.49,589905.93,0,0.0000
2018-05-16,99,5,726.91,698240.25,698967.16,0.00,0.00,100000.00,9061.23,1.3134,6.9896716127,-3.6935,498828.44,100138.73,598967.16,0,0.0000
2018-05-17,99,5,726.91,704376.11,705103.02,0.00,0.00,100000.00,6135.86,0.8778,7.0510302032,-2.8480,498828.44,106274.59,605103.02,0,0.0000
2018-05-18,99,5,726.91,683964.90,684691.81,0.00,0.00,100000.00,-20411.21,-2.8948,6.8469181390,-5.6604,498828.44,85863.38,584691.81,0,0.0000
2018-05-21,99,5,726.91,669467.66,670194.58,0.00,0.00,100000.00,-14497.24,-2.1173,6.7019457565,-7.6579,498828.44,71366.14,570194.58,0,0.0000
2018-05-22,100,5,917.55,669530.57,670448.12,0.00,0.00,100000.00,253.55,0.0378,6.7044812307,-7.6229,494272.93,76175.19,570448.12,0,0.0000
2018-05-23,100,5,917.55,673957.00,674874.55,0.00,0.00,100000.00,4426.43,0.6602,6.7487454866,-7.0130,494272.93,80601.62,574874.55,0,0.0000
2018-05-24,100,5,917.55,679376.42,680293.97,0.00,0.00,100000.00,5419.42,0.8030,6.8029396697,-6.2663,494272.93,86021.04,580293.97,0,0.0000
2018-05-25,100,5,917.55,692256.86,693174.41,0.00,0.00,100000.00,12880.45,1.8934,6.9317441230,-4.4916,494272.93,98901.48,593174.41,0,0.0000
2018-05-28,100,5,917.55,691298.64,692216.18,0.00,0.00,100000.00,-958.23,-0.1382,6.9221618439,-4.6236,494272.93,97943.26,592216.18,0,0.0000
2018-05-29,100,5,917.55,686845.74,687763.29,0.00,0.00,100000.00,-4452.90,-0.6433,6.8776328867,-5.2372,494272.93,93490.36,587763.29,0,0.0000
2018-05-30,100,5,917.55,688171.11,689088.66,0.00,0.00,100000.00,1325.37,0.1927,6.8908865818,-5.0546,494272.93,94815.73,589088.66,0,0.0000
2018-05-31,100,5,917.55,690391.20,691308.75,0.00,0.00,100000.00,2220.09,0.3222,6.9130875232,-4.7487,494272.93,97035.82,591308.75,0,0.0000
2018-06-01,100,5,917.55,673712.55,674630.10,0.00,0.00,100000.00,-16678.65,-2.4126,6.7463010071,-7.0467,494272.93,80357.17,574630.10,0,0.0000
2018-06-04,100,5,917.55,658525.62,659443.16,0.00,0.00,100000.00,-15186.94,-2.2512,6.5944316489,-9.1392,494272.93,65170.24,559443.16,0,0.0000
2018-06-05,100,5,917.55,652072.15,652989.70,0.00,0.00,100000.00,-6453.47,-0.9786,6.5298969535,-10.0284,494272.93,58716.77,552989.70,0,0.0000
2018-06-06,100,5,917.55,668300.93,669218.48,0.00,0.00,100000.00,16228.78,2.4853,6.6921847931,-7.7924,494272.93,74945.55,569218.48,0,0.0000
2018-06-07,100,5,917.55,666582.76,667500.31,0.00,0.00,100000.00,-1718.17,-0.2567,6.6750031049,-8.0291,494272.93,73227.38,567500.31,0,0.0000
2018-06-08,100,5,917.55,669297.15,670214.70,0.00,0.00,100000.00,2714.39,0.4066,6.7021469706,-7.6551,494272.93,75941.77,570214.70,0,0.0000
2018-06-11,100,5,917.55,672270.45,673188.00,0.00,0.00,100000.00,2973.30,0.4436,6.7318799994,-7.2454,494272.93,78915.07,573188.00,0,0.0000
2018-06-12,100,5,917.55,677169.59,678087.14,0.00,0.00,100000.00,4899.14,0.7278,6.7808713715,-6.5704,494272.93,83814.21,578087.14,0,0.0000
2018-06-13,100,5,917.55,670533.21,671450.76,0.00,0.00,100000.00,-6636.38,-0.9787,6.7145075812,-7.4848,494272.93,77177.83,571450.76,0,0.0000
2018-06-14,100,5,917.55,673806.91,674724.46,0.00,0.00,100000.00,3273.70,0.4876,6.7472445954,-7.0337,494272.93,80451.53,574724.46,0,0.0000
2018-06-15,100,5,917.55,668941.04,669858.59,0.00,0.00,100000.00,-4865.87,-0.7212,6.6985858640,-7.7042,494272.93,75585.66,569858.59,0,0.0000
2018-06-18,100,5,917.55,671376.96,672294.51,0.00,0.00,100000.00,2435.92,0.3636,6.7229451102,-7.3685,494272.93,78021.58,572294.51,0,0.0000
2018-06-19,101,5,13684.59,649683.39,663367.98,0.00,0.00,100000.00,-8926.53,-1.3278,6.6336797761,-8.5985,543523.13,19844.85,563367.98,0,0.0000
2018-06-20,101,5,13684.59,653291.57,666976.16,0.00,0.00,100000.00,3608.18,0.5439,6.6697616233,-8.1013,543523.13,23453.03,566976.16,0,0.0000
2018-06-21,101,5,13684.59,652366.24,666050.83,0.00,0.00,100000.00,-925.33,-0.1387,6.6605083152,-8.2288,543523.13,22527.70,566050.83,0,0.0000
2018-06-22,101,5,13684.59,661472.97,675157.56,0.00,0.00,100000.00,9106.73,1.3673,6.7515756165,-6.9740,543523.13,31634.43,575157.56,0,0.0000
2018-06-25,101,5,13684.59,670045.38,683729.97,0.00,0.00,100000.00,8572.41,1.2697,6.8372997028,-5.7929,543523.13,40206.84,583729.97,0,0.0000
2018-06-26,101,5,13684.59,671142.28,684826.87,0.00,0.00,100000.00,1096.90,0.1604,6.8482686750,-5.6418,543523.13,41303.74,584826.87,0,0.0000
2018-06-27,101,5,13684.59,665039.98,678724.57,0.00,0.00,100000.00,-6102.30,-0.8911,6.7872457151,-6.4826,543523.13,35201.44,578724.57,0,0.0000
2018-06-28,101,5,13684.59,649322.08,663006.67,0.00,0.00,100000.00,-15717.90,-2.3158,6.6300667149,-8.6482,543523.13,19483.54,563006.67,0,0.0000
2018-06-29,101,5,13684.59,660807.09,674491.68,0.00,0.00,100000.00,11485.01,1.7323,6.7449167774,-7.0658,543523.13,30968.55,574491.68,0,0.0000
2018-07-02,101,5,13684.59,665708.81,679393.40,0.00,0.00,100000.00,4901.72,0.7267,6.7939340022,-6.3904,543523.13,35870.27,579393.40,0,0.0000
2018-07-03,101,5,13684.59,669761.92,683446.52,0.00,0.00,100000.00,4053.11,0.5966,6.8344651505,-5.8320,543523.13,39923.39,583446.52,0,0.0000
2018-07-04,101,5,13684.59,670295.69,683980.28,0.00,0.00,100000.00,533.76,0.0781,6.8398028001,-5.7584,543523.13,40457.15,583980.28,0,0.0000
2018-07-05,101,5,13684.59,668332.80,682017.39,0.00,0.00,100000.00,-1962.89,-0.2870,6.8201739176,-6.0289,543523.13,38494.26,582017.39,0,0.0000
2018-07-06,101,5,13684.59,663510.50,677195.09,0.00,0.00,100000.00,-4822.30,-0.7071,6.7719509144,-6.6933,543523.13,33671.96,577195.09,0,0.0000
2018-07-09,101,5,13684.59,675862.66,689547.25,0.00,0.00,100000.00,12352.16,1.8240,6.8954725196,-4.9914,543523.13,46024.12,589547.25,0,0.0000
2018-07-10,101,5,13684.59,677447.87,691132.47,0.00,0.00,100000.00,1585.21,0.2299,6.9113246504,-4.7730,543523.13,47609.34,591132.47,0,0.0000
2018-07-11,101,5,13684.59,680263.75,693948.34,0.00,0.00,100000.00,2815.87,0.4074,6.9394833909,-4.3850,543523.13,50425.21,593948.34,0,0.0000
2018-07-12,101,5,13684.59,681257.50,694942.09,0.00,0.00,100000.00,993.75,0.1432,6.9494208906,-4.2481,543523.13,51418.96,594942.09,0,0.0000
2018-07-13,101,5,13684.59,685398.24,699082.83,0.00,0.00,100000.00,4140.74,0.5958,6.9908283009,-3.6775,543523.13,55559.70,599082.83,0,0.0000
2018-07-16,101,5,13684.59,686018.59,699703.19,0.00,0.00,100000.00,620.36,0.0887,6.9970318540,-3.5921,543523.13,56180.06,599703.19,0,0.0000
2018-07-17,102,5,13265.12,674920.87,688185.99,0.00,0.00,100000.00,-11517.19,-1.6460,6.8818599223,-5.1789,549449.02,38736.97,588185.99,0,0.0000
2018-07-18,102,5,13265.12,669429.62,682694.74,0.00,0.00,100000.00,-5491.25,-0.7979,6.8269474182,-5.9355,549449.02,33245.72,582694.74,0,0.0000
2018-07-19,102,5,13265.12,670187.46,683452.58,0.00,0.00,100000.00,757.84,0.1110,6.8345258357,-5.8311,549449.02,34003.56,583452.58,0,0.0000
2018-07-20,102,5,13265.12,692313.67,705578.79,0.00,0.00,100000.00,22126.21,3.2374,7.0557879492,-2.7825,549449.02,56129.77,605578.79,0,0.0000
2018-07-23,102,5,13265.12,690122.68,703387.80,0.00,0.00,100000.00,-2190.99,-0.3105,7.0338780001,-3.0844,549449.02,53938.78,603387.80,0,0.0000
2018-07-24,102,5,13265.12,689734.45,702999.57,0.00,0.00,100000.00,-388.23,-0.0552,7.0299956762,-3.1379,549449.02,53550.55,602999.57,0,0.0000
2018-07-25,102,5,13265.12,684192.75,697457.88,0.00,0.00,100000.00,-5541.69,-0.7883,6.9745787673,-3.9014,549449.02,48008.86,597457.88,0,0.0000
2018-07-26,102,5,13265.12,682135.22,695400.35,0.00,0.00,100000.00,-2057.53,-0.2950,6.9540034503,-4.1849,549449.02,45951.32,595400.35,0,0.0000
2018-07-27,102,5,13265.12,686156.32,699421.45,0.00,0.00,100000.00,4021.10,0.5782,6.9942144592,-3.6309,549449.02,49972.42,599421.45,0,0.0000
2018-07-30,102,5,13265.12,685876.80,699141.92,0.00,0.00,100000.00,-279.52,-0.0400,6.9914192159,-3.6694,549449.02,49692.90,599141.92,0,0.0000
2018-07-31,102,5,13265.12,693227.16,706492.28,0.00,0.00,100000.00,7350.36,1.0513,7.0649228280,-2.6566,549449.02,57043.26,606492.28,0,0.0000
2018-08-01,102,5,13265.12,704197.73,717462.85,0.00,0.00,100000.00,10970.57,1.5528,7.1746284811,-1.1451,549449.02,68013.83,617462.85,0,0.0000
2018-08-02,102,5,13265.12,701557.38,714822.50,0.00,0.00,100000.00,-2640.34,-0.3680,7.1482250326,-1.5089,549449.02,65373.48,614822.50,0,0.0000
2018-08-03,102,5,13265.12,709115.31,722380.43,0.00,0.00,100000.00,7557.93,1.0573,7.2238043389,-0.4675,549449.02,72931.41,622380.43,0,0.0000
2018-08-06,102,5,13265.12,705829.31,719094.43,0.00,0.00,100000.00,-3286.00,-0.4549,7.1909443307,-0.9202,549449.02,69645.41,619094.43,0,0.0000
2018-08-07,102,5,13265.12,712685.14,725950.26,0.00,0.00,100000.00,6855.83,0.9534,7.2595026473,0.0000,549449.02,76501.24,625950.26,0,0.0000
2018-08-08,102,5,13265.12,716117.29,729382.41,0.00,0.00,100000.00,3432.15,0.4728,7.2938241183,0.0000,549449.02,79933.39,629382.41,0,0.0000
2018-08-09,102,5,13265.12,726792.83,740057.95,0.00,0.00,100000.00,10675.54,1.4636,7.4005794958,0.0000,549449.02,90608.93,640057.95,0,0.0000
2018-08-10,102,5,13265.12,723458.12,736723.24,0.00,0.00,100000.00,-3334.71,-0.4506,7.3672324325,-0.4506,549449.02,87274.22,636723.24,0,0.0000
2018-08-13,102,5,13265.12,723188.41,736453.53,0.00,0.00,100000.00,-269.71,-0.0366,7.3645352978,-0.4870,549449.02,87004.51,636453.53,0,0.0000
2018-08-14,103,5,674.58,763909.85,764584.43,0.00,0.00,100000.00,28130.90,3.8198,7.6458442874,0.0000,615132.66,49451.77,664584.43,0,0.0000
2018-08-16,103,5,674.58,758958.88,759633.45,0.00,0.00,100000.00,-4950.97,-0.6475,7.5963345387,-0.6475,615132.66,44500.80,659633.45,0,0.0000
2018-08-17,103,5,674.58,765137.47,765812.04,0.00,0.00,100000.00,6178.59,0.8134,7.6581204379,0.0000,615132.66,50679.39,665812.04,0,0.0000
2018-08-20,103,5,674.58,772874.46,773549.04,0.00,0.00,100000.00,7737.00,1.0103,7.7354904178,0.0000,615132.66,58416.38,673549.04,0,0.0000
2018-08-21,103,5,674.58,785504.14,786178.72,0.00,0.00,100000.00,12629.68,1.6327,7.8617871983,0.0000,615132.66,71046.06,686178.72,0,0.0000
2018-08-23,103,5,674.58,794028.52,794703.10,0.00,0.00,100000.00,8524.38,1.0843,7.9470309675,0.0000,615132.66,79570.44,694703.10,0,0.0000
2018-08-24,103,5,674.58,789525.44,790200.01,0.00,0.00,100000.00,-4503.08,-0.5666,7.9020001242,-0.5666,615132.66,75067.35,690200.01,0,0.0000
2018-08-27,103,5,674.58,798179.36,798853.94,0.00,0.00,100000.00,8653.93,1.0952,7.9885393915,0.0000,615132.66,83721.28,698853.94,0,0.0000
2018-08-28,103,5,674.58,815431.25,816105.83,0.00,0.00,100000.00,17251.89,2.1596,8.1610582556,0.0000,615132.66,100973.17,716105.83,0,0.0000
2018-08-29,103,5,674.58,806141.19,806815.77,0.00,0.00,100000.00,-9290.06,-1.1383,8.0681576977,-1.1383,615132.66,91683.11,706815.77,0,0.0000
2018-08-30,103,5,674.58,804805.15,805479.73,0.00,0.00,100000.00,-1336.04,-0.1656,8.0547972548,-1.3020,615132.66,90347.07,705479.73,0,0.0000
2018-08-31,103,5,674.58,803364.88,804039.45,0.00,0.00,100000.00,-1440.27,-0.1788,8.0403945239,-1.4785,615132.66,88906.79,704039.45,0,0.0000
2018-09-03,103,5,674.58,776319.04,776993.62,0.00,0.00,100000.00,-27045.84,-3.3637,7.7699361520,-4.7925,615132.66,61860.96,676993.62,0,0.0000
2018-09-04,103,5,674.58,771112.23,771786.80,0.00,0.00,100000.00,-5206.81,-0.6701,7.7178680395,-5.4305,615132.66,56654.15,671786.80,0,0.0000
2018-09-05,103,5,674.58,768876.32,769550.89,0.00,0.00,100000.00,-2235.91,-0.2897,7.6955089412,-5.7045,615132.66,54418.24,669550.89,0,0.0000
2018-09-06,103,5,674.58,805279.51,805954.08,0.00,0.00,100000.00,36403.19,4.7304,8.0595408294,-1.2439,615132.66,90821.43,705954.08,0,0.0000
2018-09-07,103,5,674.58,809634.86,810309.43,0.00,0.00,100000.00,4355.35,0.5404,8.1030943464,-0.7102,615132.66,95176.78,710309.43,0,0.0000
2018-09-10,103,5,674.58,789398.36,790072.94,0.00,0.00,100000.00,-20236.50,-2.4974,7.9007293738,-3.1899,615132.66,74940.28,690072.94,0,0.0000
2018-09-11,103,5,674.58,771769.85,772444.43,0.00,0.00,100000.00,-17628.51,-2.2313,7.7244442549,-5.3500,615132.66,57311.77,672444.43,0,0.0000
2018-09-12,103,5,674.58,779480.35,780154.93,0.00,0.00,100000.00,7710.50,0.9982,7.8015492704,-4.4052,615132.66,65022.27,680154.93,0,0.0000
2018-09-14,104,5,3484.92,784950.11,788435.03,0.00,0.00,100000.00,8280.10,1.0613,7.8843503190,-3.3906,638733.13,49701.90,688435.03,0,0.0000
2018-09-17,104,5,3484.92,770989.52,774474.45,0.00,0.00,100000.00,-13960.59,-1.7707,7.7447444537,-5.1012,638733.13,35741.31,674474.45,0,0.0000
2018-09-18,104,5,3484.92,759236.74,762721.67,0.00,0.00,100000.00,-11752.78,-1.5175,7.6272166944,-6.5413,638733.13,23988.53,662721.67,0,0.0000
2018-09-19,104,5,3484.92,748511.50,751996.42,0.00,0.00,100000.00,-10725.25,-1.4062,7.5199642319,-7.8555,638733.13,13263.29,651996.42,0,0.0000
2018-09-21,104,5,3484.92,737507.71,740992.63,0.00,0.00,100000.00,-11003.79,-1.4633,7.4099263123,-9.2039,638733.13,2259.50,640992.63,0,0.0000
2018-09-24,104,5,3484.92,723219.07,726703.99,0.00,0.00,100000.00,-14288.64,-1.9283,7.2670399157,-10.9547,638733.13,-12029.14,626703.99,0,0.0000
2018-09-25,104,5,3484.92,727307.11,730792.03,0.00,0.00,100000.00,4088.04,0.5625,7.3079202990,-10.4538,638733.13,-7941.11,630792.03,0,0.0000
2018-09-26,104,5,3484.92,726404.47,729889.39,0.00,0.00,100000.00,-902.64,-0.1235,7.2988939056,-10.5644,638733.13,-8843.74,629889.39,0,0.0000
2018-09-27,104,5,3484.92,718313.60,721798.52,0.00,0.00,100000.00,-8090.87,-1.1085,7.2179852434,-11.5558,638733.13,-16934.61,621798.52,0,0.0000
2018-09-28,104,5,3484.92,701052.21,704537.13,0.00,0.00,100000.00,-17261.39,-2.3914,7.0453713065,-13.6709,638733.13,-34196.00,604537.13,0,0.0000
2018-10-01,104,5,3484.92,710996.10,714481.03,0.00,0.00,100000.00,9943.90,1.4114,7.1448102593,-12.4524,638733.13,-24252.11,614481.03,0,0.0000
2018-10-03,104,5,3484.92,702793.24,706278.17,0.00,0.00,100000.00,-8202.86,-1.1481,7.0627816636,-13.4575,638733.13,-32454.97,606278.17,0,0.0000
2018-10-04,104,5,3484.92,686177.93,689662.86,0.00,0.00,100000.00,-16615.31,-2.3525,6.8966285944,-15.4935,638733.13,-49070.28,589662.86,0,0.0000
2018-10-05,104,5,3484.92,671256.66,674741.58,0.00,0.00,100000.00,-14921.28,-2.1636,6.7474157999,-17.3218,638733.13,-63991.55,574741.58,0,0.0000
2018-10-08,104,5,3484.92,662989.01,666473.93,0.00,0.00,100000.00,-8267.65,-1.2253,6.6647393011,-18.3349,638733.13,-72259.20,566473.93,0,0.0000
2018-10-09,104,5,3484.92,671027.30,674512.23,0.00,0.00,100000.00,8038.30,1.2061,6.7451222649,-17.3499,638733.13,-64220.91,574512.23,0,0.0000
2018-10-10,104,5,3484.92,697704.13,701189.05,0.00,0.00,100000.00,26676.82,3.9550,7.0118905099,-14.0811,638733.13,-37544.08,601189.05,0,0.0000
2018-10-11,104,5,3484.92,671014.16,674499.09,0.00,0.00,100000.00,-26689.97,-3.8064,6.7449908512,-17.3515,638733.13,-64234.05,574499.09,0,0.0000
2018-10-12,104,5,3484.92,689983.73,693468.66,0.00,0.00,100000.00,18969.57,2.8124,6.9346865606,-15.0271,638733.13,-45264.48,593468.66,0,0.0000
2018-10-15,104,5,3484.92,712011.10,715496.03,0.00,0.00,100000.00,22027.37,3.1764,7.1549602605,-12.3280,638733.13,-23237.11,615496.03,0,0.0000
2018-10-16,105,5,588.53,726565.39,727153.92,0.00,0.00,100000.00,11657.89,1.6293,7.2715392078,-10.8996,600061.98,27091.94,627153.92,0,0.0000
2018-10-17,105,5,588.53,723623.94,724212.47,0.00,0.00,100000.00,-2941.45,-0.4045,7.2421246958,-11.2600,600061.98,24150.49,624212.47,0,0.0000
2018-10-19,105,5,588.53,730188.64,730777.17,0.00,0.00,100000.00,6564.70,0.9065,7.3077717143,-10.4556,600061.98,30715.19,630777.17,0,0.0000
2018-10-22,105,5,588.53,731090.64,731679.17,0.00,0.00,100000.00,902.00,0.1234,7.3167917141,-10.3451,600061.98,31617.19,631679.17,0,0.0000
2018-10-23,105,5,588.53,722743.57,723332.10,0.00,0.00,100000.00,-8347.07,-1.1408,7.2333209804,-11.3679,600061.98,23270.11,623332.10,0,0.0000
2018-10-24,105,5,588.53,725737.45,726325.98,0.00,0.00,100000.00,2993.89,0.4139,7.2632598344,-11.0010,600061.98,26264.00,626325.98,0,0.0000
2018-10-25,105,5,588.53,738178.71,738767.24,0.00,0.00,100000.00,12441.26,1.7129,7.3876724171,-9.4765,600061.98,38705.26,638767.24,0,0.0000
2018-10-26,105,5,588.53,730530.18,731118.71,0.00,0.00,100000.00,-7648.53,-1.0353,7.3111870994,-10.4137,600061.98,31056.73,631118.71,0,0.0000
2018-10-29,105,5,588.53,751836.38,752424.90,0.00,0.00,100000.00,21306.19,2.9142,7.5242490462,-7.8030,600061.98,52362.92,652424.90,0,0.0000
2018-10-30,105,5,588.53,743201.94,743790.47,0.00,0.00,100000.00,-8634.43,-1.1475,7.4379047110,-8.8610,600061.98,43728.49,643790.47,0,0.0000
2018-10-31,105,5,588.53,750238.28,750826.81,0.00,0.00,100000.00,7036.33,0.9460,7.5082680604,-7.9988,600061.98,50764.82,650826.81,0,0.0000
2018-11-01,105,5,588.53,748686.42,749274.95,0.00,0.00,100000.00,-1551.86,-0.2067,7.4927494630,-8.1890,600061.98,49212.96,649274.95,0,0.0000
2018-11-02,105,5,588.53,738436.98,739025.51,0.00,0.00,100000.00,-10249.44,-1.3679,7.3902550552,-9.4449,600061.98,38963.52,639025.51,0,0.0000
2018-11-05,105,5,588.53,730036.77,730625.30,0.00,0.00,100000.00,-8400.21,-1.1367,7.3062529527,-10.4742,600061.98,30563.31,630625.30,0,0.0000
2018-11-06,105,5,588.53,724199.75,724788.28,0.00,0.00,100000.00,-5837.01,-0.7989,7.2478828069,-11.1894,600061.98,24726.30,624788.28,0,0.0000
2018-11-07,105,5,588.53,730062.63,730651.16,0.00,0.00,100000.00,5862.88,0.8089,7.3065115719,-10.4710,600061.98,30589.17,630651.16,0,0.0000
2018-11-09,105,5,588.53,736061.34,736649.87,0.00,0.00,100000.00,5998.71,0.8210,7.3664986862,-9.7360,600061.98,36587.89,636649.87,0,0.0000
2018-11-12,105,5,588.53,721365.65,721954.18,0.00,0.00,100000.00,-14695.69,-1.9949,7.2195417653,-11.5367,600061.98,21892.19,621954.18,0,0.0000
2018-11-13,105,5,588.53,721350.34,721938.87,0.00,0.00,100000.00,-15.30,-0.0021,7.2193887299,-11.5386,600061.98,21876.89,621938.87,0,0.0000
2018-11-14,105,5,588.53,717369.44,717957.97,0.00,0.00,100000.00,-3980.90,-0.5514,7.1795796799,-12.0264,600061.98,17895.98,617957.97,0,0.0000
2018-11-15,106,5,1448.38,720158.28,721606.66,0.00,0.00,100000.00,3648.70,0.5082,7.2160666384,-11.5793,582082.56,39524.11,621606.66,0,0.0000
2018-11-16,106,5,1448.38,719499.00,720947.38,0.00,0.00,100000.00,-659.28,-0.0914,7.2094738473,-11.6601,582082.56,38864.83,620947.38,0,0.0000
2018-11-19,106,5,1448.38,722347.21,723795.59,0.00,0.00,100000.00,2848.20,0.3951,7.2379558949,-11.3111,582082.56,41713.03,623795.59,0,0.0000
2018-11-20,106,5,1448.38,713563.96,715012.34,0.00,0.00,100000.00,-8783.25,-1.2135,7.1501234169,-12.3873,582082.56,32929.79,615012.34,0,0.0000
2018-11-21,106,5,1448.38,716407.82,717856.20,0.00,0.00,100000.00,2843.86,0.3977,7.1785619729,-12.0388,582082.56,35773.64,617856.20,0,0.0000
2018-11-22,106,5,1448.38,705639.69,707088.07,0.00,0.00,100000.00,-10768.13,-1.5000,7.0708807179,-13.3583,582082.56,25005.52,607088.07,0,0.0000
2018-11-26,106,5,1448.38,704445.48,705893.86,0.00,0.00,100000.00,-1194.21,-0.1689,7.0589386247,-13.5046,582082.56,23811.31,605893.86,0,0.0000
2018-11-27,106,5,1448.38,707712.67,709161.05,0.00,0.00,100000.00,3267.19,0.4628,7.0916104911,-13.1043,582082.56,27078.49,609161.05,0,0.0000
2018-11-28,106,5,1448.38,714201.53,715649.91,0.00,0.00,100000.00,6488.86,0.9150,7.1564991191,-12.3092,582082.56,33567.36,615649.91,0,0.0000
2018-11-29,106,5,1448.38,732075.21,733523.59,0.00,0.00,100000.00,17873.67,2.4975,7.3352358607,-10.1191,582082.56,51441.03,633523.59,0,0.0000
2018-11-30,106,5,1448.38,727621.21,729069.59,0.00,0.00,100000.00,-4454.00,-0.6072,7.2906958921,-10.6648,582082.56,46987.03,629069.59,0,0.0000
2018-12-03,106,5,1448.38,732403.48,733851.86,0.00,0.00,100000.00,4782.27,0.6559,7.3385186181,-10.0788,582082.56,51769.31,633851.86,0,0.0000
2018-12-04,106,5,1448.38,739884.53,741332.91,0.00,0.00,100000.00,7481.05,1.0194,7.4133291363,-9.1622,582082.56,59250.36,641332.91,0,0.0000
2018-12-05,106,5,1448.38,726539.97,727988.35,0.00,0.00,100000.00,-13344.57,-1.8001,7.2798834745,-10.7973,582082.56,45905.79,627988.35,0,0.0000
2018-12-06,106,5,1448.38,709329.94,710778.32,0.00,0.00,100000.00,-17210.03,-2.3641,7.1077831735,-12.9061,582082.56,28695.76,610778.32,0,0.0000
2018-12-07,106,5,1448.38,719690.40,721138.78,0.00,0.00,100000.00,10360.46,1.4576,7.2113877615,-11.6366,582082.56,39056.22,621138.78,0,0.0000
2018-12-10,106,5,1448.38,699209.18,700657.56,0.00,0.00,100000.00,-20481.22,-2.8401,7.0065755546,-14.1462,582082.56,18575.00,600657.56,0,0.0000
2018-12-11,106,5,1448.38,711623.50,713071.88,0.00,0.00,100000.00,12414.32,1.7718,7.1307188027,-12.6251,582082.56,30989.32,613071.88,0,0.0000
2018-12-12,106,5,1448.38,728599.74,730048.12,0.00,0.00,100000.00,16976.24,2.3807,7.3004811642,-10.5449,582082.56,47965.56,630048.12,0,0.0000
2018-12-13,106,5,1448.38,728844.05,730292.43,0.00,0.00,100000.00,244.31,0.0335,7.3029242774,-10.5150,582082.56,48209.87,630292.43,0,0.0000
2018-12-14,107,5,1068.23,725195.32,726263.56,0.00,0.00,100000.00,-4028.87,-0.5517,7.2626355749,-11.0087,581994.88,44268.68,626263.56,0,0.0000
2018-12-17,107,5,1068.23,724373.11,725441.34,0.00,0.00,100000.00,-822.21,-0.1132,7.2544134369,-11.1094,581994.88,43446.46,625441.34,0,0.0000
2018-12-18,107,5,1068.23,724294.32,725362.55,0.00,0.00,100000.00,-78.79,-0.0109,7.2536255035,-11.1191,581994.88,43367.67,625362.55,0,0.0000
2018-12-19,107,5,1068.23,734111.98,735180.22,0.00,0.00,100000.00,9817.67,1.3535,7.3518021585,-9.9161,581994.88,53185.33,635180.22,0,0.0000
2018-12-20,107,5,1068.23,732070.36,733138.60,0.00,0.00,100000.00,-2041.62,-0.2777,7.3313859852,-10.1662,581994.88,51143.72,633138.60,0,0.0000
2018-12-21,107,5,1068.23,718171.71,719239.94,0.00,0.00,100000.00,-13898.65,-1.8958,7.1923994481,-11.8693,581994.88,37245.06,619239.94,0,0.0000
2018-12-24,107,5,1068.23,713558.55,714626.79,0.00,0.00,100000.00,-4613.16,-0.6414,7.1462678608,-12.4345,581994.88,32631.90,614626.79,0,0.0000
2018-12-26,107,5,1068.23,711354.82,712423.06,0.00,0.00,100000.00,-2203.73,-0.3084,7.1242305520,-12.7046,581994.88,30428.17,612423.06,0,0.0000
2018-12-27,107,5,1068.23,715314.65,716382.88,0.00,0.00,100000.00,3959.83,0.5558,7.1638288285,-12.2194,581994.88,34388.00,616382.88,0,0.0000
2018-12-28,107,5,1068.23,719758.41,720826.65,0.00,0.00,100000.00,4443.76,0.6203,7.2082664551,-11.6749,581994.88,38831.76,620826.65,0,0.0000
2018-12-31,107,5,1068.23,727615.79,728684.02,0.00,0.00,100000.00,7857.38,1.0901,7.2868402440,-10.7121,581994.88,46689.14,628684.02,0,0.0000
2019-01-01,107,5,1068.23,719941.95,721010.18,0.00,0.00,100000.00,-7673.84,-1.0531,7.2101018461,-11.6524,581994.88,39015.30,621010.18,0,0.0000
2019-01-02,107,5,1068.23,717753.26,718821.49,0.00,0.00,100000.00,-2188.69,-0.3036,7.1882149189,-11.9206,581994.88,36826.61,618821.49,0,0.0000
2019-01-03,107,5,1068.23,718128.37,719196.61,0.00,0.00,100000.00,375.12,0.0522,7.1919660864,-11.8746,581994.88,37201.73,619196.61,0,0.0000
2019-01-04,107,5,1068.23,718440.04,719508.28,0.00,0.00,100000.00,311.67,0.0433,7.1950827846,-11.8364,581994.88,37513.40,619508.28,0,0.0000
2019-01-07,107,5,1068.23,715283.66,716351.89,0.00,0.00,100000.00,-3156.39,-0.4387,7.1635189023,-12.2232,581994.88,34357.01,616351.89,0,0.0000
2019-01-08,107,5,1068.23,710829.51,711897.75,0.00,0.00,100000.00,-4454.14,-0.6218,7.1189774561,-12.7689,581994.88,29902.86,611897.75,0,0.0000
2019-01-09,107,5,1068.23,710573.91,711642.14,0.00,0.00,100000.00,-255.60,-0.0359,7.1164214198,-12.8003,581994.88,29647.26,611642.14,0,0.0000
2019-01-10,107,5,1068.23,709131.01,710199.24,0.00,0.00,100000.00,-1442.90,-0.2028,7.1019924376,-12.9771,581994.88,28204.36,610199.24,0,0.0000
2019-01-11,107,5,1068.23,712812.38,713880.62,0.00,0.00,100000.00,3681.37,0.5184,7.1388061517,-12.5260,581994.88,31885.73,613880.62,0,0.0000
2019-01-14,108,5,2008.36,703325.16,705333.51,0.00,0.00,100000.00,-8547.10,-1.1973,7.0533351283,-13.5733,611839.88,-6506.36,605333.51,0,0.0000
2019-01-15,108,5,2008.36,710100.19,712108.55,0.00,0.00,100000.00,6775.03,0.9605,7.1210854731,-12.7431,611839.88,268.67,612108.55,0,0.0000
2019-01-16,108,5,2008.36,716832.78,718841.14,0.00,0.00,100000.00,6732.59,0.9454,7.1884114011,-11.9181,611839.88,7001.26,618841.14,0,0.0000
2019-01-17,108,5,2008.36,707226.67,709235.02,0.00,0.00,100000.00,-9606.12,-1.3363,7.0923502476,-13.0952,611839.88,-2604.85,609235.02,0,0.0000
2019-01-18,108,5,2008.36,701384.47,703392.82,0.00,0.00,100000.00,-5842.20,-0.8237,7.0339282099,-13.8111,611839.88,-8447.05,603392.82,0,0.0000
2019-01-21,108,5,2008.36,699627.81,701636.16,0.00,0.00,100000.00,-1756.66,-0.2497,7.0163616096,-14.0263,611839.88,-10203.71,601636.16,0,0.0000
2019-01-22,108,5,2008.36,709154.42,711162.78,0.00,0.00,100000.00,9526.62,1.3578,7.1116277674,-12.8590,611839.88,-677.10,611162.78,0,0.0000
2019-01-23,108,5,2008.36,705037.79,707046.15,0.00,0.00,100000.00,-4116.63,-0.5789,7.0704614753,-13.3634,611839.88,-4793.73,607046.15,0,0.0000
2019-01-24,108,5,2008.36,714748.16,716756.52,0.00,0.00,100000.00,9710.37,1.3734,7.1675651978,-12.1736,611839.88,4916.64,616756.52,0,0.0000
2019-01-25,108,5,2008.36,705831.96,707840.31,0.00,0.00,100000.00,-8916.21,-1.2440,7.0784031379,-13.2661,611839.88,-3999.56,607840.31,0,0.0000
2019-01-28,108,5,2008.36,696619.07,698627.43,0.00,0.00,100000.00,-9212.88,-1.3015,6.9862742887,-14.3950,611839.88,-13212.45,598627.43,0,0.0000
2019-01-29,108,5,2008.36,703308.34,705316.69,0.00,0.00,100000.00,6689.26,0.9575,7.0531669370,-13.5753,611839.88,-6523.18,605316.69,0,0.0000
2019-01-30,108,5,2008.36,707072.19,709080.54,0.00,0.00,100000.00,3763.85,0.5336,7.0908054307,-13.1141,611839.88,-2759.33,609080.54,0,0.0000
2019-01-31,108,5,2008.36,713916.43,715924.78,0.00,0.00,100000.00,6844.24,0.9652,7.1592478193,-12.2755,611839.88,4084.91,615924.78,0,0.0000
2019-02-01,108,5,2008.36,714665.86,716674.21,0.00,0.00,100000.00,749.43,0.1047,7.1667421473,-12.1837,611839.88,4834.34,616674.21,0,0.0000
2019-02-04,108,5,2008.36,707316.17,709324.52,0.00,0.00,100000.00,-7349.69,-1.0255,7.0932452152,-13.0842,611839.88,-2515.35,609324.52,0,0.0000
2019-02-05,108,5,2008.36,708889.66,710898.01,0.00,0.00,100000.00,1573.49,0.2218,7.1089801145,-12.8914,611839.88,-941.86,610898.01,0,0.0000
2019-02-06,108,5,2008.36,714398.40,716406.76,0.00,0.00,100000.00,5508.75,0.7749,7.1640675773,-12.2164,611839.88,4566.88,616406.76,0,0.0000
2019-02-07,108,5,2008.36,720629.20,722637.55,0.00,0.00,100000.00,6230.79,0.8697,7.2263755241,-11.4530,611839.88,10797.68,622637.55,0,0.0000
2019-02-08,108,5,2008.36,713184.10,715192.46,0.00,0.00,100000.00,-7445.09,-1.0303,7.1519246049,-12.3652,611839.88,3352.58,615192.46,0,0.0000
2019-02-11,109,5,2424.33,701968.11,704392.44,0.00,0.00,100000.00,-10800.02,-1.5101,7.0439244082,-13.6886,598482.52,5909.92,604392.44,0,0.0000
2019-02-12,109,5,2424.33,696402.13,698826.46,0.00,0.00,100000.00,-5565.98,-0.7902,6.9882645691,-14.3706,598482.52,343.94,598826.46,0,0.0000
2019-02-14,109,5,2424.33,694215.54,696639.87,0.00,0.00,100000.00,-2186.59,-0.3129,6.9663987134,-14.6385,598482.52,-1842.65,596639.87,0,0.0000
2019-02-15,109,5,2424.33,683002.37,685426.70,0.00,0.00,100000.00,-11213.17,-1.6096,6.8542669922,-16.0125,598482.52,-13055.82,585426.70,0,0.0000
2019-02-18,109,5,2424.33,665733.63,668157.96,0.00,0.00,100000.00,-17268.74,-2.5194,6.6815795782,-18.1285,598482.52,-30324.56,568157.96,0,0.0000
2019-02-19,109,5,2424.33,664623.81,667048.14,0.00,0.00,100000.00,-1109.82,-0.1661,6.6704813519,-18.2645,598482.52,-31434.38,567048.14,0,0.0000
2019-02-20,109,5,2424.33,672511.04,674935.37,0.00,0.00,100000.00,7887.24,1.1824,6.7493537082,-17.2981,598482.52,-23547.15,574935.37,0,0.0000
2019-02-21,109,5,2424.33,671506.62,673930.95,0.00,0.00,100000.00,-1004.42,-0.1488,6.7393094989,-17.4211,598482.52,-24551.57,573930.95,0,0.0000
2019-02-22,109,5,2424.33,673116.94,675541.27,0.00,0.00,100000.00,1610.32,0.2389,6.7554127264,-17.2238,598482.52,-22941.25,575541.27,0,0.0000
2019-02-25,109,5,2424.33,675968.67,678393.00,0.00,0.00,100000.00,2851.73,0.4221,6.7839299994,-16.8744,598482.52,-20089.52,578393.00,0,0.0000
2019-02-26,109,5,2424.33,670387.94,672812.27,0.00,0.00,100000.00,-5580.73,-0.8226,6.7281227176,-17.5582,598482.52,-25670.25,572812.27,0,0.0000
2019-02-27,109,5,2424.33,667500.11,669924.44,0.00,0.00,100000.00,-2887.83,-0.4292,6.6992444366,-17.9121,598482.52,-28558.08,569924.44,0,0.0000
2019-02-28,109,5,2424.33,672558.89,674983.22,0.00,0.00,100000.00,5058.77,0.7551,6.7498321719,-17.2922,598482.52,-23499.30,574983.22,0,0.0000
2019-03-01,109,5,2424.33,678140.20,680564.53,0.00,0.00,100000.00,5581.31,0.8269,6.8056452673,-16.6083,598482.52,-17917.99,580564.53,0,0.0000
2019-03-05,109,5,2424.33,695170.54,697594.87,0.00,0.00,100000.00,17030.34,2.5024,6.9759486694,-14.5215,598482.52,-887.65,597594.87,0,0.0000
2019-03-06,109,5,2424.33,702653.36,705077.69,0.00,0.00,100000.00,7482.82,1.0727,7.0507768628,-13.6046,598482.52,6595.17,605077.69,0,0.0000
2019-03-07,109,5,2424.33,696939.23,699363.56,0.00,0.00,100000.00,-5714.13,-0.8104,6.9936355502,-14.3048,598482.52,881.04,599363.56,0,0.0000
2019-03-08,109,5,2424.33,702278.44,704702.77,0.00,0.00,100000.00,5339.21,0.7634,7.0470276858,-13.6506,598482.52,6220.25,604702.77,0,0.0000
2019-03-11,109,5,2424.33,713958.86,716383.19,0.00,0.00,100000.00,11680.42,1.6575,7.1638319043,-12.2193,598482.52,17900.67,616383.19,0,0.0000
2019-03-12,109,5,2424.33,716428.61,718852.94,0.00,0.00,100000.00,2469.75,0.3448,7.1885294308,-11.9167,598482.52,20370.42,618852.94,0,0.0000
2019-03-13,110,5,862.80,723255.81,724118.62,0.00,0.00,100000.00,5265.67,0.7325,7.2411861517,-11.2715,595447.23,28671.38,624118.62,0,0.0000
2019-03-14,110,5,862.80,728515.35,729378.16,0.00,0.00,100000.00,5259.54,0.7263,7.2937815570,-10.6270,595447.23,33930.92,629378.16,0,0.0000
2019-03-15,110,5,862.80,728400.13,729262.94,0.00,0.00,100000.00,-115.22,-0.0158,7.2926293725,-10.6411,595447.23,33815.70,629262.94,0,0.0000
2019-03-18,110,5,862.80,736544.34,737407.14,0.00,0.00,100000.00,8144.20,1.1168,7.3740714032,-9.6432,595447.23,41959.91,637407.14,0,0.0000
2019-03-19,110,5,862.80,738936.02,739798.82,0.00,0.00,100000.00,2391.68,0.3243,7.3979882450,-9.3501,595447.23,44351.59,639798.82,0,0.0000
2019-03-20,110,5,862.80,749573.84,750436.64,0.00,0.00,100000.00,10637.82,1.4379,7.5043663967,-8.0467,595447.23,54989.41,650436.64,0,0.0000
2019-03-22,110,5,862.80,752685.75,753548.55,0.00,0.00,100000.00,3111.91,0.4147,7.5354855212,-7.6653,595447.23,58101.32,653548.55,0,0.0000
2019-03-25,110,5,862.80,741212.85,742075.65,0.00,0.00,100000.00,-11472.90,-1.5225,7.4207565488,-9.0711,595447.23,46628.42,642075.65,0,0.0000
2019-03-26,110,5,862.80,747512.91,748375.72,0.00,0.00,100000.00,6300.06,0.8490,7.4837571567,-8.2992,595447.23,52928.48,648375.72,0,0.0000
2019-03-27,110,5,862.80,753971.91,754834.72,0.00,0.00,100000.00,6459.00,0.8631,7.5483471630,-7.5077,595447.23,59387.48,654834.72,0,0.0000
2019-03-28,110,5,862.80,765839.70,766702.51,0.00,0.00,100000.00,11867.79,1.5722,7.6670250745,-6.0535,595447.23,71255.28,666702.51,0,0.0000
2019-04-01,110,5,862.80,771129.72,771992.52,0.00,0.00,100000.00,5290.02,0.6900,7.7199252428,-5.4053,595447.23,76545.29,671992.52,0,0.0000
2019-04-02,110,5,862.80,759020.97,759883.78,0.00,0.00,100000.00,-12108.75,-1.5685,7.5988377665,-6.8891,595447.23,64436.54,659883.78,0,0.0000
2019-04-03,110,5,862.80,753746.10,754608.91,0.00,0.00,100000.00,-5274.87,-0.6942,7.5460890646,-7.5354,595447.23,59161.67,654608.91,0,0.0000
2019-04-04,110,5,862.80,759077.43,759940.23,0.00,0.00,100000.00,5331.33,0.7065,7.5994023287,-6.8821,595447.23,64493.00,659940.23,0,0.0000
2019-04-05,110,5,862.80,758187.61,759050.41,0.00,0.00,100000.00,-889.82,-0.1171,7.5905041105,-6.9912,595447.23,63603.18,659050.41,0,0.0000
2019-04-08,110,5,862.80,757837.11,758699.92,0.00,0.00,100000.00,-350.49,-0.0462,7.5869991843,-7.0341,595447.23,63252.69,658699.92,0,0.0000
2019-04-09,110,5,862.80,752795.26,753658.06,0.00,0.00,100000.00,-5041.85,-0.6645,7.5365806372,-7.6519,595447.23,58210.83,653658.06,0,0.0000
2019-04-10,110,5,862.80,755590.82,756453.62,0.00,0.00,100000.00,2795.56,0.3709,7.5645362087,-7.3094,595447.23,61006.39,656453.62,0,0.0000
2019-04-11,110,5,862.80,752786.96,753649.76,0.00,0.00,100000.00,-2803.86,-0.3707,7.5364976066,-7.6529,595447.23,58202.53,653649.76,0,0.0000
2019-04-12,111,5,544.47,762554.70,763099.17,0.00,0.00,100000.00,9449.41,1.2538,7.6309916643,-6.4951,604220.52,58878.65,663099.17,0,0.0000
2019-04-15,111,5,544.47,778070.60,778615.07,0.00,0.00,100000.00,15515.90,2.0333,7.7861506852,-4.5939,604220.52,74394.55,678615.07,0,0.0000
2019-04-16,111,5,544.47,799270.31,799814.78,0.00,0.00,100000.00,21199.71,2.7227,7.9981478167,-1.9962,604220.52,95594.26,699814.78,0,0.0000
2019-04-18,111,5,544.47,783841.59,784386.06,0.00,0.00,100000.00,-15428.72,-1.9290,7.8438605868,-3.8867,604220.52,80165.54,684386.06,0,0.0000
2019-04-22,111,5,544.47,770183.36,770727.83,0.00,0.00,100000.00,-13658.23,-1.7413,7.7072782899,-5.5603,604220.52,66507.31,670727.83,0,0.0000
2019-04-23,111,5,544.47,776559.68,777104.15,0.00,0.00,100000.00,6376.32,0.8273,7.7710415108,-4.7790,604220.52,72883.63,677104.15,0,0.0000
2019-04-24,111,5,544.47,783863.21,784407.68,0.00,0.00,100000.00,7303.53,0.9398,7.8440768208,-3.8841,604220.52,80187.17,684407.68,0,0.0000
2019-04-25,111,5,544.47,776359.17,776903.64,0.00,0.00,100000.00,-7504.04,-0.9567,7.7690363858,-4.8036,604220.52,72683.12,676903.64,0,0.0000
2019-04-26,111,5,544.47,767986.24,768530.71,0.00,0.00,100000.00,-8372.93,-1.0777,7.6853070784,-5.8295,604220.52,64310.19,668530.71,0,0.0000
2019-04-30,111,5,544.47,743612.13,744156.59,0.00,0.00,100000.00,-24374.11,-3.1715,7.4415659346,-8.8162,604220.52,39936.08,644156.59,0,0.0000
2019-05-02,111,5,544.47,740615.89,741160.36,0.00,0.00,100000.00,-2996.24,-0.4026,7.4116035842,-9.1833,604220.52,36939.84,641160.36,0,0.0000
2019-05-03,111,5,544.47,746356.77,746901.23,0.00,0.00,100000.00,5740.87,0.7746,7.4690123342,-8.4799,604220.52,42680.72,646901.23,0,0.0000
2019-05-06,111,5,544.47,734068.46,734612.93,0.00,0.00,100000.00,-12288.31,-1.6452,7.3461292704,-9.9856,604220.52,30392.41,634612.93,0,0.0000
2019-05-07,111,5,544.47,727285.29,727829.75,0.00,0.00,100000.00,-6783.17,-0.9234,7.2782975318,-10.8167,604220.52,23609.24,627829.75,0,0.0000
2019-05-08,111,5,544.47,716271.27,716815.73,0.00,0.00,100000.00,-11014.02,-1.5133,7.1681573292,-12.1663,604220.52,12595.22,616815.73,0,0.0000
2019-05-09,111,5,544.47,707598.43,708142.89,0.00,0.00,100000.00,-8672.84,-1.2099,7.0814289407,-13.2290,604220.52,3922.38,608142.89,0,0.0000
2019-05-10,111,5,544.47,723356.58,723901.05,0.00,0.00,100000.00,15758.15,2.2253,7.2390104638,-11.2981,604220.52,19680.53,623901.05,0,0.0000
2019-05-13,111,5,544.47,676210.56,676755.03,0.00,0.00,100000.00,-47146.02,-6.5128,6.7675503023,-17.0751,604220.52,-27465.49,576755.03,0,0.0000
2019-05-14,111,5,544.47,677119.20,677663.67,0.00,0.00,100000.00,908.64,0.1343,6.7766366846,-16.9638,604220.52,-26556.85,577663.67,0,0.0000
2019-05-15,111,5,544.47,674807.38,675351.85,0.00,0.00,100000.00,-2311.82,-0.3411,6.7535185101,-17.2470,604220.52,-28868.67,575351.85,0,0.0000
2019-05-16,112,5,1577.49,656710.13,658287.62,0.00,0.00,100000.00,-17064.23,-2.5267,6.5828762117,-19.3380,542757.78,15529.84,558287.62,0,0.0000
2019-05-17,112,5,1577.49,658935.32,660512.81,0.00,0.00,100000.00,2225.19,0.3380,6.6051281209,-19.0653,542757.78,17755.03,560512.81,0,0.0000
2019-05-20,112,5,1577.49,670199.96,671777.45,0.00,0.00,100000.00,11264.64,1.7054,6.7177744838,-17.6850,542757.78,29019.67,571777.45,0,0.0000
2019-05-21,112,5,1577.49,677657.20,679234.69,0.00,0.00,100000.00,7457.24,1.1101,6.7923469112,-16.7712,542757.78,36476.91,579234.69,0,0.0000
2019-05-22,112,5,1577.49,679839.16,681416.65,0.00,0.00,100000.00,2181.96,0.3212,6.8141665315,-16.5039,542757.78,38658.87,581416.65,0,0.0000
2019-05-23,112,5,1577.49,680050.66,681628.15,0.00,0.00,100000.00,211.50,0.0310,6.8162815157,-16.4780,542757.78,38870.37,581628.15,0,0.0000
2019-05-24,112,5,1577.49,694974.99,696552.48,0.00,0.00,100000.00,14924.32,2.1895,6.9655247554,-14.6492,542757.78,53794.70,596552.48,0,0.0000
2019-05-27,112,5,1577.49,704972.99,706550.48,0.00,0.00,100000.00,9998.01,1.4354,7.0655048146,-13.4242,542757.78,63792.70,606550.48,0,0.0000
2019-05-28,112,5,1577.49,710293.04,711870.53,0.00,0.00,100000.00,5320.05,0.7530,7.1187053438,-12.7723,542757.78,69112.76,611870.53,0,0.0000
2019-05-29,112,5,1577.49,708515.23,710092.72,0.00,0.00,100000.00,-1777.81,-0.2497,7.1009272444,-12.9901,542757.78,67334.95,610092.72,0,0.0000
2019-05-30,112,5,1577.49,714958.56,716536.05,0.00,0.00,100000.00,6443.32,0.9074,7.1653604573,-12.2006,542757.78,73778.27,616536.05,0,0.0000
2019-05-31,112,5,1577.49,711361.91,712939.40,0.00,0.00,100000.00,-3596.64,-0.5019,7.1293940468,-12.6413,542757.78,70181.63,612939.40,0,0.0000
2019-06-03,112,5,1577.49,738841.68,740419.17,0.00,0.00,100000.00,27479.77,3.8544,7.4041917409,-9.2741,542757.78,97661.39,640419.17,0,0.0000
2019-06-04,112,5,1577.49,735462.84,737040.33,0.00,0.00,100000.00,-3378.84,-0.4563,7.3704033425,-9.6881,542757.78,94282.56,637040.33,0,0.0000
2019-06-06,112,5,1577.49,720790.83,722368.32,0.00,0.00,100000.00,-14672.02,-1.9907,7.2236831703,-11.4860,542757.78,79610.54,622368.32,0,0.0000
2019-06-07,112,5,1577.49,728774.09,730351.58,0.00,0.00,100000.00,7983.26,1.1052,7.3035157973,-10.5077,542757.78,87593.80,630351.58,0,0.0000
2019-06-10,112,5,1577.49,731036.91,732614.40,0.00,0.00,100000.00,2262.82,0.3098,7.3261439565,-10.2305,542757.78,89856.62,632614.40,0,0.0000
2019-06-11,112,5,1577.49,727635.24,729212.73,0.00,0.00,100000.00,-3401.66,-0.4643,7.2921273305,-10.6473,542757.78,86454.95,629212.73,0,0.0000
2019-06-12,112,5,1577.49,717211.78,718789.27,0.00,0.00,100000.00,-10423.46,-1.4294,7.1878926851,-11.9245,542757.78,76031.49,618789.27,0,0.0000
2019-06-13,112,5,1577.49,727092.47,728669.96,0.00,0.00,100000.00,9880.69,1.3746,7.2866996114,-10.7138,542757.78,85912.18,628669.96,0,0.0000
2019-06-14,113,5,1246.47,719951.63,721198.10,0.00,0.00,100000.00,-7471.86,-1.0254,7.2119809798,-11.6293,570400.25,50797.85,621198.10,0,0.0000
2019-06-17,113,5,1246.47,708223.12,709469.59,0.00,0.00,100000.00,-11728.51,-1.6263,7.0946959032,-13.0665,570400.25,39069.34,609469.59,0,0.0000
2019-06-18,113,5,1246.47,720131.70,721378.17,0.00,0.00,100000.00,11908.58,1.6785,7.2137816602,-11.6073,570400.25,50977.92,621378.17,0,0.0000
2019-06-19,113,5,1246.47,707395.21,708641.68,0.00,0.00,100000.00,-12736.48,-1.7656,7.0864168170,-13.1679,570400.25,38241.43,608641.68,0,0.0000
2019-06-20,113,5,1246.47,710936.28,712182.75,0.00,0.00,100000.00,3541.07,0.4997,7.1218275470,-12.7340,570400.25,41782.51,612182.75,0,0.0000
2019-06-21,113,5,1246.47,706092.21,707338.68,0.00,0.00,100000.00,-4844.07,-0.6802,7.0733868147,-13.3276,570400.25,36938.43,607338.68,0,0.0000
2019-06-24,113,5,1246.47,701893.25,703139.72,0.00,0.00,100000.00,-4198.96,-0.5936,7.0313971845,-13.8421,570400.25,32739.47,603139.72,0,0.0000
2019-06-25,113,5,1246.47,711551.32,712797.79,0.00,0.00,100000.00,9658.07,1.3736,7.1279778926,-12.6587,570400.25,42397.54,612797.79,0,0.0000
2019-06-26,113,5,1246.47,710291.36,711537.83,0.00,0.00,100000.00,-1259.96,-0.1768,7.1153782651,-12.8130,570400.25,41137.58,611537.83,0,0.0000
2019-06-27,113,5,1246.47,716967.64,718214.11,0.00,0.00,100000.00,6676.28,0.9383,7.1821410752,-11.9950,570400.25,47813.86,618214.11,0,0.0000
2019-06-28,113,5,1246.47,718672.50,719918.97,0.00,0.00,100000.00,1704.87,0.2374,7.1991897347,-11.7861,570400.25,49518.73,619918.97,0,0.0000
2019-07-01,113,5,1246.47,727320.01,728566.49,0.00,0.00,100000.00,8647.51,1.2012,7.2856648544,-10.7265,570400.25,58166.24,628566.49,0,0.0000
2019-07-02,113,5,1246.47,736977.26,738223.73,0.00,0.00,100000.00,9657.25,1.3255,7.3822373123,-9.5431,570400.25,67823.48,638223.73,0,0.0000
2019-07-03,113,5,1246.47,737559.97,738806.44,0.00,0.00,100000.00,582.70,0.0789,7.3880643590,-9.4717,570400.25,68406.19,638806.44,0,0.0000
2019-07-04,113,5,1246.47,745683.89,746930.36,0.00,0.00,100000.00,8123.92,1.0996,7.4693035678,-8.4763,570400.25,76530.11,646930.36,0,0.0000
2019-07-05,113,5,1246.47,725448.54,726695.01,0.00,0.00,100000.00,-20235.35,-2.7091,7.2669501045,-10.9558,570400.25,56294.76,626695.01,0,0.0000
2019-07-08,113,5,1246.47,705700.20,706946.67,0.00,0.00,100000.00,-19748.34,-2.7176,7.0694667188,-13.3756,570400.25,36546.42,606946.67,0,0.0000
2019-07-09,113,5,1246.47,708192.56,709439.03,0.00,0.00,100000.00,2492.36,0.3526,7.0943903200,-13.0702,570400.25,39038.78,609439.03,0,0.0000
2019-07-10,113,5,1246.47,683006.29,684252.76,0.00,0.00,100000.00,-25186.27,-3.5502,6.8425275951,-16.1564,570400.25,13852.51,584252.76,0,0.0000
2019-07-11,113,5,1246.47,679571.45,680817.92,0.00,0.00,100000.00,-3434.84,-0.5020,6.8081791641,-16.5773,570400.25,10417.67,580817.92,0,0.0000
2019-07-12,114,5,543.74,684707.72,685251.46,0.00,0.00,100000.00,4433.54,0.6512,6.8525146005,-16.0340,590882.01,-5630.55,585251.46,0,0.0000
2019-07-15,114,5,543.74,680098.19,680641.93,0.00,0.00,100000.00,-4609.53,-0.6727,6.8064192883,-16.5988,590882.01,-10240.08,580641.93,0,0.0000
2019-07-16,114,5,543.74,689575.73,690119.47,0.00,0.00,100000.00,9477.54,1.3924,6.9011946711,-15.4375,590882.01,-762.54,590119.47,0,0.0000
2019-07-17,114,5,543.74,695307.91,695851.64,0.00,0.00,100000.00,5732.18,0.8306,6.9585164431,-14.7351,590882.01,4969.63,595851.64,0,0.0000
2019-07-18,114,5,543.74,684343.40,684887.14,0.00,0.00,100000.00,-10964.51,-1.5757,6.8488713790,-16.0786,590882.01,-5994.87,584887.14,0,0.0000
2019-07-19,114,5,543.74,674509.30,675053.04,0.00,0.00,100000.00,-9834.10,-1.4359,6.7505303791,-17.2836,590882.01,-15828.97,575053.04,0,0.0000
2019-07-22,114,5,543.74,668281.21,668824.95,0.00,0.00,100000.00,-6228.09,-0.9226,6.6882495281,-18.0468,590882.01,-22057.06,568824.95,0,0.0000
2019-07-23,114,5,543.74,660709.27,661253.01,0.00,0.00,100000.00,-7571.94,-1.1321,6.6125301040,-18.9746,590882.01,-29629.00,561253.01,0,0.0000
2019-07-24,114,5,543.74,655530.61,656074.35,0.00,0.00,100000.00,-5178.66,-0.7832,6.5607435088,-19.6092,590882.01,-34807.66,556074.35,0,0.0000
2019-07-25,114,5,543.74,652126.27,652670.01,0.00,0.00,100000.00,-3404.34,-0.5189,6.5267000700,-20.0263,590882.01,-38212.00,552670.01,0,0.0000
2019-07-26,114,5,543.74,659055.24,659598.98,0.00,0.00,100000.00,6928.97,1.0616,6.5959898090,-19.1773,590882.01,-31283.03,559598.98,0,0.0000
2019-07-29,114,5,543.74,658167.90,658711.64,0.00,0.00,100000.00,-887.34,-0.1345,6.5871163947,-19.2860,590882.01,-32170.37,558711.64,0,0.0000
2019-07-30,114,5,543.74,642254.30,642798.03,0.00,0.00,100000.00,-15913.61,-2.4159,6.4279803420,-21.2359,590882.01,-48083.98,542798.03,0,0.0000
2019-07-31,114,5,543.74,635460.11,636003.85,0.00,0.00,100000.00,-6794.19,-1.0570,6.3600384731,-22.0685,590882.01,-54878.16,536003.85,0,0.0000
2019-08-01,114,5,543.74,640902.70,641446.44,0.00,0.00,100000.00,5442.59,0.8557,6.4144643969,-21.4016,590882.01,-49435.57,541446.44,0,0.0000
2019-08-02,114,5,543.74,643112.23,643655.97,0.00,0.00,100000.00,2209.53,0.3445,6.4365596706,-21.1308,590882.01,-47226.04,543655.97,0,0.0000
2019-08-05,114,5,543.74,631856.90,632400.64,0.00,0.00,100000.00,-11255.33,-1.7487,6.3240064077,-22.5100,590882.01,-58481.37,532400.64,0,0.0000
2019-08-06,114,5,543.74,649925.13,650468.87,0.00,0.00,100000.00,18068.23,2.8571,6.5046886825,-20.2960,590882.01,-40413.14,550468.87,0,0.0000
2019-08-07,114,5,543.74,652341.44,652885.18,0.00,0.00,100000.00,2416.31,0.3715,6.5288517976,-19.9999,590882.01,-37996.83,552885.18,0,0.0000
2019-08-08,114,5,543.74,658442.84,658986.58,0.00,0.00,100000.00,6101.40,0.9345,6.5898658364,-19.2523,590882.01,-31895.43,558986.58,0,0.0000
2019-08-09,115,5,795.33,656425.40,657220.72,0.00,0.00,100000.00,-1765.86,-0.2680,6.5722072379,-19.4687,565407.16,-8186.43,557220.72,0,0.0000
2019-08-13,115,5,795.33,639890.14,640685.46,0.00,0.00,100000.00,-16535.26,-2.5159,6.4068546424,-21.4948,565407.16,-24721.69,540685.46,0,0.0000
2019-08-14,115,5,795.33,647250.93,648046.26,0.00,0.00,100000.00,7360.79,1.1489,6.4804625648,-20.5929,565407.16,-17360.90,548046.26,0,0.0000
2019-08-16,115,5,795.33,653147.25,653942.58,0.00,0.00,100000.00,5896.32,0.9099,6.5394258072,-19.8704,565407.16,-11464.57,553942.58,0,0.0000
2019-08-19,115,5,795.33,651807.10,652602.43,0.00,0.00,100000.00,-1340.15,-0.2049,6.5260242899,-20.0346,565407.16,-12804.73,552602.43,0,0.0000
2019-08-20,115,5,795.33,648476.42,649271.74,0.00,0.00,100000.00,-3330.68,-0.5104,6.4927174442,-20.4427,565407.16,-16135.41,549271.74,0,0.0000
2019-08-21,115,5,795.33,645480.59,646275.92,0.00,0.00,100000.00,-2995.83,-0.4614,6.4627591874,-20.8098,565407.16,-19131.24,546275.92,0,0.0000
2019-08-22,115,5,795.33,632950.31,633745.64,0.00,0.00,100000.00,-12530.28,-1.9388,6.3374564197,-22.3452,565407.16,-31661.51,533745.64,0,0.0000
2019-08-23,115,5,795.33,636205.07,637000.40,0.00,0.00,100000.00,3254.76,0.5136,6.3700040098,-21.9463,565407.16,-28406.75,537000.40,0,0.0000
2019-08-26,115,5,795.33,644301.16,645096.48,0.00,0.00,100000.00,8096.08,1.2710,6.4509648377,-20.9543,565407.16,-20310.67,545096.48,0,0.0000
2019-08-27,115,5,795.33,644278.37,645073.70,0.00,0.00,100000.00,-22.78,-0.0035,6.4507369950,-20.9571,565407.16,-20333.46,545073.70,0,0.0000
2019-08-28,115,5,795.33,645826.92,646622.25,0.00,0.00,100000.00,1548.55,0.2401,6.4662224827,-20.7674,565407.16,-18784.91,546622.25,0,0.0000
2019-08-29,115,5,795.33,636538.43,637333.76,0.00,0.00,100000.00,-9288.49,-1.4365,6.3733375706,-21.9055,565407.16,-28073.40,537333.76,0,0.0000
2019-08-30,115,5,795.33,642317.73,643113.06,0.00,0.00,100000.00,5779.30,0.9068,6.4311305881,-21.1973,565407.16,-22294.10,543113.06,0,0.0000
2019-09-03,115,5,795.33,626711.20,627506.52,0.00,0.00,100000.00,-15606.53,-2.4267,6.2750652448,-23.1097,565407.16,-37900.63,527506.52,0,0.0000
2019-09-04,115,5,795.33,625423.52,626218.85,0.00,0.00,100000.00,-1287.68,-0.2052,6.2621884885,-23.2674,565407.16,-39188.31,526218.85,0,0.0000
2019-09-05,115,5,795.33,623948.08,624743.41,0.00,0.00,100000.00,-1475.44,-0.2356,6.2474340623,-23.4482,565407.16,-40663.75,524743.41,0,0.0000
2019-09-06,115,5,795.33,625738.56,626533.89,0.00,0.00,100000.00,1790.49,0.2866,6.2653389264,-23.2288,565407.16,-38873.26,526533.89,0,0.0000
2019-09-09,115,5,795.33,628223.41,629018.74,0.00,0.00,100000.00,2484.85,0.3966,6.2901874219,-22.9244,565407.16,-36388.41,529018.74,0,0.0000
2019-09-11,115,5,795.33,630544.63,631339.96,0.00,0.00,100000.00,2321.21,0.3690,6.3133995518,-22.6399,565407.16,-34067.20,531339.96,0,0.0000
2019-09-12,116,5,832.22,623892.91,624725.13,0.00,0.00,100000.00,-6614.82,-1.0477,6.2472513029,-23.4505,528978.32,-4253.18,524725.13,0,0.0000
2019-09-13,116,5,832.22,623287.90,624120.11,0.00,0.00,100000.00,-605.02,-0.0968,6.2412011458,-23.5246,528978.32,-4858.20,524120.11,0,0.0000
2019-09-16,116,5,832.22,619166.93,619999.14,0.00,0.00,100000.00,-4120.97,-0.6603,6.1999914427,-24.0296,528978.32,-8979.17,519999.14,0,0.0000
2019-09-17,116,5,832.22,613071.30,613903.52,0.00,0.00,100000.00,-6095.62,-0.9832,6.1390352150,-24.7765,528978.32,-15074.79,513903.52,0,0.0000
2019-09-18,116,5,832.22,621467.33,622299.55,0.00,0.00,100000.00,8396.03,1.3676,6.2229955244,-23.7477,528978.32,-6678.76,522299.55,0,0.0000
2019-09-19,116,5,832.22,610515.52,611347.74,0.00,0.00,100000.00,-10951.81,-1.7599,6.1134773762,-25.0896,528978.32,-17630.58,511347.74,0,0.0000
2019-09-20,116,5,832.22,642653.10,643485.32,0.00,0.00,100000.00,32137.58,5.2568,6.4348531789,-21.1517,528978.32,14507.00,543485.32,0,0.0000
2019-09-23,116,5,832.22,650507.65,651339.87,0.00,0.00,100000.00,7854.55,1.2206,6.5133987149,-20.1893,528978.32,22361.56,551339.87,0,0.0000
2019-09-24,116,5,832.22,653516.47,654348.69,0.00,0.00,100000.00,3008.82,0.4619,6.5434869063,-19.8206,528978.32,25370.38,554348.69,0,0.0000
2019-09-25,116,5,832.22,652508.17,653340.39,0.00,0.00,100000.00,-1008.30,-0.1541,6.5334039190,-19.9442,528978.32,24362.08,553340.39,0,0.0000
2019-09-26,116,5,832.22,655619.61,656451.83,0.00,0.00,100000.00,3111.44,0.4762,6.5645183349,-19.5629,528978.32,27473.52,556451.83,0,0.0000
2019-09-27,116,5,832.22,650833.40,651665.62,0.00,0.00,100000.00,-4786.21,-0.7291,6.5166561915,-20.1494,528978.32,22687.30,551665.62,0,0.0000
2019-09-30,116,5,832.22,648289.13,649121.35,0.00,0.00,100000.00,-2544.27,-0.3904,6.4912135193,-20.4611,528978.32,20143.04,549121.35,0,0.0000
2019-10-01,116,5,832.22,640076.46,640908.68,0.00,0.00,100000.00,-8212.67,-1.2652,6.4090867747,-21.4675,528978.32,11930.36,540908.68,0,0.0000
2019-10-03,116,5,832.22,644372.65,645204.87,0.00,0.00,100000.00,4296.19,0.6703,6.4520486591,-20.9410,528978.32,16226.55,545204.87,0,0.0000
2019-10-04,116,5,832.22,637740.27,638572.49,0.00,0.00,100000.00,-6632.37,-1.0279,6.3857249269,-21.7537,528978.32,9594.18,538572.49,0,0.0000
2019-10-07,116,5,832.22,634995.11,635827.33,0.00,0.00,100000.00,-2745.16,-0.4299,6.3582732795,-22.0901,528978.32,6849.01,535827.33,0,0.0000
2019-10-09,116,5,832.22,645036.80,645869.02,0.00,0.00,100000.00,10041.69,1.5793,6.4586902131,-20.8596,528978.32,16890.71,545869.02,0,0.0000
2019-10-10,116,5,832.22,641752.57,642584.79,0.00,0.00,100000.00,-3284.23,-0.5085,6.4258479234,-21.2621,528978.32,13606.48,542584.79,0,0.0000
2019-10-11,116,5,832.22,650854.92,651687.14,0.00,0.00,100000.00,9102.35,1.4165,6.5168714034,-20.1467,528978.32,22708.83,551687.14,0,0.0000
2019-10-14,117,5,2885.48,651195.82,654081.30,0.00,0.00,100000.00,2394.16,0.3674,6.5408130397,-19.8534,527320.58,26760.72,554081.30,0,0.0000
2019-10-15,117,5,2885.48,654692.50,657577.98,0.00,0.00,100000.00,3496.68,0.5346,6.5757798466,-19.4249,527320.58,30257.40,557577.98,0,0.0000
2019-10-16,117,5,2885.48,653267.02,656152.50,0.00,0.00,100000.00,-1425.48,-0.2168,6.5615250337,-19.5996,527320.58,28831.92,556152.50,0,0.0000
2019-10-17,117,5,2885.48,656627.42,659512.90,0.00,0.00,100000.00,3360.40,0.5121,6.5951290324,-19.1878,527320.58,32192.32,559512.90,0,0.0000
2019-10-18,117,5,2885.48,657757.29,660642.77,0.00,0.00,100000.00,1129.87,0.1713,6.6064277247,-19.0494,527320.58,33322.19,560642.77,0,0.0000
2019-10-22,117,5,2885.48,659594.69,662480.18,0.00,0.00,100000.00,1837.40,0.2781,6.6248017695,-18.8242,527320.58,35159.59,562480.18,0,0.0000
2019-10-23,117,5,2885.48,662905.63,665791.11,0.00,0.00,100000.00,3310.94,0.4998,6.6579111482,-18.4185,527320.58,38470.53,565791.11,0,0.0000
2019-10-24,117,5,2885.48,678402.22,681287.70,0.00,0.00,100000.00,15496.59,2.3275,6.8128770008,-16.5197,527320.58,53967.12,581287.70,0,0.0000
2019-10-25,117,5,2885.48,670021.65,672907.14,0.00,0.00,100000.00,-8380.56,-1.2301,6.7290713545,-17.5466,527320.58,45586.55,572907.14,0,0.0000
2019-10-27,117,5,2885.48,677917.10,680802.58,0.00,0.00,100000.00,7895.45,1.1733,6.8080258143,-16.5791,527320.58,53482.00,580802.58,0,0.0000
2019-10-29,117,5,2885.48,672304.87,675190.36,0.00,0.00,100000.00,-5612.22,-0.8244,6.7519035725,-17.2668,527320.58,47869.77,575190.36,0,0.0000
2019-10-30,117,5,2885.48,679740.54,682626.02,0.00,0.00,100000.00,7435.66,1.1013,6.8262601979,-16.3557,527320.58,55305.44,582626.02,0,0.0000
2019-10-31,117,5,2885.48,682415.21,685300.70,0.00,0.00,100000.00,2674.68,0.3918,6.8530069691,-16.0280,527320.58,57980.11,585300.70,0,0.0000
2019-11-01,117,5,2885.48,672525.27,675410.76,0.00,0.00,100000.00,-9889.94,-1.4432,6.7541075648,-17.2398,527320.58,48090.17,575410.76,0,0.0000
2019-11-04,117,5,2885.48,667600.70,670486.19,0.00,0.00,100000.00,-4924.57,-0.7291,6.7048618641,-17.8432,527320.58,43165.60,570486.19,0,0.0000
2019-11-05,117,5,2885.48,668190.21,671075.69,0.00,0.00,100000.00,589.50,0.0879,6.7107569099,-17.7710,527320.58,43755.11,571075.69,0,0.0000
2019-11-06,117,5,2885.48,668255.47,671140.96,0.00,0.00,100000.00,65.27,0.0097,6.7114095875,-17.7630,527320.58,43820.37,571140.96,0,0.0000
2019-11-07,117,5,2885.48,675616.17,678501.66,0.00,0.00,100000.00,7360.70,1.0967,6.7850165821,-16.8611,527320.58,51181.07,578501.66,0,0.0000
2019-11-08,117,5,2885.48,662816.22,665701.70,0.00,0.00,100000.00,-12799.96,-1.8865,6.6570170076,-18.4295,527320.58,38381.12,565701.70,0,0.0000
2019-11-11,117,5,2885.48,662857.05,665742.53,0.00,0.00,100000.00,40.83,0.0061,6.6574253358,-18.4245,527320.58,38421.95,565742.53,0,0.0000
2019-11-13,118,5,780.81,657937.06,658717.87,0.00,0.00,100000.00,-7024.67,-1.0552,6.5871786565,-19.2852,558852.81,-134.94,558717.87,0,0.0000
2019-11-14,118,5,780.81,657536.66,658317.46,0.00,0.00,100000.00,-400.40,-0.0608,6.5831746400,-19.3343,558852.81,-535.35,558317.46,0,0.0000
2019-11-15,118,5,780.81,665208.66,665989.46,0.00,0.00,100000.00,7672.00,1.1654,6.6598946243,-18.3942,558852.81,7136.65,565989.46,0,0.0000
2019-11-18,118,5,780.81,668396.91,669177.72,0.00,0.00,100000.00,3188.25,0.4787,6.6917771688,-18.0036,558852.81,10324.91,569177.72,0,0.0000
2019-11-19,118,5,780.81,661211.57,661992.38,0.00,0.00,100000.00,-7185.34,-1.0738,6.6199237901,-18.8840,558852.81,3139.57,561992.38,0,0.0000
2019-11-20,118,5,780.81,664267.50,665048.30,0.00,0.00,100000.00,3055.92,0.4616,6.6504830234,-18.5096,558852.81,6195.49,565048.30,0,0.0000
2019-11-21,118,5,780.81,662313.22,663094.02,0.00,0.00,100000.00,-1954.28,-0.2939,6.6309402327,-18.7490,558852.81,4241.21,563094.02,0,0.0000
2019-11-22,118,5,780.81,657287.61,658068.41,0.00,0.00,100000.00,-5025.61,-0.7579,6.5806841163,-19.3648,558852.81,-784.40,558068.41,0,0.0000
2019-11-25,118,5,780.81,668458.64,669239.45,0.00,0.00,100000.00,11171.04,1.6975,6.6923944781,-17.9960,558852.81,10386.64,569239.45,0,0.0000
2019-11-26,118,5,780.81,665792.24,666573.05,0.00,0.00,100000.00,-2666.40,-0.3984,6.6657304971,-18.3227,558852.81,7720.24,566573.05,0,0.0000
2019-11-27,118,5,780.81,667444.95,668225.75,0.00,0.00,100000.00,1652.70,0.2479,6.6822575196,-18.1202,558852.81,9372.94,568225.75,0,0.0000
2019-11-28,118,5,780.81,670225.03,671005.84,0.00,0.00,100000.00,2780.08,0.4160,6.7100583552,-17.7796,558852.81,12153.03,571005.84,0,0.0000
2019-11-29,118,5,780.81,672318.41,673099.22,0.00,0.00,100000.00,2093.38,0.3120,6.7309921802,-17.5230,558852.81,14246.41,573099.22,0,0.0000
2019-12-02,118,5,780.81,663883.86,664664.66,0.00,0.00,100000.00,-8434.55,-1.2531,6.6466466488,-18.5566,558852.81,5811.86,564664.66,0,0.0000
2019-12-03,118,5,780.81,666289.24,667070.05,0.00,0.00,100000.00,2405.38,0.3619,6.6707004983,-18.2618,558852.81,8217.24,567070.05,0,0.0000
2019-12-04,118,5,780.81,673012.15,673792.96,0.00,0.00,100000.00,6722.91,1.0078,6.7379295997,-17.4380,558852.81,14940.15,573792.96,0,0.0000
2019-12-05,118,5,780.81,673462.33,674243.14,0.00,0.00,100000.00,450.18,0.0668,6.7424313944,-17.3829,558852.81,15390.33,574243.14,0,0.0000
2019-12-06,118,5,780.81,667060.66,667841.46,0.00,0.00,100000.00,-6401.68,-0.9495,6.6784146384,-18.1673,558852.81,8988.65,567841.46,0,0.0000
2019-12-09,118,5,780.81,661560.12,662340.93,0.00,0.00,100000.00,-5500.53,-0.8236,6.6234092889,-18.8413,558852.81,3488.12,562340.93,0,0.0000
2019-12-10,118,5,780.81,650428.57,651209.38,0.00,0.00,100000.00,-11131.55,-1.6806,6.5120937900,-20.2053,558852.81,-7643.43,551209.38,0,0.0000
2019-12-11,119,5,770.02,649402.22,650172.24,0.00,0.00,100000.00,-1037.14,-0.1593,6.5017224319,-20.3324,544773.82,5398.43,550172.24,0,0.0000
2019-12-12,119,5,770.02,649563.00,650333.02,0.00,0.00,100000.00,160.78,0.0247,6.5033302081,-20.3127,544773.82,5559.20,550333.02,0,0.0000
2019-12-13,119,5,770.02,656588.74,657358.76,0.00,0.00,100000.00,7025.74,1.0803,6.5735876147,-19.4518,544773.82,12584.95,557358.76,0,0.0000
2019-12-16,119,5,770.02,650062.90,650832.93,0.00,0.00,100000.00,-6525.83,-0.9927,6.5083292850,-20.2514,544773.82,6059.11,550832.93,0,0.0000
2019-12-17,119,5,770.02,655630.87,656400.89,0.00,0.00,100000.00,5567.97,0.8555,6.5640089439,-19.5691,544773.82,11627.08,556400.89,0,0.0000
2019-12-18,119,5,770.02,653979.57,654749.60,0.00,0.00,100000.00,-1651.30,-0.2516,6.5474959636,-19.7715,544773.82,9975.78,554749.60,0,0.0000
2019-12-19,119,5,770.02,663000.49,663770.51,0.00,0.00,100000.00,9020.91,1.3778,6.6377050894,-18.6661,544773.82,18996.69,563770.51,0,0.0000
2019-12-20,119,5,770.02,675452.88,676222.90,0.00,0.00,100000.00,12452.40,1.8760,6.7622290413,-17.1403,544773.82,31449.09,576222.90,0,0.0000
2019-12-23,119,5,770.02,671236.08,672006.11,0.00,0.00,100000.00,-4216.80,-0.6236,6.7200610545,-17.6570,544773.82,27232.29,572006.11,0,0.0000
2019-12-24,119,5,770.02,665216.27,665986.29,0.00,0.00,100000.00,-6019.81,-0.8958,6.6598629249,-18.3946,544773.82,21212.48,565986.29,0,0.0000
2019-12-26,119,5,770.02,672078.32,672848.34,0.00,0.00,100000.00,6862.05,1.0304,6.7284833958,-17.5538,544773.82,28074.52,572848.34,0,0.0000
2019-12-27,119,5,770.02,672769.26,673539.29,0.00,0.00,100000.00,690.95,0.1027,6.7353928683,-17.4691,544773.82,28765.47,573539.29,0,0.0000
2019-12-30,119,5,770.02,673848.77,674618.79,0.00,0.00,100000.00,1079.50,0.1603,6.7461879079,-17.3368,544773.82,29844.97,574618.79,0,0.0000
2019-12-31,119,5,770.02,667975.51,668745.54,0.00,0.00,100000.00,-5873.25,-0.8706,6.6874553598,-18.0565,544773.82,23971.72,568745.54,0,0.0000
2020-01-01,119,5,770.02,671961.93,672731.96,0.00,0.00,100000.00,3986.42,0.5961,6.7273195567,-17.5680,544773.82,27958.14,572731.96,0,0.0000
2020-01-02,119,5,770.02,684124.56,684894.58,0.00,0.00,100000.00,12162.63,1.8079,6.8489458345,-16.0777,544773.82,40120.77,584894.58,0,0.0000
2020-01-03,119,5,770.02,681328.88,682098.91,0.00,0.00,100000.00,-2795.68,-0.4082,6.8209890837,-16.4203,544773.82,37325.09,582098.91,0,0.0000
2020-01-06,119,5,770.02,668387.77,669157.79,0.00,0.00,100000.00,-12941.12,-1.8972,6.6915779048,-18.0060,544773.82,24383.97,569157.79,0,0.0000
2020-01-07,119,5,770.02,682160.51,682930.53,0.00,0.00,100000.00,13772.74,2.0582,6.8293053178,-16.3184,544773.82,38156.72,582930.53,0,0.0000
2020-01-08,119,5,770.02,677882.25,678652.28,0.00,0.00,100000.00,-4278.26,-0.6265,6.7865227574,-16.8426,544773.82,33878.46,578652.28,0,0.0000
2020-01-09,120,5,1602.29,680331.48,681933.77,0.00,0.00,100000.00,3281.50,0.4835,6.8193377156,-16.4405,546719.81,35213.96,581933.77,0,0.0000
2020-01-10,120,5,1602.29,688982.15,690584.44,0.00,0.00,100000.00,8650.67,1.2685,6.9058443695,-15.3805,546719.81,43864.63,590584.44,0,0.0000
2020-01-13,120,5,1602.29,698445.03,700047.32,0.00,0.00,100000.00,9462.88,1.3703,7.0004731751,-14.2210,546719.81,53327.51,600047.32,0,0.0000
2020-01-14,120,5,1602.29,695228.40,696830.69,0.00,0.00,100000.00,-3216.63,-0.4595,6.9683068581,-14.6152,546719.81,50110.88,596830.69,0,0.0000
2020-01-15,120,5,1602.29,707874.55,709476.84,0.00,0.00,100000.00,12646.15,1.8148,7.0947683732,-13.0656,546719.81,62757.03,609476.84,0,0.0000
2020-01-16,120,5,1602.29,710307.44,711909.73,0.00,0.00,100000.00,2432.89,0.3429,7.1190973199,-12.7675,546719.81,65189.92,611909.73,0,0.0000
2020-01-17,120,5,1602.29,707230.39,708832.68,0.00,0.00,100000.00,-3077.05,-0.4322,7.0883268305,-13.1445,546719.81,62112.88,608832.68,0,0.0000
2020-01-20,120,5,1602.29,708925.30,710527.59,0.00,0.00,100000.00,1694.91,0.2391,7.1052759087,-12.9368,546719.81,63807.78,610527.59,0,0.0000
2020-01-21,120,5,1602.29,700542.39,702144.67,0.00,0.00,100000.00,-8382.92,-1.1798,7.0214467493,-13.9640,546719.81,55424.87,602144.67,0,0.0000
2020-01-22,120,5,1602.29,684115.80,685718.09,0.00,0.00,100000.00,-16426.58,-2.3395,6.8571809050,-15.9768,546719.81,38998.28,585718.09,0,0.0000
2020-01-23,120,5,1602.29,694965.30,696567.59,0.00,0.00,100000.00,10849.50,1.5822,6.9656758764,-14.6474,546719.81,49847.78,596567.59,0,0.0000
2020-01-24,120,5,1602.29,698208.57,699810.86,0.00,0.00,100000.00,3243.27,0.4656,6.9981085707,-14.2500,546719.81,53091.05,599810.86,0,0.0000
2020-01-27,120,5,1602.29,690554.25,692156.53,0.00,0.00,100000.00,-7654.32,-1.0938,6.9215653499,-15.1879,546719.81,45436.73,592156.53,0,0.0000
2020-01-28,120,5,1602.29,685342.49,686944.78,0.00,0.00,100000.00,-5211.75,-0.7530,6.8694478405,-15.8265,546719.81,40224.98,586944.78,0,0.0000
2020-01-29,120,5,1602.29,687765.81,689368.10,0.00,0.00,100000.00,2423.32,0.3528,6.8936810042,-15.5296,546719.81,42648.29,589368.10,0,0.0000
2020-01-30,120,5,1602.29,684583.52,686185.81,0.00,0.00,100000.00,-3182.29,-0.4616,6.8618581019,-15.9195,546719.81,39466.00,586185.81,0,0.0000
2020-01-31,120,5,1602.29,680619.02,682221.31,0.00,0.00,100000.00,-3964.50,-0.5778,6.8222130825,-16.4053,546719.81,35501.50,582221.31,0,0.0000
2020-02-03,120,5,1602.29,661834.65,663436.94,0.00,0.00,100000.00,-18784.37,-2.7534,6.6343694168,-18.7070,546719.81,16717.13,563436.94,0,0.0000
2020-02-04,120,5,1602.29,672882.36,674484.65,0.00,0.00,100000.00,11047.71,1.6652,6.7448464771,-17.3533,546719.81,27764.84,574484.65,0,0.0000
2020-02-05,120,5,1602.29,689753.47,691355.76,0.00,0.00,100000.00,16871.11,2.5013,6.9135576133,-15.2860,546719.81,44635.95,591355.76,0,0.0000
2020-02-06,121,5,1446.81,693044.92,694491.73,0.00,0.00,100000.00,3135.97,0.4536,6.9449173152,-14.9018,557142.06,37349.68,594491.73,0,0.0000
2020-02-07,121,5,1446.81,694577.25,696024.06,0.00,0.00,100000.00,1532.33,0.2206,6.9602405896,-14.7140,557142.06,38882.00,596024.06,0,0.0000
2020-02-10,121,5,1446.81,701251.59,702698.40,0.00,0.00,100000.00,6674.34,0.9589,7.0269840190,-13.8962,557142.06,45556.35,602698.40,0,0.0000
2020-02-11,121,5,1446.81,708607.35,710054.16,0.00,0.00,100000.00,7355.76,1.0468,7.1005416123,-12.9948,557142.06,52912.10,610054.16,0,0.0000
2020-02-12,121,5,1446.81,708250.90,709697.71,0.00,0.00,100000.00,-356.45,-0.0502,7.0969770960,-13.0385,557142.06,52555.65,609697.71,0,0.0000
2020-02-13,121,5,1446.81,714887.81,716334.62,0.00,0.00,100000.00,6636.91,0.9352,7.1633461864,-12.2253,557142.06,59192.56,616334.62,0,0.0000
2020-02-14,121,5,1446.81,710576.29,712023.10,0.00,0.00,100000.00,-4311.52,-0.6019,7.1202309607,-12.7536,557142.06,54881.04,612023.10,0,0.0000
2020-02-17,121,5,1446.81,702662.57,704109.38,0.00,0.00,100000.00,-7913.71,-1.1114,7.0410938359,-13.7233,557142.06,46967.33,604109.38,0,0.0000
2020-02-18,121,5,1446.81,694399.67,695846.48,0.00,0.00,100000.00,-8262.90,-1.1735,6.9584648070,-14.7358,557142.06,38704.42,595846.48,0,0.0000
2020-02-19,121,5,1446.81,701864.75,703311.56,0.00,0.00,100000.00,7465.08,1.0728,7.0331155594,-13.8210,557142.06,46169.50,603311.56,0,0.0000
2020-02-20,121,5,1446.81,701348.89,702795.70,0.00,0.00,100000.00,-515.86,-0.0733,7.0279569953,-13.8842,557142.06,45653.64,602795.70,0,0.0000
2020-02-24,121,5,1446.81,683099.79,684546.60,0.00,0.00,100000.00,-18249.10,-2.5966,6.8454659882,-16.1204,557142.06,27404.54,584546.60,0,0.0000
2020-02-25,121,5,1446.81,682521.67,683968.48,0.00,0.00,100000.00,-578.12,-0.0845,6.8396847621,-16.1912,557142.06,26826.42,583968.48,0,0.0000
2020-02-26,121,5,1446.81,676315.32,677762.13,0.00,0.00,100000.00,-6206.35,-0.9074,6.7776213039,-16.9517,557142.06,20620.07,577762.13,0,0.0000
2020-02-27,121,5,1446.81,665349.58,666796.39,0.00,0.00,100000.00,-10965.74,-1.6179,6.6679639058,-18.2954,557142.06,9654.33,566796.39,0,0.0000
2020-02-28,121,5,1446.81,640108.53,641555.34,0.00,0.00,100000.00,-25241.05,-3.7854,6.4155534305,-21.3882,557142.06,-15586.71,541555.34,0,0.0000
2020-03-02,121,5,1446.81,648873.07,650319.88,0.00,0.00,100000.00,8764.53,1.3661,6.5031987785,-20.3143,557142.06,-6822.18,550319.88,0,0.0000
2020-03-03,121,5,1446.81,671919.46,673366.26,0.00,0.00,100000.00,23046.39,3.5439,6.7336626483,-17.4903,557142.06,16224.21,573366.26,0,0.0000
2020-03-04,121,5,1446.81,654062.92,655509.72,0.00,0.00,100000.00,-17856.54,-2.6518,6.5550972490,-19.6783,557142.06,-1632.33,555509.72,0,0.0000
2020-03-05,121,5,1446.81,666652.60,668099.41,0.00,0.00,100000.00,12589.69,1.9206,6.6809941089,-18.1357,557142.06,10957.35,568099.41,0,0.0000
2020-03-06,122,5,1569.42,641851.34,643420.76,0.00,0.00,100000.00,-24678.65,-3.6939,6.4342076231,-21.1596,544443.31,-1022.55,543420.76,0,0.0000
2020-03-09,122,5,1569.42,616690.20,618259.62,0.00,0.00,100000.00,-25161.14,-3.9105,6.1825962181,-24.2427,544443.31,-26183.69,518259.62,0,0.0000
2020-03-11,122,5,1569.42,611321.47,612890.89,0.00,0.00,100000.00,-5368.73,-0.8684,6.1289089419,-24.9006,544443.31,-31552.42,512890.89,0,0.0000
2020-03-12,122,5,1569.42,571650.00,573219.42,0.00,0.00,100000.00,-39671.47,-6.4728,5.7321941958,-29.7616,544443.31,-71223.89,473219.42,0,0.0000
2020-03-13,122,5,1569.42,584587.78,586157.20,0.00,0.00,100000.00,12937.78,2.2570,5.8615720196,-28.1763,544443.31,-58286.11,486157.20,0,0.0000
2020-03-16,122,5,1569.42,553733.24,555302.66,0.00,0.00,100000.00,-30854.54,-5.2639,5.5530266238,-31.9570,544443.31,-89140.65,455302.66,0,0.0000
2020-03-17,122,5,1569.42,534879.12,536448.54,0.00,0.00,100000.00,-18854.12,-3.3953,5.3644854411,-34.2673,544443.31,-107994.77,436448.54,0,0.0000
2020-03-18,122,5,1569.42,489827.16,491396.58,0.00,0.00,100000.00,-45051.96,-8.3982,4.9139658183,-39.7876,544443.31,-153046.73,391396.58,0,0.0000
2020-03-19,122,5,1569.42,471463.85,473033.28,0.00,0.00,100000.00,-18363.30,-3.7370,4.7303327749,-42.0378,544443.31,-171410.04,373033.28,0,0.0000
2020-03-20,122,5,1569.42,482740.84,484310.26,0.00,0.00,100000.00,11276.98,2.3840,4.8431026245,-40.6559,544443.31,-160133.05,384310.26,0,0.0000
2020-03-23,122,5,1569.42,429588.76,431158.19,0.00,0.00,100000.00,-53152.08,-10.9748,4.3115818620,-47.1688,544443.31,-213285.13,331158.19,0,0.0000
2020-03-24,122,5,1569.42,407826.57,409395.99,0.00,0.00,100000.00,-21762.19,-5.0474,4.0939599402,-49.8354,544443.31,-235047.32,309395.99,0,0.0000
2020-03-25,122,5,1569.42,405042.52,406611.94,0.00,0.00,100000.00,-2784.05,-0.6800,4.0661194281,-50.1766,544443.31,-237831.37,306611.94,0,0.0000
2020-03-26,122,5,1569.42,424749.98,426319.41,0.00,0.00,100000.00,19707.46,4.8467,4.2631940700,-47.7617,544443.31,-218123.91,326319.41,0,0.0000
2020-03-27,122,5,1569.42,423440.24,425009.66,0.00,0.00,100000.00,-1309.75,-0.3072,4.2500966122,-47.9222,544443.31,-219433.65,325009.66,0,0.0000
2020-03-30,122,5,1569.42,415956.04,417525.46,0.00,0.00,100000.00,-7484.20,-1.7609,4.1752546374,-48.8393,544443.31,-226917.85,317525.46,0,0.0000
2020-03-31,122,5,1569.42,421492.51,423061.93,0.00,0.00,100000.00,5536.47,1.3260,4.2306193098,-48.1609,544443.31,-221381.38,323061.93,0,0.0000
2020-04-01,122,5,1569.42,410483.69,412053.11,0.00,0.00,100000.00,-11008.82,-2.6022,4.1205311358,-49.5098,544443.31,-232390.20,312053.11,0,0.0000
2020-04-03,122,5,1569.42,418704.43,420273.86,0.00,0.00,100000.00,8220.74,1.9951,4.2027385508,-48.5025,544443.31,-224169.46,320273.86,0,0.0000
2020-04-07,122,5,1569.42,446474.53,448043.95,0.00,0.00,100000.00,27770.10,6.6076,4.4804395178,-45.0998,544443.31,-196399.36,348043.95,0,0.0000
2020-04-08,123,5,2062.59,452100.91,454163.50,0.00,0.00,100000.00,6119.55,1.3658,4.5416350355,-44.3499,375621.42,-21457.91,354163.50,0,0.0000
2020-04-09,123,5,2062.59,461611.48,463674.06,0.00,0.00,100000.00,9510.56,2.0941,4.6367406458,-43.1846,375621.42,-11947.35,363674.06,0,0.0000
2020-04-13,123,5,2062.59,467219.53,469282.12,0.00,0.00,100000.00,5608.06,1.2095,4.6928212259,-42.4974,375621.42,-6339.29,369282.12,0,0.0000
2020-04-15,123,5,2062.59,468083.09,470145.68,0.00,0.00,100000.00,863.56,0.1840,4.7014567972,-42.3916,375621.42,-5475.74,370145.68,0,0.0000
2020-04-16,123,5,2062.59,480259.17,482321.76,0.00,0.00,100000.00,12176.08,2.5899,4.8232176142,-40.8996,375621.42,6700.34,382321.76,0,0.0000
2020-04-17,123,5,2062.59,483873.88,485936.47,0.00,0.00,100000.00,3614.71,0.7494,4.8593646731,-40.4567,375621.42,10315.05,385936.47,0,0.0000
2020-04-20,123,5,2062.59,484305.46,486368.05,0.00,0.00,100000.00,431.59,0.0888,4.8636805385,-40.4038,375621.42,10746.64,386368.05,0,0.0000
2020-04-21,123,5,2062.59,497073.40,499135.99,0.00,0.00,100000.00,12767.94,2.6252,4.9913599041,-38.8393,375621.42,23514.57,399135.99,0,0.0000
2020-04-22,123,5,2062.59,501545.75,503608.34,0.00,0.00,100000.00,4472.35,0.8960,5.0360834054,-38.2913,375621.42,27986.92,403608.34,0,0.0000
2020-04-23,123,5,2062.59,493338.53,495401.12,0.00,0.00,100000.00,-8207.22,-1.6297,4.9540111593,-39.2970,375621.42,19779.70,395401.12,0,0.0000
2020-04-24,123,5,2062.59,487802.52,489865.11,0.00,0.00,100000.00,-5536.01,-1.1175,4.8986510857,-39.9753,375621.42,14243.69,389865.11,0,0.0000
2020-04-27,123,5,2062.59,487430.69,489493.28,0.00,0.00,100000.00,-371.83,-0.0759,4.8949328341,-40.0209,375621.42,13871.87,389493.28,0,0.0000
2020-04-28,123,5,2062.59,490390.54,492453.13,0.00,0.00,100000.00,2959.85,0.6047,4.9245313321,-39.6582,375621.42,16831.72,392453.13,0,0.0000
2020-04-29,123,5,2062.59,486353.45,488416.04,0.00,0.00,100000.00,-4037.09,-0.8198,4.8841604168,-40.1529,375621.42,12794.62,388416.04,0,0.0000
2020-04-30,123,5,2062.59,503098.22,505160.81,0.00,0.00,100000.00,16744.76,3.4284,5.0516080619,-38.1011,375621.42,29539.39,405160.81,0,0.0000
2020-05-04,123,5,2062.59,501282.66,503345.25,0.00,0.00,100000.00,-1815.55,-0.3594,5.0334525170,-38.3235,375621.42,27723.83,403345.25,0,0.0000
2020-05-05,123,5,2062.59,494300.03,496362.62,0.00,0.00,100000.00,-6982.63,-1.3872,4.9636262028,-39.1791,375621.42,20741.20,396362.62,0,0.0000
2020-05-06,123,5,2062.59,491815.80,493878.39,0.00,0.00,100000.00,-2484.23,-0.5005,4.9387839055,-39.4835,375621.42,18256.97,393878.39,0,0.0000
2020-05-07,123,5,2062.59,485477.59,487540.18,0.00,0.00,100000.00,-6338.21,-1.2834,4.8754018407,-40.2602,375621.42,11918.77,387540.18,0,0.0000
2020-05-08,123,5,2062.59,492889.42,494952.01,0.00,0.00,100000.00,7411.82,1.5202,4.9495200681,-39.3520,375621.42,19330.59,394952.01,0,0.0000
2020-05-11,124,5,491.10,500018.42,500509.53,0.00,0.00,100000.00,5557.52,1.1228,5.0050952736,-38.6710,399457.50,1052.03,400509.53,0,0.0000
2020-05-12,124,5,491.10,511065.66,511556.77,0.00,0.00,100000.00,11047.24,2.2072,5.1155676727,-37.3173,399457.50,12099.27,411556.77,0,0.0000
2020-05-13,124,5,491.10,509826.17,510317.27,0.00,0.00,100000.00,-1239.49,-0.2423,5.1031727479,-37.4692,399457.50,10859.77,410317.27,0,0.0000
2020-05-14,124,5,491.10,501913.47,502404.57,0.00,0.00,100000.00,-7912.71,-1.5505,5.0240456923,-38.4388,399457.50,2947.07,402404.57,0,0.0000
2020-05-15,124,5,491.10,499195.98,499687.08,0.00,0.00,100000.00,-2717.49,-0.5409,4.9968707990,-38.7718,399457.50,229.58,399687.08,0,0.0000
2020-05-18,124,5,491.10,486895.63,487386.73,0.00,0.00,100000.00,-12300.35,-2.4616,4.8738673327,-40.2790,399457.50,-12070.77,387386.73,0,0.0000
2020-05-19,124,5,491.10,500928.65,501419.75,0.00,0.00,100000.00,14033.02,2.8792,5.0141974865,-38.5595,399457.50,1962.25,401419.75,0,0.0000
2020-05-20,124,5,491.10,516494.28,516985.38,0.00,0.00,100000.00,15565.64,3.1043,5.1698538433,-36.6522,399457.50,17527.88,416985.38,0,0.0000
2020-05-21,124,5,491.10,528014.28,528505.38,0.00,0.00,100000.00,11520.00,2.2283,5.2850538253,-35.2406,399457.50,29047.88,428505.38,0,0.0000
2020-05-22,124,5,491.10,528167.75,528658.86,0.00,0.00,100000.00,153.47,0.0290,5.2865885578,-35.2218,399457.50,29201.36,428658.86,0,0.0000
2020-05-26,124,5,491.10,516473.86,516964.96,0.00,0.00,100000.00,-11693.89,-2.2120,5.1696496236,-36.6547,399457.50,17507.46,416964.96,0,0.0000
2020-05-27,124,5,491.10,522159.36,522650.46,0.00,0.00,100000.00,5685.50,1.0998,5.2265046362,-35.9580,399457.50,23192.96,422650.46,0,0.0000
2020-05-28,124,5,491.10,522910.07,523401.17,0.00,0.00,100000.00,750.71,0.1436,5.2340117138,-35.8660,399457.50,23943.67,423401.17,0,0.0000
2020-05-29,124,5,491.10,531208.33,531699.44,0.00,0.00,100000.00,8298.26,1.5855,5.3169943530,-34.8492,399457.50,32241.94,431699.44,0,0.0000
2020-06-01,124,5,491.10,531531.12,532022.22,0.00,0.00,100000.00,322.78,0.0607,5.3202221948,-34.8097,399457.50,32564.72,432022.22,0,0.0000
2020-06-02,124,5,491.10,534889.20,535380.30,0.00,0.00,100000.00,3358.08,0.6312,5.3538030388,-34.3982,399457.50,35922.80,435380.30,0,0.0000
2020-06-03,124,5,491.10,542874.78,543365.88,0.00,0.00,100000.00,7985.58,1.4916,5.4336588186,-33.4197,399457.50,43908.38,443365.88,0,0.0000
2020-06-04,124,5,491.10,555642.77,556133.87,0.00,0.00,100000.00,12767.99,2.3498,5.5613387285,-31.8552,399457.50,56676.37,456133.87,0,0.0000
2020-06-05,124,5,491.10,568184.29,568675.40,0.00,0.00,100000.00,12541.52,2.2551,5.6867539535,-30.3184,399457.50,69217.90,468675.40,0,0.0000
2020-06-08,124,5,491.10,586982.41,587473.52,0.00,0.00,100000.00,18798.12,3.3056,5.8747351501,-28.0150,399457.50,88016.01,487473.52,0,0.0000
2020-06-09,125,5,890.22,576016.33,576906.54,0.00,0.00,100000.00,-10566.97,-1.7987,5.7690654479,-29.3098,423951.68,52954.86,476906.54,0,0.0000
2020-06-10,125,5,890.22,589347.78,590238.00,0.00,0.00,100000.00,13331.45,2.3109,5.9023799833,-27.6763,423951.68,66286.32,490238.00,0,0.0000
2020-06-11,125,5,890.22,576413.69,577303.90,0.00,0.00,100000.00,-12934.09,-2.1913,5.7730390443,-29.2611,423951.68,53352.22,477303.90,0,0.0000
2020-06-12,125,5,890.22,575232.43,576122.65,0.00,0.00,100000.00,-1181.25,-0.2046,5.7612265098,-29.4059,423951.68,52170.97,476122.65,0,0.0000
2020-06-15,125,5,890.22,576516.66,577406.88,0.00,0.00,100000.00,1284.22,0.2229,5.7740687585,-29.2485,423951.68,53455.19,477406.88,0,0.0000
2020-06-16,125,5,890.22,566325.38,567215.60,0.00,0.00,100000.00,-10191.28,-1.7650,5.6721559607,-30.4973,423951.68,43263.91,467215.60,0,0.0000
2020-06-17,125,5,890.22,564562.10,565452.32,0.00,0.00,100000.00,-1763.28,-0.3109,5.6545231675,-30.7134,423951.68,41500.64,465452.32,0,0.0000
2020-06-18,125,5,890.22,574063.67,574953.89,0.00,0.00,100000.00,9501.57,1.6803,5.7495389008,-29.5491,423951.68,51002.21,474953.89,0,0.0000
2020-06-19,125,5,890.22,577174.51,578064.73,0.00,0.00,100000.00,3110.84,0.5411,5.7806472624,-29.1679,423951.68,54113.04,478064.73,0,0.0000
2020-06-22,125,5,890.22,588568.77,589458.99,0.00,0.00,100000.00,11394.26,1.9711,5.8945898579,-27.7717,423951.68,65507.30,489458.99,0,0.0000
2020-06-23,125,5,890.22,609643.23,610533.45,0.00,0.00,100000.00,21074.46,3.5752,6.1053344733,-25.1894,423951.68,86581.77,510533.45,0,0.0000
2020-06-24,125,5,890.22,592381.87,593272.08,0.00,0.00,100000.00,-17261.36,-2.8273,5.9327208428,-27.3045,423951.68,69320.40,493272.08,0,0.0000
2020-06-25,125,5,890.22,589832.57,590722.79,0.00,0.00,100000.00,-2549.30,-0.4297,5.9072278630,-27.6169,423951.68,66771.10,490722.79,0,0.0000
2020-06-26,125,5,890.22,594156.23,595046.45,0.00,0.00,100000.00,4323.66,0.7319,5.9504645038,-27.0871,423951.68,71094.77,495046.45,0,0.0000
2020-06-29,125,5,890.22,605324.34,606214.56,0.00,0.00,100000.00,11168.11,1.8768,6.0621455908,-25.7186,423951.68,82262.88,506214.56,0,0.0000
2020-06-30,125,5,890.22,608388.60,609278.82,0.00,0.00,100000.00,3064.26,0.5055,6.0927881921,-25.3432,423951.68,85327.14,509278.82,0,0.0000
2020-07-01,125,5,890.22,614707.82,615598.04,0.00,0.00,100000.00,6319.22,1.0372,6.1559803599,-24.5688,423951.68,91646.35,515598.04,0,0.0000
2020-07-02,125,5,890.22,627183.51,628073.73,0.00,0.00,100000.00,12475.70,2.0266,6.2807373215,-23.0402,423951.68,104122.05,528073.73,0,0.0000
2020-07-03,125,5,890.22,633402.46,634292.67,0.00,0.00,100000.00,6218.94,0.9902,6.3429267324,-22.2781,423951.68,110340.99,534292.67,0,0.0000
2020-07-06,125,5,890.22,622181.37,623071.58,0.00,0.00,100000.00,-11221.09,-1.7691,6.2307158368,-23.6531,423951.68,99119.90,523071.58,0,0.0000
2020-07-07,126,5,1285.77,608240.74,609526.51,0.00,0.00,100000.00,-13545.08,-2.1739,6.0952650655,-25.3128,461353.53,48172.97,509526.51,0,0.0000
2020-07-08,126,5,1285.77,601372.68,602658.45,0.00,0.00,100000.00,-6868.05,-1.1268,6.0265845227,-26.1544,461353.53,41304.92,502658.45,0,0.0000
2020-07-09,126,5,1285.77,613219.16,614504.93,0.00,0.00,100000.00,11846.47,1.9657,6.1450492621,-24.7028,461353.53,53151.39,514504.93,0,0.0000
2020-07-10,126,5,1285.77,618500.66,619786.44,0.00,0.00,100000.00,5281.51,0.8595,6.1978643509,-24.0556,461353.53,58432.90,519786.44,0,0.0000
2020-07-13,126,5,1285.77,621232.07,622517.84,0.00,0.00,100000.00,2731.41,0.4407,6.2251784447,-23.7209,461353.53,61164.31,522517.84,0,0.0000
2020-07-14,126,5,1285.77,607001.14,608286.91,0.00,0.00,100000.00,-14230.94,-2.2860,6.0828690741,-25.4647,461353.53,46933.37,508286.91,0,0.0000
2020-07-15,126,5,1285.77,591976.09,593261.86,0.00,0.00,100000.00,-15025.04,-2.4701,5.9326186440,-27.3058,461353.53,31908.33,493261.86,0,0.0000
2020-07-16,126,5,1285.77,583816.18,585101.96,0.00,0.00,100000.00,-8159.91,-1.3754,5.8510195545,-28.3056,461353.53,23748.42,485101.96,0,0.0000
2020-07-17,126,5,1285.77,609473.63,610759.40,0.00,0.00,100000.00,25657.45,4.3851,6.1075940273,-25.1617,461353.53,49405.87,510759.40,0,0.0000
2020-07-20,126,5,1285.77,621787.89,623073.67,0.00,0.00,100000.00,12314.26,2.0162,6.2307366583,-23.6528,461353.53,61720.13,523073.67,0,0.0000
2020-07-21,126,5,1285.77,623410.94,624696.72,0.00,0.00,100000.00,1623.05,0.2605,6.2469671554,-23.4540,461353.53,63343.18,524696.72,0,0.0000
2020-07-22,126,5,1285.77,629192.87,630478.64,0.00,0.00,100000.00,5781.93,0.9256,6.3047864442,-22.7455,461353.53,69125.11,530478.64,0,0.0000
2020-07-23,126,5,1285.77,636199.69,637485.46,0.00,0.00,100000.00,7006.81,1.1113,6.3748545596,-21.8869,461353.53,76131.92,537485.46,0,0.0000
2020-07-24,126,5,1285.77,638129.37,639415.14,0.00,0.00,100000.00,1929.68,0.3027,6.3941513952,-21.6505,461353.53,78061.61,539415.14,0,0.0000
2020-07-27,126,5,1285.77,624201.44,625487.21,0.00,0.00,100000.00,-13927.93,-2.1782,6.2548720717,-23.3571,461353.53,64133.67,525487.21,0,0.0000
2020-07-28,126,5,1285.77,619385.45,620671.22,0.00,0.00,100000.00,-4815.99,-0.7700,6.2067122191,-23.9472,461353.53,59317.69,520671.22,0,0.0000
2020-07-29,126,5,1285.77,628093.99,629379.76,0.00,0.00,100000.00,8708.54,1.4031,6.2937975897,-22.8801,461353.53,68026.23,529379.76,0,0.0000
2020-07-30,126,5,1285.77,620234.23,621520.01,0.00,0.00,100000.00,-7859.75,-1.2488,6.2152000583,-23.8432,461353.53,60166.47,521520.01,0,0.0000
2020-07-31,126,5,1285.77,638729.19,640014.96,0.00,0.00,100000.00,18494.95,2.9758,6.4001495926,-21.5770,461353.53,78661.43,540014.96,0,0.0000
2020-08-03,126,5,1285.77,644813.31,646099.08,0.00,0.00,100000.00,6084.12,0.9506,6.4609908123,-20.8315,461353.53,84745.55,546099.08,0,0.0000
2020-08-04,127,5,1750.88,661646.52,663397.40,0.00,0.00,100000.00,17298.32,2.6773,6.6339740407,-18.7118,491522.92,71874.48,563397.40,0,0.0000
2020-08-05,127,5,1750.88,655390.56,657141.44,0.00,0.00,100000.00,-6255.96,-0.9430,6.5714144131,-19.4784,491522.92,65618.52,557141.44,0,0.0000
2020-08-06,127,5,1750.88,661307.30,663058.18,0.00,0.00,100000.00,5916.74,0.9004,6.6305817998,-18.7534,491522.92,71535.26,563058.18,0,0.0000
2020-08-07,127,5,1750.88,657022.68,658773.56,0.00,0.00,100000.00,-4284.62,-0.6462,6.5877356331,-19.2784,491522.92,67250.64,558773.56,0,0.0000
2020-08-10,127,5,1750.88,684575.25,686326.13,0.00,0.00,100000.00,27552.57,4.1824,6.8632613022,-15.9023,491522.92,94803.21,586326.13,0,0.0000
2020-08-11,127,5,1750.88,665978.35,667729.23,0.00,0.00,100000.00,-18596.90,-2.7096,6.6772923108,-18.1810,491522.92,76206.31,567729.23,0,0.0000
2020-08-12,127,5,1750.88,659887.93,661638.81,0.00,0.00,100000.00,-6090.42,-0.9121,6.6163881302,-18.9273,491522.92,70115.89,561638.81,0,0.0000
2020-08-13,127,5,1750.88,668168.73,669919.61,0.00,0.00,100000.00,8280.80,1.2516,6.6991961081,-17.9127,491522.92,78396.69,569919.61,0,0.0000
2020-08-14,127,5,1750.88,667076.83,668827.71,0.00,0.00,100000.00,-1091.90,-0.1630,6.6882770996,-18.0464,491522.92,77304.79,568827.71,0,0.0000
2020-08-17,127,5,1750.88,669879.77,671630.65,0.00,0.00,100000.00,2802.94,0.4191,6.7163064689,-17.7030,491522.92,80107.72,571630.65,0,0.0000
2020-08-18,127,5,1750.88,679370.70,681121.58,0.00,0.00,100000.00,9490.93,1.4131,6.8112157748,-16.5400,491522.92,89598.66,581121.58,0,0.0000
2020-08-19,127,5,1750.88,687244.81,688995.69,0.00,0.00,100000.00,7874.11,1.1561,6.8899568895,-15.5752,491522.92,97472.77,588995.69,0,0.0000
2020-08-20,127,5,1750.88,684170.10,685920.98,0.00,0.00,100000.00,-3074.71,-0.4463,6.8592098283,-15.9520,491522.92,94398.06,585920.98,0,0.0000
2020-08-21,127,5,1750.88,691167.30,692918.18,0.00,0.00,100000.00,6997.20,1.0201,6.9291817935,-15.0946,491522.92,101395.26,592918.18,0,0.0000
2020-08-24,127,5,1750.88,698833.61,700584.49,0.00,0.00,100000.00,7666.31,1.1064,7.0058448868,-14.1552,491522.92,109061.57,600584.49,0,0.0000
2020-08-25,127,5,1750.88,691259.53,693010.41,0.00,0.00,100000.00,-7574.08,-1.0811,6.9301040834,-15.0833,491522.92,101487.49,593010.41,0,0.0000
2020-08-26,127,5,1750.88,694633.83,696384.71,0.00,0.00,100000.00,3374.31,0.4869,6.9638471371,-14.6698,491522.92,104861.79,596384.71,0,0.0000
2020-08-27,127,5,1750.88,698963.32,700714.20,0.00,0.00,100000.00,4329.49,0.6217,7.0071419958,-14.1393,491522.92,109191.28,600714.20,0,0.0000
2020-08-28,127,5,1750.88,693039.97,694790.85,0.00,0.00,100000.00,-5923.35,-0.8453,6.9479084912,-14.8651,491522.92,103267.93,594790.85,0,0.0000
2020-08-31,127,5,1750.88,673964.74,675715.63,0.00,0.00,100000.00,-19075.22,-2.7455,6.7571562529,-17.2025,491522.92,84192.70,575715.63,0,0.0000
2020-09-01,128,5,495.05,644550.93,645045.98,0.00,0.00,100000.00,-30669.64,-4.5388,6.4504598246,-20.9605,554829.72,-9783.74,545045.98,0,0.0000
2020-09-02,128,5,495.05,677987.63,678482.68,0.00,0.00,100000.00,33436.70,5.1836,6.7848268350,-16.8634,554829.72,23652.96,578482.68,0,0.0000
2020-09-03,128,5,495.05,714073.27,714568.32,0.00,0.00,100000.00,36085.64,5.3186,7.1456831960,-12.4417,554829.72,59738.60,614568.32,0,0.0000
2020-09-04,128,5,495.05,695223.95,695719.00,0.00,0.00,100000.00,-18849.32,-2.6379,6.9571900332,-14.7514,554829.72,40889.28,595719.00,0,0.0000
2020-09-07,128,5,495.05,696274.29,696769.34,0.00,0.00,100000.00,1050.34,0.1510,6.9676934399,-14.6227,554829.72,41939.62,596769.34,0,0.0000
2020-09-08,128,5,495.05,677351.58,677846.63,0.00,0.00,100000.00,-18922.72,-2.7158,6.7784662867,-16.9413,554829.72,23016.91,577846.63,0,0.0000
2020-09-09,128,5,495.05,677984.41,678479.46,0.00,0.00,100000.00,632.83,0.0934,6.7847946021,-16.8638,554829.72,23649.74,578479.46,0,0.0000
2020-09-10,128,5,495.05,692352.49,692847.54,0.00,0.00,100000.00,14368.08,2.1177,6.9284753997,-15.1032,554829.72,38017.82,592847.54,0,0.0000
2020-09-11,128,5,495.05,696715.11,697210.16,0.00,0.00,100000.00,4362.62,0.6297,6.9721015893,-14.5687,554829.72,42380.44,597210.16,0,0.0000
2020-09-14,128,5,495.05,729768.38,730263.43,0.00,0.00,100000.00,33053.27,4.7408,7.3026343031,-10.5185,554829.72,75433.71,630263.43,0,0.0000
2020-09-15,128,5,495.05,734708.97,735204.03,0.00,0.00,100000.00,4940.60,0.6765,7.3520402573,-9.9132,554829.72,80374.30,635204.03,0,0.0000
2020-09-16,128,5,495.05,733979.46,734474.51,0.00,0.00,100000.00,-729.51,-0.0992,7.3447451487,-10.0025,554829.72,79644.79,634474.51,0,0.0000
2020-09-17,128,5,495.05,736494.93,736989.98,0.00,0.00,100000.00,2515.46,0.3425,7.3698997700,-9.6943,554829.72,82160.26,636989.98,0,0.0000
2020-09-18,128,5,495.05,747840.77,748335.82,0.00,0.00,100000.00,11345.84,1.5395,7.4833581987,-8.3041,554829.72,93506.10,648335.82,0,0.0000
2020-09-21,128,5,495.05,710856.45,711351.50,0.00,0.00,100000.00,-36984.32,-4.9422,7.1135150471,-12.8359,554829.72,56521.78,611351.50,0,0.0000
2020-09-22,128,5,495.05,709056.62,709551.67,0.00,0.00,100000.00,-1799.83,-0.2530,7.0955167467,-13.0564,554829.72,54721.95,609551.67,0,0.0000
2020-09-23,128,5,495.05,702074.36,702569.41,0.00,0.00,100000.00,-6982.27,-0.9840,7.0256940707,-13.9120,554829.72,47739.69,602569.41,0,0.0000
2020-09-24,128,5,495.05,672894.29,673389.34,0.00,0.00,100000.00,-29180.07,-4.1533,6.7338933788,-17.4875,554829.72,18559.62,573389.34,0,0.0000
2020-09-25,128,5,495.05,708112.35,708607.40,0.00,0.00,100000.00,35218.06,5.2300,7.0860739884,-13.1721,554829.72,53777.68,608607.40,0,0.0000
2020-09-28,128,5,495.05,741853.92,742348.97,0.00,0.00,100000.00,33741.57,4.7617,7.4234896847,-9.0377,554829.72,87519.25,642348.97,0,0.0000
2020-09-29,129,5,1155.97,747119.22,748275.19,0.00,0.00,100000.00,5926.22,0.7983,7.4827519217,-8.3115,589668.19,58607.00,648275.19,0,0.0000
2020-09-30,129,5,1155.97,753573.66,754729.63,0.00,0.00,100000.00,6454.44,0.8626,7.5472963065,-7.5206,589668.19,65061.44,654729.63,0,0.0000
2020-10-01,129,5,1155.97,768508.72,769664.69,0.00,0.00,100000.00,14935.06,1.9789,7.6966468745,-5.6906,589668.19,79996.50,669664.69,0,0.0000
2020-10-05,129,5,1155.97,776019.92,777175.89,0.00,0.00,100000.00,7511.20,0.9759,7.7717588843,-4.7702,589668.19,87507.70,677175.89,0,0.0000
2020-10-06,129,5,1155.97,778334.11,779490.08,0.00,0.00,100000.00,2314.19,0.2978,7.7949007894,-4.4866,589668.19,89821.89,679490.08,0,0.0000
2020-10-07,129,5,1155.97,777569.65,778725.62,0.00,0.00,100000.00,-764.46,-0.0981,7.7872561691,-4.5803,589668.19,89057.43,678725.62,0,0.0000
2020-10-08,129,5,1155.97,780635.57,781791.53,0.00,0.00,100000.00,3065.92,0.3937,7.8179153337,-4.2046,589668.19,92123.34,681791.53,0,0.0000
2020-10-09,129,5,1155.97,764996.17,766152.14,0.00,0.00,100000.00,-15639.40,-2.0005,7.6615213568,-6.1210,589668.19,76483.95,666152.14,0,0.0000
2020-10-12,129,5,1155.97,759432.27,760588.24,0.00,0.00,100000.00,-5563.90,-0.7262,7.6058823886,-6.8027,589668.19,70920.05,660588.24,0,0.0000
2020-10-13,129,5,1155.97,767254.31,768410.27,0.00,0.00,100000.00,7822.03,1.0284,7.6841027298,-5.8443,589668.19,78742.08,668410.27,0,0.0000
2020-10-14,129,5,1155.97,759392.77,760548.74,0.00,0.00,100000.00,-7861.53,-1.0231,7.6054874022,-6.8076,589668.19,70880.55,660548.74,0,0.0000
2020-10-15,129,5,1155.97,740676.29,741832.25,0.00,0.00,100000.00,-18716.49,-2.4609,7.4183225356,-9.1010,589668.19,52164.06,641832.25,0,0.0000
2020-10-16,129,5,1155.97,746075.21,747231.18,0.00,0.00,100000.00,5398.92,0.7278,7.4723117538,-8.4394,589668.19,57562.99,647231.18,0,0.0000
2020-10-19,129,5,1155.97,754038.46,755194.43,0.00,0.00,100000.00,7963.26,1.0657,7.5519443073,-7.4637,589668.19,65526.24,655194.43,0,0.0000
2020-10-20,129,5,1155.97,757569.07,758725.04,0.00,0.00,100000.00,3530.61,0.4675,7.5872503599,-7.0310,589668.19,69056.85,658725.04,0,0.0000
2020-10-21,129,5,1155.97,763093.70,764249.67,0.00,0.00,100000.00,5524.63,0.7281,7.6424966658,-6.3541,589668.19,74581.48,664249.67,0,0.0000
2020-10-22,129,5,1155.97,762004.76,763160.72,0.00,0.00,100000.00,-1088.94,-0.1425,7.6316072327,-6.4875,589668.19,73492.53,663160.72,0,0.0000
2020-10-23,129,5,1155.97,771055.27,772211.24,0.00,0.00,100000.00,9050.52,1.1859,7.7221124180,-5.3785,589668.19,82543.05,672211.24,0,0.0000
2020-10-26,129,5,1155.97,756021.96,757177.93,0.00,0.00,100000.00,-15033.31,-1.9468,7.5717793017,-7.2206,589668.19,67509.74,657177.93,0,0.0000
2020-10-27,129,5,1155.97,768372.97,769528.94,0.00,0.00,100000.00,12351.01,1.6312,7.6952893800,-5.7072,589668.19,79860.75,669528.94,0,0.0000
2020-10-28,130,5,1793.56,761185.10,762978.66,0.00,0.00,100000.00,-6550.27,-0.8512,7.6297866406,-6.5098,580604.48,82374.19,662978.66,0,0.0000
2020-10-29,130,5,1793.56,767368.85,769162.41,0.00,0.00,100000.00,6183.75,0.8105,7.6916241400,-5.7521,580604.48,88557.93,669162.41,0,0.0000
2020-10-30,130,5,1793.56,772238.02,774031.59,0.00,0.00,100000.00,4869.17,0.6330,7.7403158502,-5.1555,580604.48,93427.11,674031.59,0,0.0000
2020-11-02,130,5,1793.56,761988.85,763782.42,0.00,0.00,100000.00,-10249.17,-1.3241,7.6378241943,-6.4114,580604.48,83177.94,663782.42,0,0.0000
2020-11-03,130,5,1793.56,761447.18,763240.75,0.00,0.00,100000.00,-541.67,-0.0709,7.6324074835,-6.4777,580604.48,82636.27,663240.75,0,0.0000
2020-11-04,130,5,1793.56,763106.20,764899.77,0.00,0.00,100000.00,1659.02,0.2174,7.6489976569,-6.2744,580604.48,84295.29,664899.77,0,0.0000
2020-11-05,130,5,1793.56,775775.62,777569.19,0.00,0.00,100000.00,12669.42,1.6564,7.7756918640,-4.7220,580604.48,96964.71,677569.19,0,0.0000
2020-11-06,130,5,1793.56,773495.67,775289.23,0.00,0.00,100000.00,-2279.96,-0.2932,7.7528923139,-5.0014,580604.48,94684.75,675289.23,0,0.0000
2020-11-09,130,5,1793.56,769122.18,770915.74,0.00,0.00,100000.00,-4373.49,-0.5641,7.7091574481,-5.5373,580604.48,90311.27,670915.74,0,0.0000
2020-11-10,130,5,1793.56,764018.94,765812.51,0.00,0.00,100000.00,-5103.24,-0.6620,7.6581250504,-6.1626,580604.48,85208.03,665812.51,0,0.0000
2020-11-11,130,5,1793.56,775662.00,777455.56,0.00,0.00,100000.00,11643.06,1.5204,7.7745556061,-4.7359,580604.48,96851.08,677455.56,0,0.0000
2020-11-12,130,5,1793.56,788000.13,789793.69,0.00,0.00,100000.00,12338.13,1.5870,7.8979369049,-3.2241,580604.48,109189.21,689793.69,0,0.0000
2020-11-13,130,5,1793.56,796880.53,798674.10,0.00,0.00,100000.00,8880.41,1.1244,7.9867409577,-2.1360,580604.48,118069.62,698674.10,0,0.0000
2020-11-14,130,5,1793.56,799302.96,801096.53,0.00,0.00,100000.00,2422.43,0.3033,8.0109652814,-1.8391,580604.48,120492.05,701096.53,0,0.0000
2020-11-17,130,5,1793.56,802686.95,804480.51,0.00,0.00,100000.00,3383.98,0.4224,8.0448051111,-1.4245,580604.48,123876.03,704480.51,0,0.0000
2020-11-18,130,5,1793.56,796497.12,798290.68,0.00,0.00,100000.00,-6189.83,-0.7694,7.9829067957,-2.1829,580604.48,117686.20,698290.68,0,0.0000
2020-11-19,130,5,1793.56,785149.07,786942.63,0.00,0.00,100000.00,-11348.05,-1.4215,7.8694262976,-3.5735,580604.48,106338.15,686942.63,0,0.0000
2020-11-20,130,5,1793.56,797825.06,799618.63,0.00,0.00,100000.00,12676.00,1.6108,7.9961862732,-2.0202,580604.48,119014.15,699618.63,0,0.0000
2020-11-23,130,5,1793.56,820169.14,821962.71,0.00,0.00,100000.00,22344.08,2.7943,8.2196270581,0.0000,580604.48,141358.23,721962.71,0,0.0000
2020-11-24,130,5,1793.56,827511.27,829304.84,0.00,0.00,100000.00,7342.13,0.8932,8.2930483862,0.0000,580604.48,148700.36,729304.84,0,0.0000
2020-11-25,131,5,806.93,812798.27,813605.20,0.00,0.00,100000.00,-15699.64,-1.8931,8.1360519664,-1.8931,620536.55,93068.64,713605.20,0,0.0000
2020-11-26,131,5,806.93,806842.31,807649.24,0.00,0.00,100000.00,-5955.96,-0.7320,8.0764923748,-2.6113,620536.55,87112.68,707649.24,0,0.0000
2020-11-27,131,5,806.93,842158.58,842965.51,0.00,0.00,100000.00,35316.27,4.3727,8.4296550963,0.0000,620536.55,122428.96,742965.51,0,0.0000
2020-12-01,131,5,806.93,869731.36,870538.28,0.00,0.00,100000.00,27572.77,3.2709,8.7053828356,0.0000,620536.55,150001.73,770538.28,0,0.0000
2020-12-02,131,5,806.93,895035.42,895842.35,0.00,0.00,100000.00,25304.06,2.9067,8.9584234813,0.0000,620536.55,175305.79,795842.35,0,0.0000
2020-12-03,131,5,806.93,893624.26,894431.18,0.00,0.00,100000.00,-1411.17,-0.1575,8.9443118181,-0.1575,620536.55,173894.63,794431.18,0,0.0000
2020-12-04,131,5,806.93,915629.64,916436.56,0.00,0.00,100000.00,22005.38,2.4603,9.1643656340,0.0000,620536.55,195900.01,816436.56,0,0.0000
2020-12-07,131,5,806.93,929448.13,930255.06,0.00,0.00,100000.00,13818.50,1.5079,9.3025506139,0.0000,620536.55,209718.51,830255.06,0,0.0000
2020-12-08,131,5,806.93,919445.82,920252.74,0.00,0.00,100000.00,-10002.32,-1.0752,9.2025274175,-1.0752,620536.55,199716.19,820252.74,0,0.0000
2020-12-09,131,5,806.93,920677.83,921484.75,0.00,0.00,100000.00,1232.01,0.1339,9.2148475469,-0.9428,620536.55,200948.20,821484.75,0,0.0000
2020-12-10,131,5,806.93,915967.46,916774.39,0.00,0.00,100000.00,-4710.36,-0.5112,9.1677438994,-1.4491,620536.55,196237.84,816774.39,0,0.0000
2020-12-11,131,5,806.93,912451.75,913258.67,0.00,0.00,100000.00,-3515.72,-0.3835,9.1325867247,-1.8271,620536.55,192722.12,813258.67,0,0.0000
2020-12-14,131,5,806.93,920243.82,921050.75,0.00,0.00,100000.00,7792.07,0.8532,9.2105074694,-0.9894,620536.55,200514.19,821050.75,0,0.0000
2020-12-15,131,5,806.93,922093.01,922899.93,0.00,0.00,100000.00,1849.19,0.2008,9.2289993401,-0.7907,620536.55,202363.38,822899.93,0,0.0000
2020-12-16,131,5,806.93,930629.13,931436.06,0.00,0.00,100000.00,8536.13,0.9249,9.3143606139,0.0000,620536.55,210899.51,831436.06,0,0.0000
2020-12-17,131,5,806.93,931400.67,932207.59,0.00,0.00,100000.00,771.53,0.0828,9.3220759282,0.0000,620536.55,211671.04,832207.59,0,0.0000
2020-12-18,131,5,806.93,931443.65,932250.58,0.00,0.00,100000.00,42.99,0.0046,9.3225058153,0.0000,620536.55,211714.03,832250.58,0,0.0000
2020-12-21,131,5,806.93,869867.32,870674.25,0.00,0.00,100000.00,-61576.33,-6.6051,8.7067424968,-6.6051,620536.55,150137.70,770674.25,0,0.0000
2020-12-22,131,5,806.93,907338.52,908145.44,0.00,0.00,100000.00,37471.19,4.3037,9.0814544188,-2.5857,620536.55,187608.89,808145.44,0,0.0000
2020-12-23,131,5,806.93,928948.12,929755.05,0.00,0.00,100000.00,21609.61,2.3795,9.2975505144,-0.2677,620536.55,209218.50,829755.05,0,0.0000
2020-12-24,132,5,1632.36,931723.77,933356.13,0.00,0.00,100000.00,3601.08,0.3873,9.3335612648,0.0000,677131.06,156225.07,833356.13,0,0.0000
2020-12-28,132,5,1632.36,949766.97,951399.33,0.00,0.00,100000.00,18043.20,1.9332,9.5139932869,0.0000,677131.06,174268.27,851399.33,0,0.0000
2020-12-29,132,5,1632.36,962775.02,964407.37,0.00,0.00,100000.00,13008.05,1.3673,9.6440737413,0.0000,677131.06,187276.32,864407.37,0,0.0000
2020-12-30,132,5,1632.36,962457.46,964089.81,0.00,0.00,100000.00,-317.56,-0.0329,9.6408981166,-0.0329,677131.06,186958.75,864089.81,0,0.0000
2020-12-31,132,5,1632.36,957274.26,958906.61,0.00,0.00,100000.00,-5183.20,-0.5376,9.5890661204,-0.5704,677131.06,181775.55,858906.61,0,0.0000
2021-01-01,132,5,1632.36,967200.33,968832.69,0.00,0.00,100000.00,9926.08,1.0351,9.6883269038,0.0000,677131.06,191701.63,868832.69,0,0.0000
2021-01-04,132,5,1632.36,971993.83,973626.18,0.00,0.00,100000.00,4793.49,0.4948,9.7362618440,0.0000,677131.06,196495.13,873626.18,0,0.0000
2021-01-05,132,5,1632.36,984263.29,985895.65,0.00,0.00,100000.00,12269.46,1.2602,9.8589564815,0.0000,677131.06,208764.59,885895.65,0,0.0000
2021-01-06,132,5,1632.36,982613.85,984246.21,0.00,0.00,100000.00,-1649.44,-0.1673,9.8424620952,-0.1673,677131.06,207115.15,884246.21,0,0.0000
2021-01-07,132,5,1632.36,998487.69,1000120.05,0.00,0.00,100000.00,15873.84,1.6128,10.0012004683,0.0000,677131.06,222988.99,900120.05,0,0.0000
2021-01-08,132,5,1632.36,1001200.20,1002832.56,0.00,0.00,100000.00,2712.51,0.2712,10.0283255754,0.0000,677131.06,225701.50,902832.56,0,0.0000
2021-01-11,132,5,1632.36,1003118.60,1004750.95,0.00,0.00,100000.00,1918.40,0.1913,10.0475095421,0.0000,677131.06,227619.90,904750.95,0,0.0000
2021-01-12,132,5,1632.36,1003954.48,1005586.83,0.00,0.00,100000.00,835.88,0.0832,10.0558683192,0.0000,677131.06,228455.77,905586.83,0,0.0000
2021-01-13,132,5,1632.36,1037529.35,1039161.70,0.00,0.00,100000.00,33574.87,3.3388,10.3916170488,0.0000,677131.06,262030.65,939161.70,0,0.0000
2021-01-14,132,5,1632.36,1062825.44,1064457.80,0.00,0.00,100000.00,25296.10,2.4343,10.6445780034,0.0000,677131.06,287326.74,964457.80,0,0.0000
2021-01-15,132,5,1632.36,1047471.67,1049104.03,0.00,0.00,100000.00,-15353.77,-1.4424,10.4910403059,-1.4424,677131.06,271972.97,949104.03,0,0.0000
2021-01-18,132,5,1632.36,1034655.05,1036287.40,0.00,0.00,100000.00,-12816.63,-1.2217,10.3628740498,-2.6465,677131.06,259156.35,936287.40,0,0.0000
2021-01-19,132,5,1632.36,1071506.36,1073138.71,0.00,0.00,100000.00,36851.31,3.5561,10.7313871263,0.0000,677131.06,296007.65,973138.71,0,0.0000
2021-01-20,132,5,1632.36,1098291.16,1099923.52,0.00,0.00,100000.00,26784.80,2.4959,10.9992351707,0.0000,677131.06,322792.46,999923.52,0,0.0000
2021-01-21,132,5,1632.36,1063960.88,1065593.24,0.00,0.00,100000.00,-34330.28,-3.1212,10.6559323668,-3.1212,677131.06,288462.18,965593.24,0,0.0000
2021-01-22,133,5,1774.68,1038885.54,1040660.22,0.00,0.00,100000.00,-24933.02,-2.3398,10.4066022010,-5.3879,801111.17,139549.05,940660.22,0,0.0000
2021-01-25,133,5,1774.68,1018356.19,1020130.87,0.00,0.00,100000.00,-20529.35,-1.9727,10.2013087375,-7.2544,801111.17,119019.70,920130.87,0,0.0000
2021-01-27,133,5,1774.68,1015357.64,1017132.32,0.00,0.00,100000.00,-2998.55,-0.2939,10.1713232021,-7.5270,801111.17,116021.15,917132.32,0,0.0000
2021-01-28,133,5,1774.68,1000271.11,1002045.79,0.00,0.00,100000.00,-15086.53,-1.4832,10.0204578810,-8.8986,801111.17,100934.62,902045.79,0,0.0000
2021-01-29,133,5,1774.68,1044940.57,1046715.26,0.00,0.00,100000.00,44669.47,4.4578,10.4671525519,-4.8375,801111.17,145604.08,946715.26,0,0.0000
2021-02-01,133,5,1774.68,1107455.32,1109230.00,0.00,0.00,100000.00,62514.75,5.9725,11.0923000336,0.0000,801111.17,208118.83,1009230.00,0,0.0000
2021-02-02,133,5,1774.68,1157530.16,1159304.84,0.00,0.00,100000.00,50074.84,4.5144,11.5930483854,0.0000,801111.17,258193.67,1059304.84,0,0.0000
2021-02-03,133,5,1774.68,1178716.86,1180491.54,0.00,0.00,100000.00,21186.70,1.8275,11.8049154087,0.0000,801111.17,279380.37,1080491.54,0,0.0000
2021-02-04,133,5,1774.68,1180805.50,1182580.18,0.00,0.00,100000.00,2088.64,0.1769,11.8258017734,0.0000,801111.17,281469.01,1082580.18,0,0.0000
2021-02-05,133,5,1774.68,1153755.71,1155530.39,0.00,0.00,100000.00,-27049.79,-2.2874,11.5553039122,-2.2874,801111.17,254419.22,1055530.39,0,0.0000
2021-02-08,133,5,1774.68,1189554.43,1191329.11,0.00,0.00,100000.00,35798.72,3.0980,11.9132910696,0.0000,801111.17,290217.94,1091329.11,0,0.0000
2021-02-09,133,5,1774.68,1173847.81,1175622.49,0.00,0.00,100000.00,-15706.61,-1.3184,11.7562249368,-1.3184,801111.17,274511.32,1075622.49,0,0.0000
2021-02-10,133,5,1774.68,1178737.65,1180512.33,0.00,0.00,100000.00,4889.84,0.4159,11.8051233124,-0.9080,801111.17,279401.16,1080512.33,0,0.0000
2021-02-11,133,5,1774.68,1187248.16,1189022.85,0.00,0.00,100000.00,8510.51,0.7209,11.8902284515,-0.1936,801111.17,287911.67,1089022.85,0,0.0000
2021-02-12,133,5,1774.68,1206391.40,1208166.08,0.00,0.00,100000.00,19143.23,1.6100,12.0816607690,0.0000,801111.17,307054.91,1108166.08,0,0.0000
2021-02-15,133,5,1774.68,1236797.71,1238572.39,0.00,0.00,100000.00,30406.31,2.5167,12.3857239180,0.0000,801111.17,337461.22,1138572.39,0,0.0000
2021-02-16,133,5,1774.68,1228309.59,1230084.27,0.00,0.00,100000.00,-8488.12,-0.6853,12.3008426775,-0.6853,801111.17,328973.10,1130084.27,0,0.0000
2021-02-17,133,5,1774.68,1210622.37,1212397.05,0.00,0.00,100000.00,-17687.22,-1.4379,12.1239704786,-2.1133,801111.17,311285.88,1112397.05,0,0.0000
2021-02-18,133,5,1774.68,1206064.37,1207839.05,0.00,0.00,100000.00,-4558.00,-0.3759,12.0783904795,-2.4814,801111.17,306727.88,1107839.05,0,0.0000
2021-02-19,133,5,1774.68,1178634.32,1180409.00,0.00,0.00,100000.00,-27430.04,-2.2710,11.8040900365,-4.6960,801111.17,279297.83,1080409.00,0,0.0000
2021-02-22,134,5,4451.03,1160300.89,1164751.92,0.00,0.00,100000.00,-15657.09,-1.3264,11.6475191532,-5.9601,919840.72,144911.20,1064751.92,0,0.0000
2021-02-23,134,5,4451.03,1177107.38,1181558.41,0.00,0.00,100000.00,16806.49,1.4429,11.8155840993,-4.6032,919840.72,161717.69,1081558.41,0,0.0000
2021-02-24,134,5,4451.03,1199086.86,1203537.88,0.00,0.00,100000.00,21979.47,1.8602,12.0353788320,-2.8286,919840.72,183697.17,1103537.88,0,0.0000
2021-02-25,134,5,4451.03,1224312.43,1228763.46,0.00,0.00,100000.00,25225.58,2.0960,12.2876345925,-0.7920,919840.72,208922.74,1128763.46,0,0.0000
2021-02-26,134,5,4451.03,1202943.64,1207394.67,0.00,0.00,100000.00,-21368.79,-1.7390,12.0739466804,-2.5172,919840.72,187553.95,1107394.67,0,0.0000
2021-03-01,134,5,4451.03,1216660.04,1221111.07,0.00,0.00,100000.00,13716.40,1.1360,12.2111106734,-1.4098,919840.72,201270.35,1121111.07,0,0.0000
2021-03-02,134,5,4451.03,1252341.69,1256792.72,0.00,0.00,100000.00,35681.65,2.9221,12.5679271590,0.0000,919840.72,236952.00,1156792.72,0,0.0000
2021-03-03,134,5,4451.03,1316415.39,1320866.42,0.00,0.00,100000.00,64073.70,5.0982,13.2086641982,0.0000,919840.72,301025.70,1220866.42,0,0.0000
2021-03-04,134,5,4451.03,1327009.62,1331460.65,0.00,0.00,100000.00,10594.23,0.8021,13.3146064614,0.0000,919840.72,311619.93,1231460.65,0,0.0000
2021-03-05,134,5,4451.03,1312530.64,1316981.67,0.00,0.00,100000.00,-14478.97,-1.0875,13.1698167284,-1.0875,919840.72,297140.96,1216981.67,0,0.0000
2021-03-08,134,5,4451.03,1316303.72,1320754.75,0.00,0.00,100000.00,3773.08,0.2865,13.2075475069,-0.8041,919840.72,300914.03,1220754.75,0,0.0000
2021-03-09,134,5,4451.03,1303415.67,1307866.69,0.00,0.00,100000.00,-12888.06,-0.9758,13.0786669393,-1.7720,919840.72,288025.98,1207866.69,0,0.0000
2021-03-10,134,5,4451.03,1318757.65,1323208.68,0.00,0.00,100000.00,15341.98,1.1731,13.2320867553,-0.6198,919840.72,303367.96,1223208.68,0,0.0000
2021-03-12,134,5,4451.03,1325030.23,1329481.26,0.00,0.00,100000.00,6272.58,0.4740,13.2948125861,-0.1487,919840.72,309640.54,1229481.26,0,0.0000
2021-03-15,134,5,4451.03,1326655.59,1331106.62,0.00,0.00,100000.00,1625.36,0.1223,13.3110662240,-0.0266,919840.72,311265.91,1231106.62,0,0.0000
2021-03-16,134,5,4451.03,1321743.30,1326194.33,0.00,0.00,100000.00,-4912.29,-0.3690,13.2619432758,-0.3955,919840.72,306353.61,1226194.33,0,0.0000
2021-03-17,134,5,4451.03,1280364.85,1284815.87,0.00,0.00,100000.00,-41378.45,-3.1201,12.8481587357,-3.5033,919840.72,264975.16,1184815.87,0,0.0000
2021-03-18,134,5,4451.03,1298836.08,1303287.11,0.00,0.00,100000.00,18471.24,1.4377,13.0328711025,-2.1160,919840.72,283446.39,1203287.11,0,0.0000
2021-03-19,134,5,4451.03,1305803.31,1310254.33,0.00,0.00,100000.00,6967.22,0.5346,13.1025433338,-1.5927,919840.72,290413.62,1210254.33,0,0.0000
2021-03-22,134,5,4451.03,1356985.76,1361436.79,0.00,0.00,100000.00,51182.46,3.9063,13.6143679308,0.0000,919840.72,341596.08,1261436.79,0,0.0000
2021-03-23,135,5,5619.36,1404718.61,1410337.97,0.00,0.00,100000.00,48901.18,3.5919,14.1033797009,0.0000,952450.06,357887.91,1310337.97,0,0.0000
2021-03-24,135,5,5619.36,1371557.99,1377177.35,0.00,0.00,100000.00,-33160.62,-2.3513,13.7717734838,-2.3513,952450.06,324727.29,1277177.35,0,0.0000
2021-03-25,135,5,5619.36,1334461.82,1340081.17,0.00,0.00,100000.00,-37096.18,-2.6936,13.4008117272,-4.9816,952450.06,287631.12,1240081.17,0,0.0000
2021-03-26,135,5,5619.36,1365264.19,1370883.55,0.00,0.00,100000.00,30802.38,2.2985,13.7088354968,-2.7975,952450.06,318433.49,1270883.55,0,0.0000
2021-03-30,135,5,5619.36,1393222.53,1398841.88,0.00,0.00,100000.00,27958.33,2.0394,13.9884188464,-0.8151,952450.06,346391.83,1298841.88,0,0.0000
2021-03-31,135,5,5619.36,1417874.20,1423493.56,0.00,0.00,100000.00,24651.67,1.7623,14.2349355785,0.0000,952450.06,371043.50,1323493.56,0,0.0000
2021-04-01,135,5,5619.36,1455268.32,1460887.68,0.00,0.00,100000.00,37394.12,2.6269,14.6088767980,0.0000,952450.06,408437.62,1360887.68,0,0.0000
2021-04-05,135,5,5619.36,1469687.05,1475306.40,0.00,0.00,100000.00,14418.72,0.9870,14.7530640307,0.0000,952450.06,422856.35,1375306.40,0,0.0000
2021-04-06,135,5,5619.36,1503788.48,1509407.84,0.00,0.00,100000.00,34101.44,2.3115,15.0940784057,0.0000,952450.06,456957.78,1409407.84,0,0.0000
2021-04-07,135,5,5619.36,1469394.49,1475013.85,0.00,0.00,100000.00,-34393.99,-2.2786,14.7501384740,-2.2786,952450.06,422563.79,1375013.85,0,0.0000
2021-04-08,135,5,5619.36,1451185.94,1456805.29,0.00,0.00,100000.00,-18208.55,-1.2345,14.5680529247,-3.4850,952450.06,404355.24,1356805.29,0,0.0000
2021-04-09,135,5,5619.36,1507462.95,1513082.30,0.00,0.00,100000.00,56277.01,3.8630,15.1308230138,0.0000,952450.06,460632.25,1413082.30,0,0.0000
2021-04-12,135,5,5619.36,1381204.31,1386823.66,0.00,0.00,100000.00,-126258.64,-8.3445,13.8682366100,-8.3445,952450.06,334373.61,1286823.66,0,0.0000
2021-04-13,135,5,5619.36,1416845.02,1422464.37,0.00,0.00,100000.00,35640.71,2.5700,14.2246437206,-5.9890,952450.06,370014.32,1322464.37,0,0.0000
2021-04-15,135,5,5619.36,1447234.83,1452854.18,0.00,0.00,100000.00,30389.81,2.1364,14.5285418188,-3.9805,952450.06,400404.13,1352854.18,0,0.0000
2021-04-16,135,5,5619.36,1491092.85,1496712.21,0.00,0.00,100000.00,43858.02,3.0187,14.9671220568,-1.0819,952450.06,444262.15,1396712.21,0,0.0000
2021-04-19,135,5,5619.36,1470640.50,1476259.86,0.00,0.00,100000.00,-20452.35,-1.3665,14.7625985973,-2.4336,952450.06,423809.80,1376259.86,0,0.0000
2021-04-20,135,5,5619.36,1495653.22,1501272.57,0.00,0.00,100000.00,25012.71,1.6943,15.0127257311,-0.7805,952450.06,448822.52,1401272.57,0,0.0000
2021-04-22,135,5,5619.36,1497600.92,1503220.27,0.00,0.00,100000.00,1947.70,0.1297,15.0322027355,-0.6518,952450.06,450770.22,1403220.27,0,0.0000
2021-04-23,135,5,5619.36,1497369.86,1502989.21,0.00,0.00,100000.00,-231.06,-0.0154,15.0298921362,-0.6671,952450.06,450539.16,1402989.21,0,0.0000
2021-04-26,136,5,2851.59,1501292.81,1504144.40,0.00,0.00,100000.00,1155.18,0.0769,15.0414439762,-0.5907,1007592.73,396551.66,1404144.40,0,0.0000
2021-04-27,136,5,2851.59,1515021.82,1517873.41,0.00,0.00,100000.00,13729.01,0.9127,15.1787341245,0.0000,1007592.73,410280.68,1417873.41,0,0.0000
2021-04-28,136,5,2851.59,1531764.27,1534615.86,0.00,0.00,100000.00,16742.45,1.1030,15.3461586350,0.0000,1007592.73,427023.13,1434615.86,0,0.0000
2021-04-29,136,5,2851.59,1535264.67,1538116.26,0.00,0.00,100000.00,3500.39,0.2281,15.3811625523,0.0000,1007592.73,430523.52,1438116.26,0,0.0000
2021-04-30,136,5,2851.59,1524013.47,1526865.06,0.00,0.00,100000.00,-11251.19,-0.7315,15.2686506138,-0.7315,1007592.73,419272.33,1426865.06,0,0.0000
2021-05-03,136,5,2851.59,1588527.62,1591379.21,0.00,0.00,100000.00,64514.15,4.2253,15.9137920866,0.0000,1007592.73,483786.47,1491379.21,0,0.0000
2021-05-04,136,5,2851.59,1610204.60,1613056.19,0.00,0.00,100000.00,21676.98,1.3622,16.1305618888,0.0000,1007592.73,505463.45,1513056.19,0,0.0000
2021-05-05,136,5,2851.59,1613272.64,1616124.23,0.00,0.00,100000.00,3068.04,0.1902,16.1612422831,0.0000,1007592.73,508531.49,1516124.23,0,0.0000
2021-05-06,136,5,2851.59,1629744.91,1632596.50,0.00,0.00,100000.00,16472.27,1.0192,16.3259650297,0.0000,1007592.73,525003.77,1532596.50,0,0.0000
2021-05-07,136,5,2851.59,1625702.46,1628554.05,0.00,0.00,100000.00,-4042.46,-0.2476,16.2855404551,-0.2476,1007592.73,520961.31,1528554.05,0,0.0000
2021-05-10,136,5,2851.59,1628082.94,1630934.52,0.00,0.00,100000.00,2380.48,0.1462,16.3093452451,-0.1018,1007592.73,523341.79,1530934.52,0,0.0000
2021-05-11,136,5,2851.59,1622616.04,1625467.63,0.00,0.00,100000.00,-5466.90,-0.3352,16.2546762846,-0.4367,1007592.73,517874.89,1525467.63,0,0.0000
2021-05-12,136,5,2851.59,1623625.54,1626477.13,0.00,0.00,100000.00,1009.50,0.0621,16.2647712925,-0.3748,1007592.73,518884.39,1526477.13,0,0.0000
2021-05-14,136,5,2851.59,1544874.40,1547725.99,0.00,0.00,100000.00,-78751.14,-4.8418,15.4772598783,-5.1985,1007592.73,440133.25,1447725.99,0,0.0000
2021-05-17,136,5,2851.59,1624845.53,1627697.12,0.00,0.00,100000.00,79971.13,5.1670,16.2769711717,-0.3001,1007592.73,520104.38,1527697.12,0,0.0000
2021-05-18,136,5,2851.59,1661829.28,1664680.87,0.00,0.00,100000.00,36983.75,2.2722,16.6468086680,0.0000,1007592.73,557088.13,1564680.87,0,0.0000
2021-05-19,136,5,2851.59,1638821.73,1641673.32,0.00,0.00,100000.00,-23007.55,-1.3821,16.4167331846,-1.3821,1007592.73,534080.58,1541673.32,0,0.0000
2021-05-20,136,5,2851.59,1628079.43,1630931.02,0.00,0.00,100000.00,-10742.30,-0.6544,16.3093101933,-2.0274,1007592.73,523338.28,1530931.02,0,0.0000
2021-05-21,136,5,2851.59,1629665.02,1632516.61,0.00,0.00,100000.00,1585.59,0.0972,16.3251661027,-1.9322,1007592.73,524923.88,1532516.61,0,0.0000
2021-05-24,136,5,2851.59,1623971.10,1626822.69,0.00,0.00,100000.00,-5693.92,-0.3488,16.2682268858,-2.2742,1007592.73,519229.95,1526822.69,0,0.0000
2021-05-25,137,5,1677.18,1614857.40,1616534.57,0.00,0.00,100000.00,-10288.12,-0.6324,16.1653457294,-2.8922,1076903.53,439631.04,1516534.57,0,0.0000
2021-05-26,137,5,1677.18,1600991.11,1602668.28,0.00,0.00,100000.00,-13866.29,-0.8578,16.0266828339,-3.7252,1076903.53,425764.75,1502668.28,0,0.0000
2021-05-27,137,5,1677.18,1622500.29,1624177.46,0.00,0.00,100000.00,21509.18,1.3421,16.2417746279,-2.4331,1076903.53,447273.93,1524177.46,0,0.0000
2021-05-28,137,5,1677.18,1620133.78,1621810.96,0.00,0.00,100000.00,-2366.51,-0.1457,16.2181095528,-2.5753,1076903.53,444907.42,1521810.96,0,0.0000
2021-05-31,137,5,1677.18,1626884.60,1628561.78,0.00,0.00,100000.00,6750.82,0.4163,16.2856177502,-2.1697,1076903.53,451658.24,1528561.78,0,0.0000
2021-06-01,137,5,1677.18,1686757.42,1688434.60,0.00,0.00,100000.00,59872.82,3.6764,16.8843459720,0.0000,1076903.53,511531.06,1588434.60,0,0.0000
2021-06-02,137,5,1677.18,1777556.76,1779233.93,0.00,0.00,100000.00,90799.33,5.3777,17.7923393151,0.0000,1076903.53,602330.40,1679233.93,0,0.0000
2021-06-03,137,5,1677.18,1812091.28,1813768.45,0.00,0.00,100000.00,34534.52,1.9410,18.1376845133,0.0000,1076903.53,636864.92,1713768.45,0,0.0000
2021-06-04,137,5,1677.18,1849178.27,1850855.44,0.00,0.00,100000.00,37086.99,2.0447,18.5085544472,0.0000,1076903.53,673951.91,1750855.44,0,0.0000
2021-06-07,137,5,1677.18,1856034.37,1857711.54,0.00,0.00,100000.00,6856.10,0.3704,18.5771154149,0.0000,1076903.53,680808.01,1757711.54,0,0.0000
2021-06-08,137,5,1677.18,1872132.21,1873809.39,0.00,0.00,100000.00,16097.85,0.8665,18.7380938907,0.0000,1076903.53,696905.85,1773809.39,0,0.0000
2021-06-09,137,5,1677.18,1846007.92,1847685.10,0.00,0.00,100000.00,-26124.29,-1.3942,18.4768509778,-1.3942,1076903.53,670781.56,1747685.10,0,0.0000
2021-06-10,137,5,1677.18,1871635.90,1873313.08,0.00,0.00,100000.00,25627.98,1.3870,18.7331307717,-0.0265,1076903.53,696409.54,1773313.08,0,0.0000
2021-06-11,137,5,1677.18,1888711.14,1890388.31,0.00,0.00,100000.00,17075.24,0.9115,18.9038831225,0.0000,1076903.53,713484.78,1790388.31,0,0.0000
2021-06-14,137,5,1677.18,1802706.19,1804383.37,0.00,0.00,100000.00,-86004.94,-4.5496,18.0438336834,-4.5496,1076903.53,627479.83,1704383.37,0,0.0000
2021-06-15,137,5,1677.18,1797557.32,1799234.50,0.00,0.00,100000.00,-5148.87,-0.2854,17.9923449654,-4.8220,1076903.53,622330.96,1699234.50,0,0.0000
2021-06-16,137,5,1677.18,1775788.02,1777465.20,0.00,0.00,100000.00,-21769.30,-1.2099,17.7746519857,-5.9735,1076903.53,600561.66,1677465.20,0,0.0000
2021-06-17,137,5,1677.18,1724943.17,1726620.35,0.00,0.00,100000.00,-50844.85,-2.8605,17.2662034676,-8.6632,1076903.53,549716.81,1626620.35,0,0.0000
2021-06-18,137,5,1677.18,1720966.88,1722644.05,0.00,0.00,100000.00,-3976.30,-0.2303,17.2264405166,-8.8735,1076903.53,545740.52,1622644.05,0,0.0000
2021-06-21,137,5,1677.18,1769737.58,1771414.75,0.00,0.00,100000.00,48770.70,2.8312,17.7141475425,-6.2936,1076903.53,594511.22,1671414.75,0,0.0000
2021-06-22,138,5,2573.89,1794052.74,1796626.63,0.00,0.00,100000.00,25211.88,1.4233,17.9662663188,-4.9599,1121187.58,575439.05,1696626.63,0,0.0000
2021-06-23,138,5,2573.89,1758520.89,1761094.78,0.00,0.00,100000.00,-35531.85,-1.9777,17.6109478372,-6.8395,1121187.58,539907.20,1661094.78,0,0.0000
2021-06-24,138,5,2573.89,1730016.48,1732590.37,0.00,0.00,100000.00,-28504.41,-1.6186,17.3259037363,-8.3474,1121187.58,511402.79,1632590.37,0,0.0000
2021-06-25,138,5,2573.89,1706429.46,1709003.35,0.00,0.00,100000.00,-23587.02,-1.3614,17.0900335041,-9.5951,1121187.58,487815.77,1609003.35,0,0.0000
2021-06-28,138,5,2573.89,1703160.89,1705734.78,0.00,0.00,100000.00,-3268.57,-0.1913,17.0573477915,-9.7680,1121187.58,484547.19,1605734.78,0,0.0000
2021-06-29,138,5,2573.89,1701535.67,1704109.56,0.00,0.00,100000.00,-1625.22,-0.0953,17.0410955710,-9.8540,1121187.58,482921.97,1604109.56,0,0.0000
2021-06-30,138,5,2573.89,1719526.48,1722100.37,0.00,0.00,100000.00,17990.81,1.0557,17.2210037156,-8.9023,1121187.58,500912.79,1622100.37,0,0.0000
2021-07-01,138,5,2573.89,1718351.89,1720925.78,0.00,0.00,100000.00,-1174.59,-0.0682,17.2092577830,-8.9644,1121187.58,499738.19,1620925.78,0,0.0000
2021-07-02,138,5,2573.89,1672252.30,1674826.19,0.00,0.00,100000.00,-46099.59,-2.6788,16.7482619008,-11.4031,1121187.58,453638.61,1574826.19,0,0.0000
2021-07-05,138,5,2573.89,1659144.68,1661718.57,0.00,0.00,100000.00,-13107.62,-0.7826,16.6171856575,-12.0964,1121187.58,440530.98,1561718.57,0,0.0000
2021-07-06,138,5,2573.89,1648520.40,1651094.29,0.00,0.00,100000.00,-10624.27,-0.6394,16.5109429396,-12.6585,1121187.58,429906.71,1551094.29,0,0.0000
2021-07-07,138,5,2573.89,1669976.88,1672550.77,0.00,0.00,100000.00,21456.47,1.2995,16.7255076887,-11.5234,1121187.58,451363.18,1572550.77,0,0.0000
2021-07-08,138,5,2573.89,1668643.30,1671217.18,0.00,0.00,100000.00,-1333.58,-0.0797,16.7121718490,-11.5940,1121187.58,450029.60,1571217.18,0,0.0000
2021-07-09,138,5,2573.89,1666800.11,1669374.00,0.00,0.00,100000.00,-1843.18,-0.1103,16.6937400202,-11.6915,1121187.58,448186.42,1569374.00,0,0.0000
2021-07-12,138,5,2573.89,1667781.14,1670355.03,0.00,0.00,100000.00,981.03,0.0588,16.7035503275,-11.6396,1121187.58,449167.45,1570355.03,0,0.0000
2021-07-13,138,5,2573.89,1660359.41,1662933.30,0.00,0.00,100000.00,-7421.73,-0.4443,16.6293330324,-12.0322,1121187.58,441745.72,1562933.30,0,0.0000
2021-07-14,138,5,2573.89,1657890.24,1660464.13,0.00,0.00,100000.00,-2469.18,-0.1485,16.6046412560,-12.1628,1121187.58,439276.54,1560464.13,0,0.0000
2021-07-15,138,5,2573.89,1704687.82,1707261.71,0.00,0.00,100000.00,46797.58,2.8183,17.0726170862,-9.6872,1121187.58,486074.12,1607261.71,0,0.0000
2021-07-16,138,5,2573.89,1734501.89,1737075.78,0.00,0.00,100000.00,29814.07,1.7463,17.3707577774,-8.1101,1121187.58,515888.19,1637075.78,0,0.0000
2021-07-19,138,5,2573.89,1717996.35,1720570.24,0.00,0.00,100000.00,-16505.54,-0.9502,17.2057023660,-8.9832,1121187.58,499382.65,1620570.24,0,0.0000
2021-07-20,139,5,679.15,1692268.41,1692947.56,0.00,0.00,100000.00,-27622.67,-1.6054,16.9294756475,-10.4445,1436785.67,156161.89,1592947.56,0,0.0000
2021-07-22,139,5,679.15,1710273.20,1710952.35,0.00,0.00,100000.00,18004.78,1.0635,17.1095234772,-9.4920,1436785.67,174166.68,1610952.35,0,0.0000
2021-07-23,139,5,679.15,1743701.34,1744380.50,0.00,0.00,100000.00,33428.15,1.9538,17.4438049564,-7.7237,1436785.67,207594.82,1644380.50,0,0.0000
2021-07-26,139,5,679.15,1786413.65,1787092.80,0.00,0.00,100000.00,42712.31,2.4486,17.8709280492,-5.4642,1436785.67,250307.13,1687092.80,0,0.0000
2021-07-27,139,5,679.15,1803895.45,1804574.60,0.00,0.00,100000.00,17481.79,0.9782,18.0457459771,-4.5395,1436785.67,267788.93,1704574.60,0,0.0000
2021-07-28,139,5,679.15,1794035.35,1794714.50,0.00,0.00,100000.00,-9860.09,-0.5464,17.9471450283,-5.0611,1436785.67,257928.83,1694714.50,0,0.0000
2021-07-29,139,5,679.15,1813374.41,1814053.56,0.00,0.00,100000.00,19339.06,1.0776,18.1405356016,-4.0380,1436785.67,277267.89,1714053.56,0,0.0000
2021-07-30,139,5,679.15,1822436.84,1823115.99,0.00,0.00,100000.00,9062.43,0.4996,18.2311599187,-3.5587,1436785.67,286330.32,1723115.99,0,0.0000
2021-08-02,139,5,679.15,1832043.59,1832722.75,0.00,0.00,100000.00,9606.75,0.5269,18.3272274613,-3.0505,1436785.67,295937.07,1732722.75,0,0.0000
2021-08-03,139,5,679.15,1838512.82,1839191.98,0.00,0.00,100000.00,6469.23,0.3530,18.3919197553,-2.7082,1436785.67,302406.30,1739191.98,0,0.0000
2021-08-04,139,5,679.15,1839419.30,1840098.45,0.00,0.00,100000.00,906.47,0.0493,18.4009844927,-2.6603,1436785.67,303312.78,1740098.45,0,0.0000
2021-08-05,139,5,679.15,1861174.79,1861853.94,0.00,0.00,100000.00,21755.49,1.1823,18.6185393963,-1.5094,1436785.67,325068.27,1761853.94,0,0.0000
2021-08-06,139,5,679.15,1867391.94,1868071.09,0.00,0.00,100000.00,6217.15,0.3339,18.6807108771,-1.1806,1436785.67,331285.42,1768071.09,0,0.0000
2021-08-09,139,5,679.15,1855232.70,1855911.86,0.00,0.00,100000.00,-12159.23,-0.6509,18.5591185506,-1.8238,1436785.67,319126.18,1755911.86,0,0.0000
2021-08-10,139,5,679.15,1813552.13,1814231.28,0.00,0.00,100000.00,-41680.58,-2.2458,18.1423127979,-4.0286,1436785.67,277445.61,1714231.28,0,0.0000
2021-08-11,139,5,679.15,1814401.28,1815080.43,0.00,0.00,100000.00,849.15,0.0468,18.1508042936,-3.9837,1436785.67,278294.76,1715080.43,0,0.0000
2021-08-12,139,5,679.15,1856741.47,1857420.62,0.00,0.00,100000.00,42340.19,2.3327,18.5742062332,-1.7440,1436785.67,320634.95,1757420.62,0,0.0000
2021-08-13,139,5,679.15,1882659.30,1883338.45,0.00,0.00,100000.00,25917.83,1.3954,18.8333844860,-0.3729,1436785.67,346552.78,1783338.45,0,0.0000
2021-08-16,139,5,679.15,1917816.00,1918495.15,0.00,0.00,100000.00,35156.70,1.8667,19.1849515072,0.0000,1436785.67,381709.48,1818495.15,0,0.0000
2021-08-17,139,5,679.15,1927551.06,1928230.21,0.00,0.00,100000.00,9735.06,0.5074,19.2823021244,0.0000,1436785.67,391444.54,1828230.21,0,0.0000
2021-08-18,140,5,854.55,1932501.16,1933355.71,0.00,0.00,100000.00,5125.50,0.2658,19.3335570852,0.0000,1503652.57,329703.13,1833355.71,0,0.0000
2021-08-20,140,5,854.55,1840285.04,1841139.58,0.00,0.00,100000.00,-92216.13,-4.7697,18.4113958352,-4.7697,1503652.57,237487.01,1741139.58,0,0.0000
2021-08-23,140,5,854.55,1781146.68,1782001.23,0.00,0.00,100000.00,-59138.36,-3.2121,17.8200122724,-7.8286,1503652.57,178348.65,1682001.23,0,0.0000
2021-08-24,140,5,854.55,1775776.67,1776631.22,0.00,0.00,100000.00,-5370.00,-0.3013,17.7663122268,-8.1063,1503652.57,172978.65,1676631.22,0,0.0000
2021-08-25,140,5,854.55,1802600.50,1803455.05,0.00,0.00,100000.00,26823.82,1.5098,18.0345504758,-6.7189,1503652.57,199802.47,1703455.05,0,0.0000
2021-08-26,140,5,854.55,1824468.60,1825323.15,0.00,0.00,100000.00,21868.10,1.2126,18.2532314983,-5.5878,1503652.57,221670.58,1725323.15,0,0.0000
2021-08-27,140,5,854.55,1852935.78,1853790.33,0.00,0.00,100000.00,28467.18,1.5596,18.5379033141,-4.1154,1503652.57,250137.76,1753790.33,0,0.0000
2021-08-30,140,5,854.55,1914754.48,1915609.02,0.00,0.00,100000.00,61818.69,3.3347,19.1560902384,-0.9179,1503652.57,311956.45,1815609.02,0,0.0000
2021-08-31,140,5,854.55,1934784.95,1935639.49,0.00,0.00,100000.00,20030.47,1.0456,19.3563949387,0.0000,1503652.57,331986.92,1835639.49,0,0.0000
2021-09-01,140,5,854.55,1903493.33,1904347.87,0.00,0.00,100000.00,-31291.62,-1.6166,19.0434787432,-1.6166,1503652.57,300695.30,1804347.87,0,0.0000
2021-09-02,140,5,854.55,1909180.11,1910034.66,0.00,0.00,100000.00,5686.78,0.2986,19.1003465649,-1.3228,1503652.57,306382.08,1810034.66,0,0.0000
2021-09-03,140,5,854.55,1913943.10,1914797.65,0.00,0.00,100000.00,4762.99,0.2494,19.1479764956,-1.0767,1503652.57,311145.07,1814797.65,0,0.0000
2021-09-06,140,5,854.55,1912851.00,1913705.55,0.00,0.00,100000.00,-1092.10,-0.0570,19.1370555195,-1.1332,1503652.57,310052.98,1813705.55,0,0.0000
2021-09-07,140,5,854.55,1897915.46,1898770.01,0.00,0.00,100000.00,-14935.55,-0.7805,18.9877000513,-1.9048,1503652.57,295117.43,1798770.01,0,0.0000
2021-09-08,140,5,854.55,1928808.60,1929663.15,0.00,0.00,100000.00,30893.14,1.6270,19.2966314553,-0.3088,1503652.57,326010.57,1829663.15,0,0.0000
2021-09-09,140,5,854.55,1978976.37,1979830.91,0.00,0.00,100000.00,50167.77,2.5998,19.7983091376,0.0000,1503652.57,376178.34,1879830.91,0,0.0000
2021-09-13,140,5,854.55,1993148.51,1994003.06,0.00,0.00,100000.00,14172.15,0.7158,19.9400306254,0.0000,1503652.57,390350.49,1894003.06,0,0.0000
2021-09-14,140,5,854.55,2015259.94,2016114.48,0.00,0.00,100000.00,22111.42,1.1089,20.1611448487,0.0000,1503652.57,412461.91,1916114.48,0,0.0000
2021-09-15,140,5,854.55,2023291.57,2024146.12,0.00,0.00,100000.00,8031.63,0.3984,20.2414611811,0.0000,1503652.57,420493.54,1924146.12,0,0.0000
2021-09-16,140,5,854.55,2017496.24,2018350.79,0.00,0.00,100000.00,-5795.33,-0.2863,20.1835078953,-0.2863,1503652.57,414698.21,1918350.79,0,0.0000
2021-09-17,141,5,3638.91,2020815.48,2024454.39,0.00,0.00,100000.00,6103.60,0.3024,20.2445438520,0.0000,1682508.94,241945.44,1924454.39,0,0.0000
2021-09-20,141,5,3638.91,1974837.78,1978476.68,0.00,0.00,100000.00,-45977.70,-2.2711,19.7847668366,-2.2711,1682508.94,195967.74,1878476.68,0,0.0000
2021-09-21,141,5,3638.91,1992235.39,1995874.29,0.00,0.00,100000.00,17397.61,0.8793,19.9587429322,-1.4117,1682508.94,213365.35,1895874.29,0,0.0000
2021-09-22,141,5,3638.91,2009828.68,2013467.59,0.00,0.00,100000.00,17593.29,0.8815,20.1346758771,-0.5427,1682508.94,230958.65,1913467.59,0,0.0000
2021-09-23,141,5,3638.91,2051585.69,2055224.60,0.00,0.00,100000.00,41757.01,2.0739,20.5522459589,0.0000,1682508.94,272715.65,1955224.60,0,0.0000
2021-09-24,141,5,3638.91,2047239.68,2050878.59,0.00,0.00,100000.00,-4346.01,-0.2115,20.5087859003,-0.2115,1682508.94,268369.65,1950878.59,0,0.0000
2021-09-27,141,5,3638.91,2079274.13,2082913.04,0.00,0.00,100000.00,32034.45,1.5620,20.8291304190,0.0000,1682508.94,300404.10,1982913.04,0,0.0000
2021-09-28,141,5,3638.91,2093351.13,2096990.03,0.00,0.00,100000.00,14076.99,0.6758,20.9699003489,0.0000,1682508.94,314481.09,1996990.03,0,0.0000
2021-09-29,141,5,3638.91,2105331.04,2108969.94,0.00,0.00,100000.00,11979.91,0.5713,21.0896994455,0.0000,1682508.94,326461.00,2008969.94,0,0.0000
2021-09-30,141,5,3638.91,2109099.77,2112738.68,0.00,0.00,100000.00,3768.74,0.1787,21.1273868265,0.0000,1682508.94,330229.74,2012738.68,0,0.0000
2021-10-01,141,5,3638.91,2081775.44,2085414.35,0.00,0.00,100000.00,-27324.34,-1.2933,20.8541434586,-1.2933,1682508.94,302905.40,1985414.35,0,0.0000
2021-10-04,141,5,3638.91,2127547.34,2131186.25,0.00,0.00,100000.00,45771.91,2.1949,21.3118625144,0.0000,1682508.94,348677.31,2031186.25,0,0.0000
2021-10-05,141,5,3638.91,2169390.80,2173029.71,0.00,0.00,100000.00,41843.46,1.9634,21.7302970737,0.0000,1682508.94,390520.77,2073029.71,0,0.0000
2021-10-06,141,5,3638.91,2178782.07,2182420.98,0.00,0.00,100000.00,9391.27,0.4322,21.8242097831,0.0000,1682508.94,399912.04,2082420.98,0,0.0000
2021-10-07,141,5,3638.91,2218017.06,2221655.97,0.00,0.00,100000.00,39234.99,1.7978,22.2165596708,0.0000,1682508.94,439147.03,2121655.97,0,0.0000
2021-10-08,141,5,3638.91,2290237.28,2293876.19,0.00,0.00,100000.00,72220.22,3.2507,22.9387618638,0.0000,1682508.94,511367.25,2193876.19,0,0.0000
2021-10-11,141,5,3638.91,2305542.09,2309181.00,0.00,0.00,100000.00,15304.81,0.6672,23.0918099680,0.0000,1682508.94,526672.06,2209181.00,0,0.0000
2021-10-12,141,5,3638.91,2323089.10,2326728.01,0.00,0.00,100000.00,17547.01,0.7599,23.2672800528,0.0000,1682508.94,544219.06,2226728.01,0,0.0000
2021-10-13,141,5,3638.91,2333079.48,2336718.39,0.00,0.00,100000.00,9990.39,0.4294,23.3671839090,0.0000,1682508.94,554209.45,2236718.39,0,0.0000
2021-10-14,141,5,3638.91,2393895.73,2397534.63,0.00,0.00,100000.00,60816.24,2.6026,23.9753463388,0.0000,1682508.94,615025.69,2297534.63,0,0.0000
2021-10-18,142,5,7580.84,2421498.35,2429079.19,0.00,0.00,100000.00,31544.55,1.3157,24.2907918827,0.0000,1786023.24,543055.95,2329079.19,0,0.0000
2021-10-19,142,5,7580.84,2369565.67,2377146.51,0.00,0.00,100000.00,-51932.68,-2.1380,23.7714651191,-2.1380,1786023.24,491123.27,2277146.51,0,0.0000
2021-10-20,142,5,7580.84,2230574.57,2238155.41,0.00,0.00,100000.00,-138991.10,-5.8470,22.3815541035,-7.8599,1786023.24,352132.17,2138155.41,0,0.0000
2021-10-21,142,5,7580.84,2232499.76,2240080.60,0.00,0.00,100000.00,1925.19,0.0860,22.4008059659,-7.7807,1786023.24,354057.36,2140080.60,0,0.0000
2021-10-22,142,5,7580.84,2231393.37,2238974.21,0.00,0.00,100000.00,-1106.39,-0.0494,22.3897420734,-7.8262,1786023.24,352950.97,2138974.21,0,0.0000
2021-10-25,142,5,7580.84,2126142.54,2133723.38,0.00,0.00,100000.00,-105250.83,-4.7009,21.3372337836,-12.1592,1786023.24,247700.14,2033723.38,0,0.0000
2021-10-26,142,5,7580.84,2156065.27,2163646.11,0.00,0.00,100000.00,29922.74,1.4024,21.6364611451,-10.9273,1786023.24,277622.88,2063646.11,0,0.0000
2021-10-27,142,5,7580.84,2176626.84,2184207.68,0.00,0.00,100000.00,20561.56,0.9503,21.8420767689,-10.0808,1786023.24,298184.44,2084207.68,0,0.0000
2021-10-28,142,5,7580.84,2154242.57,2161823.41,0.00,0.00,100000.00,-22384.27,-1.0248,21.6182340958,-11.0023,1786023.24,275800.17,2061823.41,0,0.0000
2021-10-29,142,5,7580.84,2112332.42,2119913.26,0.00,0.00,100000.00,-41910.15,-1.9386,21.1991325809,-12.7277,1786023.24,233890.02,2019913.26,0,0.0000
2021-11-01,142,5,7580.84,2143602.14,2151182.98,0.00,0.00,100000.00,31269.72,1.4750,21.5118298151,-11.4404,1786023.24,265159.74,2051182.98,0,0.0000
2021-11-02,142,5,7580.84,2141828.84,2149409.68,0.00,0.00,100000.00,-1773.30,-0.0824,21.4940968073,-11.5134,1786023.24,263386.44,2049409.68,0,0.0000
2021-11-03,142,5,7580.84,2119044.54,2126625.38,0.00,0.00,100000.00,-22784.30,-1.0600,21.2662538056,-12.4514,1786023.24,240602.14,2026625.38,0,0.0000
2021-11-04,142,5,7580.84,2128378.55,2135959.39,0.00,0.00,100000.00,9334.01,0.4389,21.3595938633,-12.0671,1786023.24,249936.15,2035959.39,0,0.0000
2021-11-08,142,5,7580.84,2133258.14,2140838.98,0.00,0.00,100000.00,4879.59,0.2284,21.4083897535,-11.8662,1786023.24,254815.74,2040838.98,0,0.0000
2021-11-09,142,5,7580.84,2146652.16,2154233.00,0.00,0.00,100000.00,13394.02,0.6256,21.5423299961,-11.3148,1786023.24,268209.76,2054233.00,0,0.0000
2021-11-10,142,5,7580.84,2129227.86,2136808.70,0.00,0.00,100000.00,-17424.30,-0.8088,21.3680869520,-12.0322,1786023.24,250785.46,2036808.70,0,0.0000
2021-11-11,142,5,7580.84,2123932.97,2131513.81,0.00,0.00,100000.00,-5294.88,-0.2478,21.3151381290,-12.2501,1786023.24,245490.58,2031513.81,0,0.0000
2021-11-12,142,5,7580.84,2124695.15,2132275.99,0.00,0.00,100000.00,762.17,0.0358,21.3227598670,-12.2188,1786023.24,246252.75,2032275.99,0,0.0000
2021-11-15,142,5,7580.84,2167551.80,2175132.64,0.00,0.00,100000.00,42856.65,2.0099,21.7513263691,-10.4544,1786023.24,289109.40,2075132.64,0,0.0000
2021-11-16,143,5,1431.28,2198418.29,2199849.57,0.00,0.00,100000.00,24716.93,1.1363,21.9984957114,-9.4369,1769506.72,330342.85,2099849.57,0,0.0000
2021-11-17,143,5,1431.28,2189705.66,2191136.94,0.00,0.00,100000.00,-8712.63,-0.3961,21.9113693930,-9.7956,1769506.72,321630.22,2091136.94,0,0.0000
2021-11-18,143,5,1431.28,2151288.59,2152719.87,0.00,0.00,100000.00,-38417.07,-1.7533,21.5271987259,-11.3771,1769506.72,283213.15,2052719.87,0,0.0000
2021-11-22,143,5,1431.28,2105878.51,2107309.79,0.00,0.00,100000.00,-45410.08,-2.1094,21.0730979355,-13.2466,1769506.72,237803.08,2007309.79,0,0.0000
2021-11-23,143,5,1431.28,2165449.69,2166880.97,0.00,0.00,100000.00,59571.17,2.8269,21.6688096512,-10.7941,1769506.72,297374.25,2066880.97,0,0.0000
2021-11-24,143,5,1431.28,2158195.81,2159627.09,0.00,0.00,100000.00,-7253.88,-0.3348,21.5962708579,-11.0928,1769506.72,290120.37,2059627.09,0,0.0000
2021-11-25,143,5,1431.28,2199642.06,2201073.34,0.00,0.00,100000.00,41446.25,1.9191,22.0107333905,-9.3865,1769506.72,331566.62,2101073.34,0,0.0000
2021-11-26,143,5,1431.28,2115386.96,2116818.24,0.00,0.00,100000.00,-84255.10,-3.8279,21.1681824347,-12.8551,1769506.72,247311.53,2016818.24,0,0.0000
2021-11-29,143,5,1431.28,2015861.37,2017292.65,0.00,0.00,100000.00,-99525.59,-4.7017,20.1729265195,-16.9524,1769506.72,147785.93,1917292.65,0,0.0000
2021-11-30,143,5,1431.28,2086117.20,2087548.48,0.00,0.00,100000.00,70255.83,3.4827,20.8754847931,-14.0601,1769506.72,218041.76,1987548.48,0,0.0000
2021-12-01,143,5,1431.28,2151582.63,2153013.91,0.00,0.00,100000.00,65465.43,3.1360,21.5301390753,-11.3650,1769506.72,283507.19,2053013.91,0,0.0000
2021-12-02,143,5,1431.28,2169777.13,2171208.41,0.00,0.00,100000.00,18194.50,0.8451,21.7120841040,-10.6160,1769506.72,301701.69,2071208.41,0,0.0000
2021-12-03,143,5,1431.28,2160306.62,2161737.90,0.00,0.00,100000.00,-9470.51,-0.4362,21.6173789713,-11.0059,1769506.72,292231.18,2061737.90,0,0.0000
2021-12-06,143,5,1431.28,2118645.12,2120076.40,0.00,0.00,100000.00,-41661.50,-1.9272,21.2007639612,-12.7210,1769506.72,250569.68,2020076.40,0,0.0000
2021-12-07,143,5,1431.28,2154474.15,2155905.43,0.00,0.00,100000.00,35829.03,1.6900,21.5590542532,-11.2460,1769506.72,286398.71,2055905.43,0,0.0000
2021-12-08,143,5,1431.28,2204115.31,2205546.59,0.00,0.00,100000.00,49641.17,2.3026,22.0554659113,-9.2024,1769506.72,336039.87,2105546.59,0,0.0000
2021-12-09,143,5,1431.28,2218738.85,2220170.13,0.00,0.00,100000.00,14623.54,0.6630,22.2017013318,-8.6003,1769506.72,350663.41,2120170.13,0,0.0000
2021-12-10,143,5,1431.28,2244389.85,2245821.13,0.00,0.00,100000.00,25651.00,1.1554,22.4582113046,-7.5443,1769506.72,376314.41,2145821.13,0,0.0000
2021-12-13,143,5,1431.28,2244113.03,2245544.31,0.00,0.00,100000.00,-276.82,-0.0123,22.4554431155,-7.5557,1769506.72,376037.59,2145544.31,0,0.0000
2021-12-14,143,5,1431.28,2265152.92,2266584.20,0.00,0.00,100000.00,21039.89,0.9370,22.6658420465,-6.6896,1769506.72,397077.49,2166584.20,0,0.0000
2021-12-15,144,5,1618.56,2244517.53,2246136.09,0.00,0.00,100000.00,-20448.12,-0.9022,22.4613608774,-7.5314,2066964.18,79171.91,2146136.09,0,0.0000
2021-12-16,144,5,1618.56,2196471.63,2198090.19,0.00,0.00,100000.00,-48045.90,-2.1390,21.9809018995,-9.5093,2066964.18,31126.01,2098090.19,0,0.0000
2021-12-17,144,5,1618.56,2112398.88,2114017.44,0.00,0.00,100000.00,-84072.75,-3.8248,21.1401743586,-12.9704,2066964.18,-52946.75,2014017.44,0,0.0000
2021-12-20,144,5,1618.56,2035431.55,2037050.11,0.00,0.00,100000.00,-76967.33,-3.6408,20.3705010908,-16.1390,2066964.18,-129914.07,1937050.11,0,0.0000
2021-12-21,144,5,1618.56,2034128.16,2035746.72,0.00,0.00,100000.00,-1303.39,-0.0640,20.3574671669,-16.1927,2066964.18,-131217.47,1935746.72,0,0.0000
2021-12-22,144,5,1618.56,2072747.09,2074365.65,0.00,0.00,100000.00,38618.93,1.8970,20.7436564770,-14.6028,2066964.18,-92598.54,1974365.65,0,0.0000
2021-12-23,144,5,1618.56,2069604.97,2071223.53,0.00,0.00,100000.00,-3142.12,-0.1515,20.7122352880,-14.7322,2066964.18,-95740.65,1971223.53,0,0.0000
2021-12-24,144,5,1618.56,2050333.05,2051951.61,0.00,0.00,100000.00,-19271.92,-0.9305,20.5195160537,-15.5255,2066964.18,-115012.58,1951951.61,0,0.0000
2021-12-27,144,5,1618.56,2055247.23,2056865.79,0.00,0.00,100000.00,4914.19,0.2395,20.5686579171,-15.3232,2066964.18,-110098.39,1956865.79,0,0.0000
2021-12-28,144,5,1618.56,2103073.84,2104692.40,0.00,0.00,100000.00,47826.61,2.3252,21.0469240189,-13.3543,2066964.18,-62271.78,2004692.40,0,0.0000
2021-12-29,144,5,1618.56,2112738.81,2114357.37,0.00,0.00,100000.00,9664.97,0.4592,21.1435737095,-12.9564,2066964.18,-52606.81,2014357.37,0,0.0000
2021-12-30,144,5,1618.56,2064256.96,2065875.52,0.00,0.00,100000.00,-48481.85,-2.2930,20.6587551787,-14.9523,2066964.18,-101088.66,1965875.52,0,0.0000
2021-12-31,144,5,1618.56,2119516.37,2121134.93,0.00,0.00,100000.00,55259.41,2.6749,21.2113492962,-12.6774,2066964.18,-45829.25,2021134.93,0,0.0000
2022-01-03,144,5,1618.56,2140479.55,2142098.11,0.00,0.00,100000.00,20963.18,0.9883,21.4209811033,-11.8144,2066964.18,-24866.07,2042098.11,0,0.0000
2022-01-04,144,5,1618.56,2141869.72,2143488.28,0.00,0.00,100000.00,1390.17,0.0649,21.4348828189,-11.7572,2066964.18,-23475.90,2043488.28,0,0.0000
2022-01-05,144,5,1618.56,2131472.31,2133090.88,0.00,0.00,100000.00,-10397.41,-0.4851,21.3309087504,-12.1852,2066964.18,-33873.31,2033090.88,0,0.0000
2022-01-06,144,5,1618.56,2158632.12,2160250.68,0.00,0.00,100000.00,27159.80,1.2733,21.6025067875,-11.0671,2066964.18,-6713.50,2060250.68,0,0.0000
2022-01-07,144,5,1618.56,2166926.47,2168545.03,0.00,0.00,100000.00,8294.36,0.3840,21.6854503413,-10.7256,2066964.18,1580.85,2068545.03,0,0.0000
2022-01-10,144,5,1618.56,2163066.69,2164685.25,0.00,0.00,100000.00,-3859.78,-0.1780,21.6468525428,-10.8845,2066964.18,-2278.93,2064685.25,0,0.0000
2022-01-11,144,5,1618.56,2076087.98,2077706.54,0.00,0.00,100000.00,-86978.71,-4.0181,20.7770654424,-14.4653,2066964.18,-89257.64,1977706.54,0,0.0000
2022-01-12,145,5,465.56,2102864.73,2103330.29,0.00,0.00,100000.00,25623.75,1.2333,21.0333029415,-13.4104,2061731.50,-58401.20,2003330.29,0,0.0000
2022-01-13,145,5,465.56,2100126.54,2100592.10,0.00,0.00,100000.00,-2738.19,-0.1302,21.0059210468,-13.5231,2061731.50,-61139.39,2000592.10,0,0.0000
2022-01-14,145,5,465.56,2123235.90,2123701.46,0.00,0.00,100000.00,23109.35,1.1001,21.2370145727,-12.5717,2061731.50,-38030.04,2023701.46,0,0.0000
2022-01-17,145,5,465.56,2185242.87,2185708.43,0.00,0.00,100000.00,62006.98,2.9198,21.8570843232,-10.0191,2061731.50,23976.94,2085708.43,0,0.0000
2022-01-18,145,5,465.56,2122372.89,2122838.45,0.00,0.00,100000.00,-62869.98,-2.8764,21.2283844874,-12.6073,2061731.50,-38893.05,2022838.45,0,0.0000
2022-01-19,145,5,465.56,2140081.58,2140547.14,0.00,0.00,100000.00,17708.69,0.8342,21.4054714061,-11.8782,2061731.50,-21184.36,2040547.14,0,0.0000
2022-01-20,145,5,465.56,2156104.69,2156570.25,0.00,0.00,100000.00,16023.11,0.7486,21.5657024870,-11.2186,2061731.50,-5161.25,2056570.25,0,0.0000
2022-01-21,145,5,465.56,2085729.83,2086195.39,0.00,0.00,100000.00,-70374.85,-3.2633,20.8619539474,-14.1158,2061731.50,-75536.10,1986195.39,0,0.0000
2022-01-24,145,5,465.56,1978377.48,1978843.04,0.00,0.00,100000.00,-107352.35,-5.1458,19.7884303993,-18.5353,2061731.50,-182888.46,1878843.04,0,0.0000
2022-01-25,145,5,465.56,2016977.34,2017442.90,0.00,0.00,100000.00,38599.86,1.9506,20.1744289666,-16.9462,2061731.50,-144288.60,1917442.90,0,0.0000
2022-01-27,145,5,465.56,2035714.60,2036180.16,0.00,0.00,100000.00,18737.27,0.9288,20.3618016488,-16.1748,2061731.50,-125551.33,1936180.16,0,0.0000
2022-01-28,145,5,465.56,2038374.90,2038840.46,0.00,0.00,100000.00,2660.30,0.1307,20.3884046325,-16.0653,2061731.50,-122891.03,1938840.46,0,0.0000
2022-01-31,145,5,465.56,2078375.46,2078841.02,0.00,0.00,100000.00,40000.56,1.9619,20.7884102231,-14.4186,2061731.50,-82890.47,1978841.02,0,0.0000
2022-02-01,145,5,465.56,2081143.33,2081608.89,0.00,0.00,100000.00,2767.87,0.1331,20.8160889219,-14.3046,2061731.50,-80122.60,1981608.89,0,0.0000
2022-02-02,145,5,465.56,2092450.75,2092916.31,0.00,0.00,100000.00,11307.42,0.5432,20.9291630983,-13.8391,2061731.50,-68815.19,1992916.31,0,0.0000
2022-02-03,145,5,465.56,2111190.30,2111655.86,0.00,0.00,100000.00,18739.55,0.8954,21.1165586188,-13.0676,2061731.50,-50075.64,2011655.86,0,0.0000
2022-02-04,145,5,465.56,2110578.66,2111044.22,0.00,0.00,100000.00,-611.64,-0.0290,21.1104421755,-13.0928,2061731.50,-50687.28,2011044.22,0,0.0000
2022-02-07,145,5,465.56,2067505.50,2067971.06,0.00,0.00,100000.00,-43073.16,-2.0404,20.6797106058,-14.8661,2061731.50,-93760.44,1967971.06,0,0.0000
2022-02-08,145,5,465.56,1996372.77,1996838.33,0.00,0.00,100000.00,-71132.73,-3.4397,19.9683833468,-17.7944,2061731.50,-164893.16,1896838.33,0,0.0000
2022-02-09,145,5,465.56,2040304.22,2040769.78,0.00,0.00,100000.00,43931.44,2.2001,20.4076977832,-15.9859,2061731.50,-120961.72,1940769.78,0,0.0000
2022-02-10,146,5,445.96,2059318.93,2059764.89,0.00,0.00,100000.00,18995.11,0.9308,20.5976488541,-15.2039,2061301.72,-101536.84,1959764.89,0,0.0000
2022-02-11,146,5,445.96,2007404.30,2007850.26,0.00,0.00,100000.00,-51914.63,-2.5204,20.0785025614,-17.3411,2061301.72,-153451.46,1907850.26,0,0.0000
2022-02-14,146,5,445.96,1896554.16,1897000.12,0.00,0.00,100000.00,-110850.14,-5.5208,18.9700011848,-21.9046,2061301.72,-264301.60,1797000.12,0,0.0000
2022-02-15,146,5,445.96,1967676.24,1968122.20,0.00,0.00,100000.00,71122.08,3.7492,19.6812219761,-18.9766,2061301.72,-193179.52,1868122.20,0,0.0000
2022-02-16,146,5,445.96,2001229.79,2001675.75,0.00,0.00,100000.00,33553.55,1.7049,20.0167574633,-17.5953,2061301.72,-159625.97,1901675.75,0,0.0000
2022-02-17,146,5,445.96,2013520.91,2013966.86,0.00,0.00,100000.00,12291.12,0.6140,20.1396686494,-17.0893,2061301.72,-147334.86,1913966.86,0,0.0000
2022-02-18,146,5,445.96,1970795.36,1971241.32,0.00,0.00,100000.00,-42725.55,-2.1215,19.7124131777,-18.8482,2061301.72,-190060.40,1871241.32,0,0.0000
2022-02-21,146,5,445.96,1919274.94,1919720.90,0.00,0.00,100000.00,-51520.42,-2.6136,19.1972089590,-20.9692,2061301.72,-241580.82,1819720.90,0,0.0000
2022-02-22,146,5,445.96,1887619.72,1888065.68,0.00,0.00,100000.00,-31655.21,-1.6489,18.8806568094,-22.2724,2061301.72,-273236.04,1788065.68,0,0.0000
2022-02-23,146,5,445.96,1897891.11,1898337.07,0.00,0.00,100000.00,10271.39,0.5440,18.9833707117,-21.8495,2061301.72,-262964.65,1798337.07,0,0.0000
2022-02-24,146,5,445.96,1755808.39,1756254.35,0.00,0.00,100000.00,-142082.72,-7.4846,17.5625435058,-27.6988,2061301.72,-405047.37,1656254.35,0,0.0000
2022-02-25,146,5,445.96,1836273.49,1836719.45,0.00,0.00,100000.00,80465.10,4.5816,18.3671945385,-24.3862,2061301.72,-324582.27,1736719.45,0,0.0000
2022-02-28,146,5,445.96,1855843.88,1856289.84,0.00,0.00,100000.00,19570.39,1.0655,18.5628984148,-23.5805,2061301.72,-305011.88,1756289.84,0,0.0000
2022-03-02,146,5,445.96,1873518.06,1873964.02,0.00,0.00,100000.00,17674.18,0.9521,18.7396402188,-22.8529,2061301.72,-287337.70,1773964.02,0,0.0000
2022-03-03,146,5,445.96,1890080.03,1890525.99,0.00,0.00,100000.00,16561.97,0.8838,18.9052598891,-22.1711,2061301.72,-270775.73,1790525.99,0,0.0000
2022-03-04,146,5,445.96,1859379.79,1859825.75,0.00,0.00,100000.00,-30700.24,-1.6239,18.5982574953,-23.4349,2061301.72,-301475.97,1759825.75,0,0.0000
2022-03-07,146,5,445.96,1804508.58,1804954.54,0.00,0.00,100000.00,-54871.21,-2.9503,18.0495453569,-25.6939,2061301.72,-356347.18,1704954.54,0,0.0000
2022-03-08,146,5,445.96,1842270.82,1842716.78,0.00,0.00,100000.00,37762.25,2.0921,18.4271678349,-24.1393,2061301.72,-318584.94,1742716.78,0,0.0000
2022-03-09,146,5,445.96,1899347.74,1899793.70,0.00,0.00,100000.00,57076.92,3.0974,18.9979370173,-21.7896,2061301.72,-261508.02,1799793.70,0,0.0000
2022-03-10,146,5,445.96,2002565.39,2003011.35,0.00,0.00,100000.00,103217.64,5.4331,20.0301134595,-17.5403,2061301.72,-158290.37,1903011.35,0,0.0000
2022-03-11,147,5,1610.59,2002505.47,2004116.06,0.00,0.00,100000.00,1104.71,0.0552,20.0411605938,-17.4948,1935315.59,-31199.53,1904116.06,0,0.0000
2022-03-14,147,5,1610.59,2019291.33,2020901.92,0.00,0.00,100000.00,16785.86,0.8376,20.2090191978,-16.8038,1935315.59,-14413.67,1920901.92,0,0.0000
2022-03-15,147,5,1610.59,1988434.44,1990045.03,0.00,0.00,100000.00,-30856.89,-1.5269,19.9004503155,-18.0741,1935315.59,-45270.56,1890045.03,0,0.0000
2022-03-16,147,5,1610.59,2016156.98,2017767.57,0.00,0.00,100000.00,27722.54,1.3931,20.1776757369,-16.9328,1935315.59,-17548.02,1917767.57,0,0.0000
2022-03-17,147,5,1610.59,2006438.15,2008048.74,0.00,0.00,100000.00,-9718.83,-0.4817,20.0804874389,-17.3329,1935315.59,-27266.85,1908048.74,0,0.0000
2022-03-21,147,5,1610.59,2027799.63,2029410.22,0.00,0.00,100000.00,21361.48,1.0638,20.2941022370,-16.4535,1935315.59,-5905.37,1929410.22,0,0.0000
2022-03-22,147,5,1610.59,2044054.44,2045665.03,0.00,0.00,100000.00,16254.81,0.8010,20.4566503158,-15.7843,1935315.59,10349.44,1945665.03,0,0.0000
2022-03-23,147,5,1610.59,2047840.04,2049450.63,0.00,0.00,100000.00,3785.60,0.1851,20.4945062676,-15.6285,1935315.59,14135.03,1949450.63,0,0.0000
2022-03-24,147,5,1610.59,2057075.35,2058685.94,0.00,0.00,100000.00,9235.31,0.4506,20.5868594058,-15.2483,1935315.59,23370.35,1958685.94,0,0.0000
2022-03-25,147,5,1610.59,2012331.51,2013942.10,0.00,0.00,100000.00,-44743.85,-2.1734,20.1394209524,-17.0903,1935315.59,-21373.50,1913942.10,0,0.0000
2022-03-28,147,5,1610.59,2027631.98,2029242.57,0.00,0.00,100000.00,15300.48,0.7597,20.2924257312,-16.4604,1935315.59,-6073.02,1929242.57,0,0.0000
2022-03-29,147,5,1610.59,2010767.76,2012378.35,0.00,0.00,100000.00,-16864.23,-0.8311,20.1237834562,-17.1547,1935315.59,-22937.25,1912378.35,0,0.0000
2022-03-30,147,5,1610.59,2005421.38,2007031.97,0.00,0.00,100000.00,-5346.38,-0.2657,20.0703196857,-17.3748,1935315.59,-28283.63,1907031.97,0,0.0000
2022-03-31,147,5,1610.59,2033946.94,2035557.53,0.00,0.00,100000.00,28525.56,1.4213,20.3555753324,-16.2004,1935315.59,241.94,1935557.53,0,0.0000
2022-04-01,147,5,1610.59,2042248.36,2043858.95,0.00,0.00,100000.00,8301.42,0.4078,20.4385894898,-15.8587,1935315.59,8543.36,1943858.95,0,0.0000
2022-04-04,147,5,1610.59,2056531.70,2058142.29,0.00,0.00,100000.00,14283.34,0.6988,20.5814228753,-15.2707,1935315.59,22826.69,1958142.29,0,0.0000
2022-04-05,147,5,1610.59,2055950.03,2057560.62,0.00,0.00,100000.00,-581.67,-0.0283,20.5756061503,-15.2946,1935315.59,22245.02,1957560.62,0,0.0000
2022-04-06,147,5,1610.59,2071065.15,2072675.74,0.00,0.00,100000.00,15115.13,0.7346,20.7267574331,-14.6724,1935315.59,37360.15,1972675.74,0,0.0000
2022-04-07,147,5,1610.59,2013801.34,2015411.93,0.00,0.00,100000.00,-57263.82,-2.7628,20.1541192510,-17.0298,1935315.59,-19903.67,1915411.93,0,0.0000
2022-04-08,147,5,1610.59,2050537.36,2052147.95,0.00,0.00,100000.00,36736.02,1.8228,20.5214794628,-15.5175,1935315.59,16832.35,1952147.95,0,0.0000
2022-04-11,148,5,6131.40,2100547.95,2106679.35,0.00,0.00,100000.00,54531.40,2.6573,21.0667934919,-13.2725,1891112.94,115566.41,2006679.35,0,0.0000
2022-04-12,148,5,6131.40,2050714.75,2056846.15,0.00,0.00,100000.00,-49833.20,-2.3655,20.5684615039,-15.3240,1891112.94,65733.21,1956846.15,0,0.0000
2022-04-13,148,5,6131.40,2031112.18,2037243.58,0.00,0.00,100000.00,-19602.57,-0.9530,20.3724357624,-16.1310,1891112.94,46130.64,1937243.58,0,0.0000
2022-04-18,148,5,6131.40,2062886.36,2069017.76,0.00,0.00,100000.00,31774.18,1.5597,20.6901776074,-14.8230,1891112.94,77904.82,1969017.76,0,0.0000
2022-04-19,148,5,6131.40,2012638.54,2018769.94,0.00,0.00,100000.00,-50247.82,-2.4286,20.1876993605,-16.8916,1891112.94,27657.00,1918769.94,0,0.0000
2022-04-20,148,5,6131.40,2004117.91,2010249.30,0.00,0.00,100000.00,-8520.63,-0.4221,20.1024930392,-17.2423,1891112.94,19136.36,1910249.30,0,0.0000
2022-04-21,148,5,6131.40,1994193.24,2000324.64,0.00,0.00,100000.00,-9924.67,-0.4937,20.0032463832,-17.6509,1891112.94,9211.70,1900324.64,0,0.0000
2022-04-22,148,5,6131.40,2021300.40,2027431.80,0.00,0.00,100000.00,27107.16,1.3551,20.2743180172,-16.5350,1891112.94,36318.86,1927431.80,0,0.0000
2022-04-25,148,5,6131.40,1957255.86,1963387.26,0.00,0.00,100000.00,-64044.54,-3.1589,19.6338725687,-19.1715,1891112.94,-27725.68,1863387.26,0,0.0000
2022-04-26,148,5,6131.40,1990761.77,1996893.17,0.00,0.00,100000.00,33505.91,1.7065,19.9689316968,-17.7922,1891112.94,5780.23,1896893.17,0,0.0000
2022-04-27,148,5,6131.40,1973028.48,1979159.88,0.00,0.00,100000.00,-17733.29,-0.8880,19.7915987871,-18.5222,1891112.94,-11953.06,1879159.88,0,0.0000
2022-04-28,148,5,6131.40,1987403.16,1993534.56,0.00,0.00,100000.00,14374.68,0.7263,19.9353455889,-17.9304,1891112.94,2421.62,1893534.56,0,0.0000
2022-04-29,148,5,6131.40,1982053.32,1988184.72,0.00,0.00,100000.00,-5349.84,-0.2684,19.8818472048,-18.1507,1891112.94,-2928.22,1888184.72,0,0.0000
2022-05-02,148,5,6131.40,1960915.96,1967047.36,0.00,0.00,100000.00,-21137.36,-1.0631,19.6704735831,-19.0209,1891112.94,-24065.58,1867047.36,0,0.0000
2022-05-04,148,5,6131.40,1913716.40,1919847.79,0.00,0.00,100000.00,-47199.56,-2.3995,19.1984779399,-20.9640,1891112.94,-71265.15,1819847.79,0,0.0000
2022-05-05,148,5,6131.40,1933631.10,1939762.50,0.00,0.00,100000.00,19914.71,1.0373,19.3976250309,-20.1441,1891112.94,-51350.44,1839762.50,0,0.0000
2022-05-06,148,5,6131.40,1882448.05,1888579.45,0.00,0.00,100000.00,-51183.05,-2.6386,18.8857945006,-22.2512,1891112.94,-102533.49,1788579.45,0,0.0000
2022-05-09,148,5,6131.40,1809180.66,1815312.06,0.00,0.00,100000.00,-73267.39,-3.8795,18.1531205569,-25.2675,1891112.94,-175800.88,1715312.06,0,0.0000
2022-05-10,148,5,6131.40,1747911.56,1754042.96,0.00,0.00,100000.00,-61269.10,-3.3751,17.5404295567,-27.7898,1891112.94,-237069.98,1654042.96,0,0.0000
2022-05-11,148,5,6131.40,1742452.03,1748583.43,0.00,0.00,100000.00,-5459.53,-0.3113,17.4858342974,-28.0146,1891112.94,-242529.51,1648583.43,0,0.0000
2022-05-12,149,5,3182.76,1708538.45,1711721.21,0.00,0.00,100000.00,-36862.22,-2.1081,17.1172121280,-29.5321,1702924.87,-91203.66,1611721.21,0,0.0000
2022-05-13,149,5,3182.76,1739823.13,1743005.89,0.00,0.00,100000.00,31284.68,1.8277,17.4300589154,-28.2442,1702924.87,-59918.98,1643005.89,0,0.0000
2022-05-16,149,5,3182.76,1777164.52,1780347.28,0.00,0.00,100000.00,37341.39,2.1424,17.8034727726,-26.7069,1702924.87,-22577.59,1680347.28,0,0.0000
2022-05-17,149,5,3182.76,1827122.19,1830304.95,0.00,0.00,100000.00,49957.67,2.8061,18.3030494950,-24.6503,1702924.87,27380.08,1730304.95,0,0.0000
2022-05-18,149,5,3182.76,1812013.80,1815196.56,0.00,0.00,100000.00,-15108.39,-0.8255,18.1519656147,-25.2722,1702924.87,12271.69,1715196.56,0,0.0000
2022-05-19,149,5,3182.76,1781317.63,1784500.39,0.00,0.00,100000.00,-30696.17,-1.6911,17.8450038962,-26.5359,1702924.87,-18424.48,1684500.39,0,0.0000
2022-05-20,149,5,3182.76,1838272.58,1841455.34,0.00,0.00,100000.00,56954.95,3.1916,18.4145533808,-24.1912,1702924.87,38530.47,1741455.34,0,0.0000
2022-05-23,149,5,3182.76,1838892.77,1842075.53,0.00,0.00,100000.00,620.19,0.0337,18.4207553299,-24.1657,1702924.87,39150.66,1742075.53,0,0.0000
2022-05-24,149,5,3182.76,1802300.49,1805483.24,0.00,0.00,100000.00,-36592.29,-1.9865,18.0548324369,-25.6721,1702924.87,2558.37,1705483.24,0,0.0000
2022-05-25,149,5,3182.76,1762163.30,1765346.06,0.00,0.00,100000.00,-40137.18,-2.2231,17.6534606031,-27.3245,1702924.87,-37578.81,1665346.06,0,0.0000
2022-05-26,149,5,3182.76,1814043.91,1817226.67,0.00,0.00,100000.00,51880.61,2.9388,18.1722666697,-25.1887,1702924.87,14301.80,1717226.67,0,0.0000
2022-05-27,149,5,3182.76,1818574.63,1821757.39,0.00,0.00,100000.00,4530.72,0.2493,18.2175739112,-25.0021,1702924.87,18832.52,1721757.39,0,0.0000
2022-05-30,149,5,3182.76,1851190.76,1854373.52,0.00,0.00,100000.00,32616.13,1.7904,18.5437351996,-23.6594,1702924.87,51448.65,1754373.52,0,0.0000
2022-05-31,149,5,3182.76,1843055.87,1846238.63,0.00,0.00,100000.00,-8134.89,-0.4387,18.4623862659,-23.9943,1702924.87,43313.76,1746238.63,0,0.0000
2022-06-01,149,5,3182.76,1857351.71,1860534.47,0.00,0.00,100000.00,14295.85,0.7743,18.6053447336,-23.4058,1702924.87,57609.60,1760534.47,0,0.0000
2022-06-02,149,5,3182.76,1900639.79,1903822.54,0.00,0.00,100000.00,43288.07,2.3266,19.0382254444,-21.6237,1702924.87,100897.67,1803822.54,0,0.0000
2022-06-03,149,5,3182.76,1853093.95,1856276.71,0.00,0.00,100000.00,-47545.84,-2.4974,18.5627670502,-23.5811,1702924.87,53351.83,1756276.71,0,0.0000
2022-06-06,149,5,3182.76,1869720.49,1872903.25,0.00,0.00,100000.00,16626.55,0.8957,18.7290325324,-22.8966,1702924.87,69978.38,1772903.25,0,0.0000
2022-06-07,149,5,3182.76,1894197.28,1897380.04,0.00,0.00,100000.00,24476.79,1.3069,18.9738004132,-21.8889,1702924.87,94455.17,1797380.04,0,0.0000
2022-06-08,149,5,3182.76,1868167.95,1871350.71,0.00,0.00,100000.00,-26029.34,-1.3719,18.7135070554,-22.9605,1702924.87,68425.83,1771350.71,0,0.0000
2022-06-09,150,5,8424.26,1890963.09,1899387.35,0.00,0.00,100000.00,28036.64,1.4982,18.9938734844,-21.8063,1720676.36,78710.99,1799387.35,0,0.0000
2022-06-10,150,5,8424.26,1870623.40,1879047.66,0.00,0.00,100000.00,-20339.68,-1.0709,18.7904766385,-22.6436,1720676.36,58371.30,1779047.66,0,0.0000
2022-06-13,150,5,8424.26,1813784.30,1822208.56,0.00,0.00,100000.00,-56839.10,-3.0249,18.2220856125,-24.9836,1720676.36,1532.20,1722208.56,0,0.0000
2022-06-14,150,5,8424.26,1831220.37,1839644.63,0.00,0.00,100000.00,17436.07,0.9569,18.3964463383,-24.2658,1720676.36,18968.27,1739644.63,0,0.0000
2022-06-15,150,5,8424.26,1826538.07,1834962.33,0.00,0.00,100000.00,-4682.31,-0.2545,18.3496232697,-24.4585,1720676.36,14285.97,1734962.33,0,0.0000
2022-06-16,150,5,8424.26,1792124.87,1800549.13,0.00,0.00,100000.00,-34413.19,-1.8754,18.0054913344,-25.8752,1720676.36,-20127.23,1700549.13,0,0.0000
2022-06-17,150,5,8424.26,1766148.18,1774572.44,0.00,0.00,100000.00,-25976.70,-1.4427,17.7457243722,-26.9446,1720676.36,-46103.92,1674572.44,0,0.0000
2022-06-20,150,5,8424.26,1673245.76,1681670.02,0.00,0.00,100000.00,-92902.41,-5.2352,16.8167002425,-30.7692,1720676.36,-139006.34,1581670.02,0,0.0000
2022-06-21,150,5,8424.26,1780360.97,1788785.23,0.00,0.00,100000.00,107115.21,6.3696,17.8878523452,-26.3595,1720676.36,-31891.13,1688785.23,0,0.0000
2022-06-22,150,5,8424.26,1735205.25,1743629.52,0.00,0.00,100000.00,-45155.72,-2.5244,17.4362951522,-28.2185,1720676.36,-77046.85,1643629.52,0,0.0000
2022-06-23,150,5,8424.26,1752249.27,1760673.53,0.00,0.00,100000.00,17044.01,0.9775,17.6067352718,-27.5168,1720676.36,-60002.83,1660673.53,0,0.0000
2022-06-24,150,5,8424.26,1764056.05,1772480.31,0.00,0.00,100000.00,11806.78,0.6706,17.7248031063,-27.0308,1720676.36,-48196.05,1672480.31,0,0.0000
2022-06-27,150,5,8424.26,1780922.69,1789346.95,0.00,0.00,100000.00,16866.64,0.9516,17.8934694959,-26.3364,1720676.36,-31329.41,1689346.95,0,0.0000
2022-06-28,150,5,8424.26,1801614.36,1810038.62,0.00,0.00,100000.00,20691.67,1.1564,18.1003862093,-25.4846,1720676.36,-10637.74,1710038.62,0,0.0000
2022-06-29,150,5,8424.26,1797997.45,1806421.71,0.00,0.00,100000.00,-3616.91,-0.1998,18.0642170870,-25.6335,1720676.36,-14254.65,1706421.71,0,0.0000
2022-06-30,150,5,8424.26,1789610.47,1798034.73,0.00,0.00,100000.00,-8386.97,-0.4643,17.9803473476,-25.9788,1720676.36,-22641.63,1698034.73,0,0.0000
2022-07-01,150,5,8424.26,1803854.76,1812279.02,0.00,0.00,100000.00,14244.29,0.7922,18.1227902437,-25.3923,1720676.36,-8397.34,1712279.02,0,0.0000
2022-07-04,150,5,8424.26,1821944.59,1830368.85,0.00,0.00,100000.00,18089.82,0.9982,18.3036884791,-24.6476,1720676.36,9692.49,1730368.85,0,0.0000
2022-07-05,150,5,8424.26,1808449.49,1816873.75,0.00,0.00,100000.00,-13495.10,-0.7373,18.1687374973,-25.2032,1720676.36,-3802.61,1716873.75,0,0.0000
2022-07-06,150,5,8424.26,1837344.01,1845768.27,0.00,0.00,100000.00,28894.52,1.5903,18.4576827442,-24.0137,1720676.36,25091.91,1745768.27,0,0.0000
2022-07-07,151,5,2928.42,1856469.54,1859397.96,0.00,0.00,100000.00,13629.68,0.7384,18.5939795839,-23.4526,1706155.14,53242.82,1759397.96,0,0.0000
2022-07-08,151,5,2928.42,1880722.72,1883651.14,0.00,0.00,100000.00,24253.18,1.3044,18.8365114004,-22.4541,1706155.14,77496.00,1783651.14,0,0.0000
2022-07-11,151,5,2928.42,1927768.11,1930696.53,0.00,0.00,100000.00,47045.39,2.4976,19.3069652835,-20.5173,1706155.14,124541.39,1830696.53,0,0.0000
2022-07-12,151,5,2928.42,1924672.00,1927600.42,0.00,0.00,100000.00,-3096.11,-0.1604,19.2760042003,-20.6448,1706155.14,121445.28,1827600.42,0,0.0000
2022-07-13,151,5,2928.42,1899988.59,1902917.01,0.00,0.00,100000.00,-24683.41,-1.2805,19.0291701100,-21.6610,1706155.14,96761.87,1802917.01,0,0.0000
2022-07-14,151,5,2928.42,1921814.99,1924743.41,0.00,0.00,100000.00,21826.40,1.1470,19.2474341270,-20.7624,1706155.14,118588.27,1824743.41,0,0.0000
2022-07-15,151,5,2928.42,1944527.34,1947455.76,0.00,0.00,100000.00,22712.34,1.1800,19.4745575686,-19.8274,1706155.14,141300.61,1847455.76,0,0.0000
2022-07-18,151,5,2928.42,1960510.44,1963438.86,0.00,0.00,100000.00,15983.10,0.8207,19.6343886132,-19.1694,1706155.14,157283.72,1863438.86,0,0.0000
2022-07-19,151,5,2928.42,1975691.84,1978620.26,0.00,0.00,100000.00,15181.40,0.7732,19.7862025847,-18.5444,1706155.14,172465.12,1878620.26,0,0.0000
2022-07-20,151,5,2928.42,1966427.21,1969355.63,0.00,0.00,100000.00,-9264.63,-0.4682,19.6935562950,-18.9258,1706155.14,163200.49,1869355.63,0,0.0000
2022-07-21,151,5,2928.42,1999904.89,2002833.31,0.00,0.00,100000.00,33477.68,1.6999,20.0283330560,-17.5476,1706155.14,196678.16,1902833.31,0,0.0000
2022-07-22,151,5,2928.42,1996951.48,1999879.89,0.00,0.00,100000.00,-2953.41,-0.1475,19.9987989325,-17.6692,1706155.14,193724.75,1899879.89,0,0.0000
2022-07-25,151,5,2928.42,1990484.89,1993413.31,0.00,0.00,100000.00,-6466.58,-0.3233,19.9341331118,-17.9354,1706155.14,187258.17,1893413.31,0,0.0000
2022-07-26,151,5,2928.42,1986808.53,1989736.95,0.00,0.00,100000.00,-3676.36,-0.1844,19.8973694722,-18.0868,1706155.14,183581.80,1889736.95,0,0.0000
2022-07-27,151,5,2928.42,2012927.22,2015855.64,0.00,0.00,100000.00,26118.69,1.3127,20.1585563653,-17.0115,1706155.14,209700.49,1915855.64,0,0.0000
2022-07-28,151,5,2928.42,2049944.78,2052873.20,0.00,0.00,100000.00,37017.56,1.8363,20.5287319860,-15.4876,1706155.14,246718.06,1952873.20,0,0.0000
2022-07-29,151,5,2928.42,2091335.37,2094263.78,0.00,0.00,100000.00,41390.59,2.0162,20.9426378442,-13.7836,1706155.14,288108.64,1994263.78,0,0.0000
2022-08-01,151,5,2928.42,2154886.88,2157815.30,0.00,0.00,100000.00,63551.51,3.0346,21.5781529506,-11.1674,1706155.14,351660.15,2057815.30,0,0.0000
2022-08-02,151,5,2928.42,2183748.07,2186676.48,0.00,0.00,100000.00,28861.19,1.3375,21.8667648355,-9.9792,1706155.14,380521.34,2086676.48,0,0.0000
2022-08-03,151,5,2928.42,2193222.29,2196150.71,0.00,0.00,100000.00,9474.22,0.4333,21.9615070663,-9.5892,1706155.14,389995.56,2096150.71,0,0.0000
2022-08-04,152,5,4238.41,2203741.37,2207979.78,0.00,0.00,100000.00,11829.07,0.5386,22.0797977983,-9.1022,1772348.95,335630.83,2107979.78,0,0.0000
2022-08-05,152,5,4238.41,2168949.75,2173188.16,0.00,0.00,100000.00,-34791.62,-1.5757,21.7318815580,-10.5345,1772348.95,300839.21,2073188.16,0,0.0000
2022-08-08,152,5,4238.41,2248151.88,2252390.29,0.00,0.00,100000.00,79202.13,3.6445,22.5239028657,-7.2739,1772348.95,380041.34,2152390.29,0,0.0000
2022-08-10,152,5,4238.41,2236194.04,2240432.45,0.00,0.00,100000.00,-11957.84,-0.5309,22.4043244609,-7.7662,1772348.95,368083.50,2140432.45,0,0.0000
2022-08-11,152,5,4238.41,2255146.94,2259385.34,0.00,0.00,100000.00,18952.90,0.8459,22.5938534428,-6.9859,1772348.95,387036.40,2159385.34,0,0.0000
2022-08-12,152,5,4238.41,2214214.32,2218452.72,0.00,0.00,100000.00,-40932.62,-1.8117,22.1845272429,-8.6710,1772348.95,346103.78,2118452.72,0,0.0000
2022-08-16,152,5,4238.41,2264746.57,2268984.98,0.00,0.00,100000.00,50532.26,2.2778,22.6898498231,-6.5907,1772348.95,396636.03,2168984.98,0,0.0000
2022-08-17,152,5,4238.41,2263413.61,2267652.02,0.00,0.00,100000.00,-1332.96,-0.0587,22.6765201826,-6.6456,1772348.95,395303.07,2167652.02,0,0.0000
2022-08-18,152,5,4238.41,2277801.67,2282040.08,0.00,0.00,100000.00,14388.06,0.6345,22.8204008311,-6.0533,1772348.95,409691.13,2182040.08,0,0.0000
2022-08-19,152,5,4238.41,2243727.35,2247965.76,0.00,0.00,100000.00,-34074.32,-1.4932,22.4796576060,-7.4561,1772348.95,375616.81,2147965.76,0,0.0000
2022-08-22,152,5,4238.41,2206858.62,2211097.03,0.00,0.00,100000.00,-36868.73,-1.6401,22.1109703224,-8.9739,1772348.95,338748.08,2111097.03,0,0.0000
2022-08-23,152,5,4238.41,2235111.50,2239349.91,0.00,0.00,100000.00,28252.87,1.2778,22.3934990629,-7.8107,1772348.95,367000.96,2139349.91,0,0.0000
2022-08-24,152,5,4238.41,2242551.37,2246789.78,0.00,0.00,100000.00,7439.87,0.3322,22.4678977553,-7.5045,1772348.95,374440.83,2146789.78,0,0.0000
2022-08-25,152,5,4238.41,2219589.84,2223828.25,0.00,0.00,100000.00,-22961.53,-1.0220,22.2382825020,-8.4497,1772348.95,351479.30,2123828.25,0,0.0000
2022-08-26,152,5,4238.41,2257195.16,2261433.57,0.00,0.00,100000.00,37605.32,1.6910,22.6143356654,-6.9016,1772348.95,389084.62,2161433.57,0,0.0000
2022-08-29,152,5,4238.41,2241403.86,2245642.27,0.00,0.00,100000.00,-15791.29,-0.6983,22.4564227330,-7.5517,1772348.95,373293.32,2145642.27,0,0.0000
2022-08-30,152,5,4238.41,2287480.24,2291718.65,0.00,0.00,100000.00,46076.38,2.0518,22.9171865278,-5.6548,1772348.95,419369.70,2191718.65,0,0.0000
2022-09-01,152,5,4238.41,2295475.60,2299714.00,0.00,0.00,100000.00,7995.35,0.3489,22.9971400416,-5.3257,1772348.95,427365.06,2199714.00,0,0.0000
2022-09-02,152,5,4238.41,2313726.13,2317964.54,0.00,0.00,100000.00,18250.54,0.7936,23.1796454225,-4.5744,1772348.95,445615.59,2217964.54,0,0.0000
2022-09-05,152,5,4238.41,2288997.25,2293235.66,0.00,0.00,100000.00,-24728.89,-1.0668,22.9323565562,-5.5924,1772348.95,420886.71,2193235.66,0,0.0000
2022-09-06,153,5,2779.23,2307730.97,2310510.20,0.00,0.00,100000.00,17274.54,0.7533,23.1051020013,-4.8812,1819984.95,390525.25,2210510.20,0,0.0000
2022-09-07,153,5,2779.23,2316028.33,2318807.56,0.00,0.00,100000.00,8297.36,0.3591,23.1880756055,-4.5396,1819984.95,398822.61,2218807.56,0,0.0000
2022-09-08,153,5,2779.23,2324547.44,2327326.68,0.00,0.00,100000.00,8519.12,0.3674,23.2732667581,-4.1889,1819984.95,407341.73,2227326.68,0,0.0000
2022-09-09,153,5,2779.23,2313175.56,2315954.79,0.00,0.00,100000.00,-11371.88,-0.4886,23.1595479436,-4.6571,1819984.95,395969.85,2215954.79,0,0.0000
2022-09-12,153,5,2779.23,2323550.90,2326330.13,0.00,0.00,100000.00,10375.34,0.4480,23.2633013251,-4.2300,1819984.95,406345.18,2226330.13,0,0.0000
2022-09-13,153,5,2779.23,2340112.56,2342891.79,0.00,0.00,100000.00,16561.66,0.7119,23.4289179472,-3.5482,1819984.95,422906.85,2242891.79,0,0.0000
2022-09-14,153,5,2779.23,2382749.31,2385528.54,0.00,0.00,100000.00,42636.75,1.8198,23.8552854022,-1.7929,1819984.95,465543.59,2285528.54,0,0.0000
2022-09-15,153,5,2779.23,2438555.27,2441334.50,0.00,0.00,100000.00,55805.96,2.3394,24.4133449869,0.0000,1819984.95,521349.55,2341334.50,0,0.0000
2022-09-16,153,5,2779.23,2388826.56,2391605.79,0.00,0.00,100000.00,-49728.71,-2.0369,23.9160578903,-2.0369,1819984.95,471620.84,2291605.79,0,0.0000
2022-09-19,153,5,2779.23,2441309.18,2444088.42,0.00,0.00,100000.00,52482.63,2.1945,24.4408841687,0.0000,1819984.95,524103.47,2344088.42,0,0.0000
2022-09-20,153,5,2779.23,2454783.52,2457562.75,0.00,0.00,100000.00,13474.33,0.5513,24.5756275127,0.0000,1819984.95,537577.80,2357562.75,0,0.0000
2022-09-21,153,5,2779.23,2390409.30,2393188.53,0.00,0.00,100000.00,-64374.22,-2.6194,23.9318853363,-2.6194,1819984.95,473203.58,2293188.53,0,0.0000
2022-09-22,153,5,2779.23,2417559.14,2420338.37,0.00,0.00,100000.00,27149.84,1.1345,24.2033837349,-1.5147,1819984.95,500353.42,2320338.37,0,0.0000
2022-09-23,153,5,2779.23,2370190.63,2372969.86,0.00,0.00,100000.00,-47368.51,-1.9571,23.7296986055,-3.4421,1819984.95,452984.91,2272969.86,0,0.0000
2022-09-26,153,5,2779.23,2276393.35,2279172.58,0.00,0.00,100000.00,-93797.28,-3.9527,22.7917258427,-7.2588,1819984.95,359187.64,2179172.58,0,0.0000
2022-09-27,153,5,2779.23,2310870.98,2313650.21,0.00,0.00,100000.00,34477.63,1.5127,23.1365021297,-5.8559,1819984.95,393665.26,2213650.21,0,0.0000
2022-09-28,153,5,2779.23,2307687.28,2310466.51,0.00,0.00,100000.00,-3183.70,-0.1376,23.1046651241,-5.9855,1819984.95,390481.56,2210466.51,0,0.0000
2022-09-29,153,5,2779.23,2292636.95,2295416.18,0.00,0.00,100000.00,-15050.33,-0.6514,22.9541618253,-6.5979,1819984.95,375431.23,2195416.18,0,0.0000
2022-09-30,153,5,2779.23,2305778.56,2308557.80,0.00,0.00,100000.00,13141.61,0.5725,23.0855779631,-6.0631,1819984.95,388572.85,2208557.80,0,0.0000
2022-10-03,153,5,2779.23,2206185.60,2208964.84,0.00,0.00,100000.00,-99592.96,-4.3141,22.0896483826,-10.1156,1819984.95,288979.89,2108964.84,0,0.0000
2022-10-04,154,5,2950.87,2280409.44,2283360.31,0.00,0.00,100000.00,74395.48,3.3679,22.8336031459,-7.0884,1936881.59,246478.72,2183360.31,0,0.0000
2022-10-06,154,5,2950.87,2319477.59,2322428.46,0.00,0.00,100000.00,39068.15,1.7110,23.2242846365,-5.4987,1936881.59,285546.87,2222428.46,0,0.0000
2022-10-07,154,5,2950.87,2342425.52,2345376.39,0.00,0.00,100000.00,22947.93,0.9881,23.4537639421,-4.5649,1936881.59,308494.80,2245376.39,0,0.0000
2022-10-10,154,5,2950.87,2326257.18,2329208.05,0.00,0.00,100000.00,-16168.35,-0.6894,23.2920804614,-5.2228,1936881.59,292326.45,2229208.05,0,0.0000
2022-10-11,154,5,2950.87,2270374.63,2273325.50,0.00,0.00,100000.00,-55882.54,-2.3992,22.7332550307,-7.4967,1936881.59,236443.91,2173325.50,0,0.0000
2022-10-12,154,5,2950.87,2267682.83,2270633.70,0.00,0.00,100000.00,-2691.81,-0.1184,22.7063369630,-7.6063,1936881.59,233752.10,2170633.70,0,0.0000
2022-10-13,154,5,2950.87,2300294.23,2303245.10,0.00,0.00,100000.00,32611.40,1.4362,23.0324509903,-6.2793,1936881.59,266363.51,2203245.10,0,0.0000
2022-10-14,154,5,2950.87,2304455.22,2307406.09,0.00,0.00,100000.00,4160.99,0.1807,23.0740608891,-6.1100,1936881.59,270524.50,2207406.09,0,0.0000
2022-10-17,154,5,2950.87,2314692.85,2317643.72,0.00,0.00,100000.00,10237.63,0.4437,23.1764371878,-5.6934,1936881.59,280762.13,2217643.72,0,0.0000
2022-10-18,154,5,2950.87,2345270.01,2348220.88,0.00,0.00,100000.00,30577.16,1.3193,23.4822088266,-4.4492,1936881.59,311339.29,2248220.88,0,0.0000
2022-10-19,154,5,2950.87,2351592.88,2354543.75,0.00,0.00,100000.00,6322.86,0.2693,23.5454374599,-4.1919,1936881.59,317662.15,2254543.75,0,0.0000
2022-10-20,154,5,2950.87,2352745.22,2355696.09,0.00,0.00,100000.00,1152.35,0.0489,23.5569609424,-4.1450,1936881.59,318814.50,2255696.09,0,0.0000
2022-10-21,154,5,2950.87,2294803.43,2297754.31,0.00,0.00,100000.00,-57941.79,-2.4596,22.9775430516,-6.5027,1936881.59,260872.71,2197754.31,0,0.0000
2022-10-24,154,5,2950.87,2325142.80,2328093.67,0.00,0.00,100000.00,30339.36,1.3204,23.2809366937,-5.2682,1936881.59,291212.08,2228093.67,0,0.0000
2022-10-25,154,5,2950.87,2354000.04,2356950.91,0.00,0.00,100000.00,28857.24,1.2395,23.5695090935,-4.0940,1936881.59,320069.32,2256950.91,0,0.0000
2022-10-27,154,5,2950.87,2365747.60,2368698.47,0.00,0.00,100000.00,11747.56,0.4984,23.6869846677,-3.6160,1936881.59,331816.87,2268698.47,0,0.0000
2022-10-28,154,5,2950.87,2337498.31,2340449.18,0.00,0.00,100000.00,-28249.28,-1.1926,23.4044918486,-4.7654,1936881.59,303567.59,2240449.18,0,0.0000
2022-10-31,154,5,2950.87,2343779.08,2346729.95,0.00,0.00,100000.00,6280.77,0.2684,23.4672995201,-4.5099,1936881.59,309848.36,2246729.95,0,0.0000
2022-11-01,154,5,2950.87,2398936.02,2401886.89,0.00,0.00,100000.00,55156.94,2.3504,24.0188688985,-2.2655,1936881.59,365005.30,2301886.89,0,0.0000
2022-11-02,154,5,2950.87,2431890.42,2434841.29,0.00,0.00,100000.00,32954.40,1.3720,24.3484129448,-0.9246,1936881.59,397959.70,2334841.29,0,0.0000
2022-11-03,155,5,5491.21,2456282.08,2461773.29,0.00,0.00,100000.00,26931.99,1.1061,24.6177328858,0.0000,1943438.89,418334.40,2361773.29,0,0.0000
2022-11-04,155,5,5491.21,2518452.30,2523943.51,0.00,0.00,100000.00,62170.22,2.5254,25.2394351326,0.0000,1943438.89,480504.63,2423943.51,0,0.0000
2022-11-07,155,5,5491.21,2535388.23,2540879.44,0.00,0.00,100000.00,16935.93,0.6710,25.4087944270,0.0000,1943438.89,497440.55,2440879.44,0,0.0000
2022-11-09,155,5,5491.21,2509889.76,2515380.97,0.00,0.00,100000.00,-25498.48,-1.0035,25.1538096644,-1.0035,1943438.89,471942.08,2415380.97,0,0.0000
2022-11-10,155,5,5491.21,2467479.34,2472970.55,0.00,0.00,100000.00,-42410.42,-1.6860,24.7297055105,-2.6727,1943438.89,429531.66,2372970.55,0,0.0000
2022-11-11,155,5,5491.21,2516264.09,2521755.30,0.00,0.00,100000.00,48784.74,1.9727,25.2175529506,-0.7527,1943438.89,478316.41,2421755.30,0,0.0000
2022-11-14,155,5,5491.21,2529097.96,2534589.17,0.00,0.00,100000.00,12833.87,0.5089,25.3458916697,-0.2476,1943438.89,491150.28,2434589.17,0,0.0000
2022-11-15,155,5,5491.21,2546503.32,2551994.52,0.00,0.00,100000.00,17405.36,0.6867,25.5199452496,0.0000,1943438.89,508555.64,2451994.52,0,0.0000
2022-11-16,155,5,5491.21,2523262.99,2528754.20,0.00,0.00,100000.00,-23240.33,-0.9107,25.2875419687,-0.9107,1943438.89,485315.31,2428754.20,0,0.0000
2022-11-17,155,5,5491.21,2518007.22,2523498.42,0.00,0.00,100000.00,-5255.77,-0.2078,25.2349842427,-1.1166,1943438.89,480059.54,2423498.42,0,0.0000
2022-11-18,155,5,5491.21,2495825.89,2501317.10,0.00,0.00,100000.00,-22181.33,-0.8790,25.0131709665,-1.9858,1943438.89,457878.21,2401317.10,0,0.0000
2022-11-21,155,5,5491.21,2451712.44,2457203.65,0.00,0.00,100000.00,-44113.45,-1.7636,24.5720364920,-3.7144,1943438.89,413764.76,2357203.65,0,0.0000
2022-11-22,155,5,5491.21,2472926.08,2478417.29,0.00,0.00,100000.00,21213.64,0.8633,24.7841729280,-2.8831,1943438.89,434978.41,2378417.29,0,0.0000
2022-11-23,155,5,5491.21,2489430.31,2494921.52,0.00,0.00,100000.00,16504.23,0.6659,24.9492152142,-2.2364,1943438.89,451482.63,2394921.52,0,0.0000
2022-11-24,155,5,5491.21,2493072.95,2498564.16,0.00,0.00,100000.00,3642.64,0.1460,24.9856416252,-2.0937,1943438.89,455125.27,2398564.16,0,0.0000
2022-11-25,155,5,5491.21,2489594.80,2495086.01,0.00,0.00,100000.00,-3478.15,-0.1392,24.9508600771,-2.2300,1943438.89,451647.12,2395086.01,0,0.0000
2022-11-28,155,5,5491.21,2542959.74,2548450.95,0.00,0.00,100000.00,53364.94,2.1388,25.4845095157,-0.1389,1943438.89,505012.06,2448450.95,0,0.0000
2022-11-29,155,5,5491.21,2517611.51,2523102.72,0.00,0.00,100000.00,-25348.23,-0.9947,25.2310271766,-1.1321,1943438.89,479663.83,2423102.72,0,0.0000
2022-11-30,155,5,5491.21,2588483.62,2593974.83,0.00,0.00,100000.00,70872.12,2.8089,25.9397483343,0.0000,1943438.89,550535.95,2493974.83,0,0.0000
2022-12-01,155,5,5491.21,2600585.12,2606076.32,0.00,0.00,100000.00,12101.49,0.4665,26.0607632481,0.0000,1943438.89,562637.44,2506076.32,0,0.0000
2022-12-02,156,5,741.41,2622687.69,2623429.10,0.00,0.00,100000.00,17352.77,0.6659,26.2342909558,0.0000,2242941.39,280487.71,2523429.10,0,0.0000
2022-12-05,156,5,741.41,2623201.09,2623942.50,0.00,0.00,100000.00,513.41,0.0196,26.2394250135,0.0000,2242941.39,281001.11,2523942.50,0,0.0000
2022-12-06,156,5,741.41,2628292.09,2629033.50,0.00,0.00,100000.00,5091.00,0.1940,26.2903349831,0.0000,2242941.39,286092.11,2529033.50,0,0.0000
2022-12-07,156,5,741.41,2607277.02,2608018.43,0.00,0.00,100000.00,-21015.07,-0.7993,26.0801843024,-0.7993,2242941.39,265077.04,2508018.43,0,0.0000
2022-12-08,156,5,741.41,2685179.89,2685921.29,0.00,0.00,100000.00,77902.86,2.9871,26.8592129414,0.0000,2242941.39,342979.91,2585921.29,0,0.0000
2022-12-09,156,5,741.41,2640456.09,2641197.50,0.00,0.00,100000.00,-44723.79,-1.6651,26.4119750011,-1.6651,2242941.39,298256.11,2541197.50,0,0.0000
2022-12-12,156,5,741.41,2738307.26,2739048.66,0.00,0.00,100000.00,97851.16,3.7048,27.3904866268,0.0000,2242941.39,396107.27,2639048.66,0,0.0000
2022-12-13,156,5,741.41,2777951.86,2778693.27,0.00,0.00,100000.00,39644.61,1.4474,27.7869326858,0.0000,2242941.39,435751.88,2678693.27,0,0.0000
2022-12-14,156,5,741.41,2757236.08,2757977.49,0.00,0.00,100000.00,-20715.78,-0.7455,27.5797748991,-0.7455,2242941.39,415036.10,2657977.49,0,0.0000
2022-12-15,156,5,741.41,2723358.67,2724100.08,0.00,0.00,100000.00,-33877.41,-1.2283,27.2410007822,-1.9647,2242941.39,381158.69,2624100.08,0,0.0000
2022-12-16,156,5,741.41,2691044.31,2691785.72,0.00,0.00,100000.00,-32314.36,-1.1862,26.9178571925,-3.1276,2242941.39,348844.33,2591785.72,0,0.0000
2022-12-19,156,5,741.41,2735272.04,2736013.45,0.00,0.00,100000.00,44227.73,1.6431,27.3601344859,-1.5360,2242941.39,393072.06,2636013.45,0,0.0000
2022-12-20,156,5,741.41,2771883.85,2772625.26,0.00,0.00,100000.00,36611.81,1.3381,27.7262526113,-0.2184,2242941.39,429683.87,2672625.26,0,0.0000
2022-12-21,156,5,741.41,2654512.40,2655253.81,0.00,0.00,100000.00,-117371.46,-4.2332,26.5525380608,-4.4424,2242941.39,312312.42,2555253.81,0,0.0000
2022-12-22,156,5,741.41,2526551.12,2527292.53,0.00,0.00,100000.00,-127961.28,-4.8192,25.2729252697,-9.0474,2242941.39,184351.14,2427292.53,0,0.0000
2022-12-23,156,5,741.41,2314330.95,2315072.35,0.00,0.00,100000.00,-212220.17,-8.3971,23.1507235492,-16.6849,2242941.39,-27869.03,2215072.35,0,0.0000
2022-12-26,156,5,741.41,2533269.56,2534010.97,0.00,0.00,100000.00,218938.62,9.4571,25.3401097138,-8.8057,2242941.39,191069.58,2434010.97,0,0.0000
2022-12-27,156,5,741.41,2557952.50,2558693.90,0.00,0.00,100000.00,24682.93,0.9741,25.5869390386,-7.9174,2242941.39,215752.52,2458693.90,0,0.0000
2022-12-28,156,5,741.41,2608902.97,2609644.38,0.00,0.00,100000.00,50950.48,1.9913,26.0964437908,-6.0838,2242941.39,266702.99,2509644.38,0,0.0000
2022-12-29,156,5,741.41,2597296.72,2598038.13,0.00,0.00,100000.00,-11606.25,-0.4447,25.9803812728,-6.5014,2242941.39,255096.74,2498038.13,0,0.0000
2022-12-30,157,5,742.96,2627171.02,2627913.98,0.00,0.00,100000.00,29875.85,1.1499,26.2791398054,-5.4263,2281230.45,246683.54,2527913.98,0,0.0000
2023-01-02,157,5,742.96,2646551.54,2647294.51,0.00,0.00,100000.00,19380.53,0.7375,26.4729450631,-4.7288,2281230.45,266064.06,2547294.51,0,0.0000
2023-01-03,157,5,742.96,2685766.80,2686509.76,0.00,0.00,100000.00,39215.26,1.4813,26.8650976250,-3.3175,2281230.45,305279.32,2586509.76,0,0.0000
2023-01-04,157,5,742.96,2650016.61,2650759.57,0.00,0.00,100000.00,-35750.19,-1.3307,26.5075957462,-4.6041,2281230.45,269529.13,2550759.57,0,0.0000
2023-01-05,157,5,742.96,2654713.07,2655456.04,0.00,0.00,100000.00,4696.46,0.1772,26.5545603634,-4.4351,2281230.45,274225.59,2555456.04,0,0.0000
2023-01-06,157,5,742.96,2637986.30,2638729.27,0.00,0.00,100000.00,-16726.77,-0.6299,26.3872926645,-5.0370,2281230.45,257498.82,2538729.27,0,0.0000
2023-01-09,157,5,742.96,2702804.75,2703547.71,0.00,0.00,100000.00,64818.45,2.4564,27.0354771415,-2.7043,2281230.45,322317.27,2603547.71,0,0.0000
2023-01-10,157,5,742.96,2628969.12,2629712.09,0.00,0.00,100000.00,-73835.63,-2.7311,26.2971208557,-5.3616,2281230.45,248481.64,2529712.09,0,0.0000
2023-01-11,157,5,742.96,2629534.01,2630276.98,0.00,0.00,100000.00,564.89,0.0215,26.3027697508,-5.3412,2281230.45,249046.53,2530276.98,0,0.0000
2023-01-12,157,5,742.96,2672055.53,2672798.49,0.00,0.00,100000.00,42521.52,1.6166,26.7279849030,-3.8110,2281230.45,291568.05,2572798.49,0,0.0000
2023-01-13,157,5,742.96,2723146.93,2723889.90,0.00,0.00,100000.00,51091.40,1.9115,27.2388989503,-1.9723,2281230.45,342659.45,2623889.90,0,0.0000
2023-01-16,157,5,742.96,2685016.53,2685759.49,0.00,0.00,100000.00,-38130.40,-1.3999,26.8575949030,-3.3445,2281230.45,304529.05,2585759.49,0,0.0000
2023-01-17,157,5,742.96,2633005.27,2633748.23,0.00,0.00,100000.00,-52011.26,-1.9366,26.3374823416,-5.2163,2281230.45,252517.79,2533748.23,0,0.0000
2023-01-18,157,5,742.96,2639472.17,2640215.13,0.00,0.00,100000.00,6466.90,0.2455,26.4021513275,-4.9836,2281230.45,258984.69,2540215.13,0,0.0000
2023-01-19,157,5,742.96,2629591.22,2630334.19,0.00,0.00,100000.00,-9880.95,-0.3742,26.3033418635,-5.3392,2281230.45,249103.74,2530334.19,0,0.0000
2023-01-20,157,5,742.96,2630041.39,2630784.35,0.00,0.00,100000.00,450.17,0.0171,26.3078435418,-5.3230,2281230.45,249553.91,2530784.35,0,0.0000
2023-01-23,157,5,742.96,2608830.86,2609573.83,0.00,0.00,100000.00,-21210.53,-0.8062,26.0957382759,-6.0863,2281230.45,228343.38,2509573.83,0,0.0000
2023-01-24,157,5,742.96,2583305.26,2584048.23,0.00,0.00,100000.00,-25525.60,-0.9782,25.8404822708,-7.0049,2281230.45,202817.78,2484048.23,0,0.0000
2023-01-25,157,5,742.96,2554963.80,2555706.77,0.00,0.00,100000.00,-28341.46,-1.0968,25.5570676855,-8.0249,2281230.45,174476.32,2455706.77,0,0.0000
2023-01-27,157,5,742.96,2454288.53,2455031.49,0.00,0.00,100000.00,-100675.28,-3.9392,24.5503149086,-11.6480,2281230.45,73801.05,2355031.49,0,0.0000
2023-01-30,158,5,1047.91,2438985.37,2440033.29,0.00,0.00,100000.00,-14998.20,-0.6109,24.4003328829,-12.1877,2375417.60,-35384.31,2340033.29,0,0.0000
2023-01-31,158,5,1047.91,2511784.87,2512832.78,0.00,0.00,100000.00,72799.49,2.9835,25.1283278101,-9.5678,2375417.60,37415.19,2412832.78,0,0.0000
2023-02-01,158,5,1047.91,2425893.21,2426941.12,0.00,0.00,100000.00,-85891.66,-3.4181,24.2694112290,-12.6589,2375417.60,-48476.47,2326941.12,0,0.0000
2023-02-02,158,5,1047.91,2439853.01,2440900.92,0.00,0.00,100000.00,13959.80,0.5752,24.4090092136,-12.1565,2375417.60,-34516.67,2340900.92,0,0.0000
2023-02-03,158,5,1047.91,2424072.07,2425119.98,0.00,0.00,100000.00,-15780.94,-0.6465,24.2511998479,-12.7244,2375417.60,-50297.61,2325119.98,0,0.0000
2023-02-06,158,5,1047.91,2405603.69,2406651.60,0.00,0.00,100000.00,-18468.39,-0.7615,24.0665159854,-13.3891,2375417.60,-68766.00,2306651.60,0,0.0000
2023-02-07,158,5,1047.91,2413511.34,2414559.26,0.00,0.00,100000.00,7907.66,0.3286,24.1455925779,-13.1045,2375417.60,-60858.34,2314559.26,0,0.0000
2023-02-08,158,5,1047.91,2475440.25,2476488.16,0.00,0.00,100000.00,61928.90,2.5648,24.7648815880,-10.8758,2375417.60,1070.56,2376488.16,0,0.0000
2023-02-09,158,5,1047.91,2453617.60,2454665.51,0.00,0.00,100000.00,-21822.65,-0.8812,24.5466550876,-11.6612,2375417.60,-20752.09,2354665.51,0,0.0000
2023-02-10,158,5,1047.91,2431326.27,2432374.19,0.00,0.00,100000.00,-22291.32,-0.9081,24.3237418648,-12.4634,2375417.60,-43043.41,2332374.19,0,0.0000
2023-02-13,158,5,1047.91,2401508.32,2402556.24,0.00,0.00,100000.00,-29817.95,-1.2259,24.0255623832,-13.5365,2375417.60,-72861.36,2302556.24,0,0.0000
2023-02-14,158,5,1047.91,2432094.46,2433142.38,0.00,0.00,100000.00,30586.14,1.2731,24.3314237578,-12.4357,2375417.60,-42275.22,2333142.38,0,0.0000
2023-02-15,158,5,1047.91,2452309.40,2453357.31,0.00,0.00,100000.00,20214.94,0.8308,24.5335731390,-11.7082,2375417.60,-22060.28,2353357.31,0,0.0000
2023-02-16,158,5,1047.91,2480475.05,2481522.96,0.00,0.00,100000.00,28165.65,1.1480,24.8152296307,-10.6946,2375417.60,6105.37,2381522.96,0,0.0000
2023-02-17,158,5,1047.91,2453776.35,2454824.26,0.00,0.00,100000.00,-26698.70,-1.0759,24.5482426258,-11.6554,2375417.60,-20593.33,2354824.26,0,0.0000
2023-02-20,158,5,1047.91,2441863.80,2442911.71,0.00,0.00,100000.00,-11912.55,-0.4853,24.4291171029,-12.0842,2375417.60,-32505.89,2342911.71,0,0.0000
2023-02-21,158,5,1047.91,2380715.13,2381763.04,0.00,0.00,100000.00,-61148.67,-2.5031,23.8176304374,-14.2848,2375417.60,-93654.55,2281763.04,0,0.0000
2023-02-22,158,5,1047.91,2368124.43,2369172.34,0.00,0.00,100000.00,-12590.70,-0.5286,23.6917234029,-14.7379,2375417.60,-106245.26,2269172.34,0,0.0000
2023-02-23,158,5,1047.91,2391358.76,2392406.68,0.00,0.00,100000.00,23234.34,0.9807,23.9240667799,-13.9017,2375417.60,-83010.92,2292406.68,0,0.0000
2023-02-24,158,5,1047.91,2358810.99,2359858.90,0.00,0.00,100000.00,-32547.78,-1.3605,23.5985890047,-15.0731,2375417.60,-115558.69,2259858.90,0,0.0000
2023-02-27,159,5,3022.53,2318345.16,2321367.69,0.00,0.00,100000.00,-38491.21,-1.6311,23.2136769156,-16.4583,2353366.87,-131999.17,2221367.69,0,0.0000
2023-02-28,159,5,3022.53,2320790.48,2323813.01,0.00,0.00,100000.00,2445.32,0.1053,23.2381300969,-16.3703,2353366.87,-129553.86,2223813.01,0,0.0000
2023-03-01,159,5,3022.53,2378781.63,2381804.16,0.00,0.00,100000.00,57991.15,2.4955,23.8180415618,-14.2833,2353366.87,-71562.71,2281804.16,0,0.0000
2023-03-02,159,5,3022.53,2431037.59,2434060.12,0.00,0.00,100000.00,52255.96,2.1940,24.3406011893,-12.4027,2353366.87,-19306.75,2334060.12,0,0.0000
2023-03-03,159,5,3022.53,2461945.83,2464968.36,0.00,0.00,100000.00,30908.24,1.2698,24.6496835898,-11.2904,2353366.87,11601.49,2364968.36,0,0.0000
2023-03-06,159,5,3022.53,2477474.03,2480496.56,0.00,0.00,100000.00,15528.20,0.6300,24.8049655520,-10.7315,2353366.87,27129.69,2380496.56,0,0.0000
2023-03-08,159,5,3022.53,2477219.51,2480242.04,0.00,0.00,100000.00,-254.52,-0.0103,24.8024203887,-10.7407,2353366.87,26875.17,2380242.04,0,0.0000
2023-03-09,159,5,3022.53,2482451.96,2485474.49,0.00,0.00,100000.00,5232.45,0.2110,24.8547448850,-10.5524,2353366.87,32107.62,2385474.49,0,0.0000
2023-03-10,159,5,3022.53,2436424.85,2439447.38,0.00,0.00,100000.00,-46027.11,-1.8518,24.3944738344,-12.2088,2353366.87,-13919.48,2339447.38,0,0.0000
2023-03-13,159,5,3022.53,2383788.96,2386811.49,0.00,0.00,100000.00,-52635.89,-2.1577,23.8681149074,-14.1031,2353366.87,-66555.38,2286811.49,0,0.0000
2023-03-14,159,5,3022.53,2305612.30,2308634.83,0.00,0.00,100000.00,-78176.67,-3.2754,23.0863482501,-16.9165,2353366.87,-144732.04,2208634.83,0,0.0000
2023-03-15,159,5,3022.53,2303515.37,2306537.90,0.00,0.00,100000.00,-2096.92,-0.0908,23.0653790420,-16.9920,2353366.87,-146828.96,2206537.90,0,0.0000
2023-03-16,159,5,3022.53,2289944.47,2292967.00,0.00,0.00,100000.00,-13570.91,-0.5884,22.9296699717,-17.4804,2353366.87,-160399.87,2192967.00,0,0.0000
2023-03-17,159,5,3022.53,2357145.74,2360168.27,0.00,0.00,100000.00,67201.27,2.9308,23.6016826900,-15.0619,2353366.87,-93198.60,2260168.27,0,0.0000
2023-03-20,159,5,3022.53,2339756.37,2342778.90,0.00,0.00,100000.00,-17389.37,-0.7368,23.4277890231,-15.6877,2353366.87,-110587.96,2242778.90,0,0.0000
2023-03-21,159,5,3022.53,2333315.77,2336338.30,0.00,0.00,100000.00,-6440.61,-0.2749,23.3633829569,-15.9195,2353366.87,-117028.57,2236338.30,0,0.0000
2023-03-22,159,5,3022.53,2353622.97,2356645.50,0.00,0.00,100000.00,20307.21,0.8692,23.5664550189,-15.1887,2353366.87,-96721.36,2256645.50,0,0.0000
2023-03-23,159,5,3022.53,2337835.51,2340858.04,0.00,0.00,100000.00,-15787.46,-0.6699,23.4085803914,-15.7569,2353366.87,-112508.83,2240858.04,0,0.0000
2023-03-24,159,5,3022.53,2290234.86,2293257.39,0.00,0.00,100000.00,-47600.65,-2.0335,22.9325738534,-17.4699,2353366.87,-160109.48,2193257.39,0,0.0000
2023-03-27,159,5,3022.53,2289097.23,2292119.76,0.00,0.00,100000.00,-1137.62,-0.0496,22.9211976420,-17.5109,2353366.87,-161247.10,2192119.76,0,0.0000
2023-03-28,160,5,1532.50,2295353.60,2296886.10,0.00,0.00,100000.00,4766.33,0.2079,22.9688609895,-17.3393,2156325.97,40560.13,2196886.10,0,0.0000
2023-03-29,160,5,1532.50,2346078.80,2347611.29,0.00,0.00,100000.00,50725.20,2.2084,23.4761129491,-15.5138,2156325.97,91285.32,2247611.29,0,0.0000
2023-03-31,160,5,1532.50,2338455.28,2339987.78,0.00,0.00,100000.00,-7623.52,-0.3247,23.3998777657,-15.7882,2156325.97,83661.80,2239987.78,0,0.0000
2023-04-03,160,5,1532.50,2275620.45,2277152.94,0.00,0.00,100000.00,-62834.83,-2.6853,22.7715294470,-18.0495,2156325.97,20826.97,2177152.94,0,0.0000
2023-04-05,160,5,1532.50,2262124.60,2263657.10,0.00,0.00,100000.00,-13495.85,-0.5927,22.6365709617,-18.5352,2156325.97,7331.12,2163657.10,0,0.0000
2023-04-06,160,5,1532.50,2220440.70,2221973.20,0.00,0.00,100000.00,-41683.90,-1.8414,22.2197319560,-20.0353,2156325.97,-34352.78,2121973.20,0,0.0000
2023-04-10,160,5,1532.50,2208006.45,2209538.94,0.00,0.00,100000.00,-12434.25,-0.5596,22.0953894372,-20.4828,2156325.97,-46787.03,2109538.94,0,0.0000
2023-04-11,160,5,1532.50,2215926.26,2217458.75,0.00,0.00,100000.00,7919.81,0.3584,22.1745875084,-20.1978,2156325.97,-38867.22,2117458.75,0,0.0000
2023-04-12,160,5,1532.50,2232318.39,2233850.88,0.00,0.00,100000.00,16392.13,0.7392,22.3385088146,-19.6079,2156325.97,-22475.09,2133850.88,0,0.0000
2023-04-13,160,5,1532.50,2242213.20,2243745.69,0.00,0.00,100000.00,9894.81,0.4429,22.4374569208,-19.2518,2156325.97,-12580.28,2143745.69,0,0.0000
2023-04-17,160,5,1532.50,2249778.54,2251311.03,0.00,0.00,100000.00,7565.34,0.3372,22.5131103145,-18.9795,2156325.97,-5014.94,2151311.03,0,0.0000
2023-04-18,160,5,1532.50,2257498.70,2259031.19,0.00,0.00,100000.00,7720.16,0.3429,22.5903119101,-18.7017,2156325.97,2705.22,2159031.19,0,0.0000
2023-04-19,160,5,1532.50,2222031.83,2223564.32,0.00,0.00,100000.00,-35466.87,-1.5700,22.2356432311,-19.9781,2156325.97,-32761.65,2123564.32,0,0.0000
2023-04-20,160,5,1532.50,2222830.66,2224363.16,0.00,0.00,100000.00,798.83,0.0359,22.2436315561,-19.9493,2156325.97,-31962.82,2124363.16,0,0.0000
2023-04-21,160,5,1532.50,2235355.09,2236887.59,0.00,0.00,100000.00,12524.43,0.5631,22.3688759040,-19.4986,2156325.97,-19438.38,2136887.59,0,0.0000
2023-04-24,160,5,1532.50,2232277.32,2233809.82,0.00,0.00,100000.00,-3077.78,-0.1376,22.3380981508,-19.6093,2156325.97,-22516.16,2133809.82,0,0.0000
2023-04-25,160,5,1532.50,2227960.06,2229492.56,0.00,0.00,100000.00,-4317.26,-0.1933,22.2949255768,-19.7647,2156325.97,-26833.42,2129492.56,0,0.0000
2023-04-26,160,5,1532.50,2251022.37,2252554.86,0.00,0.00,100000.00,23062.30,1.0344,22.5255486247,-18.9347,2156325.97,-3771.11,2152554.86,0,0.0000
2023-04-27,160,5,1532.50,2263906.53,2265439.03,0.00,0.00,100000.00,12884.16,0.5720,22.6543902731,-18.4711,2156325.97,9113.05,2165439.03,0,0.0000
2023-04-28,160,5,1532.50,2272674.92,2274207.42,0.00,0.00,100000.00,8768.39,0.3871,22.7420741634,-18.1555,2156325.97,17881.44,2174207.42,0,0.0000
2023-05-02,161,5,1180.30,2309177.22,2310357.52,0.00,0.00,100000.00,36150.10,1.5896,23.1035751608,-16.8545,2152882.64,57474.87,2210357.52,0,0.0000
2023-05-03,161,5,1180.30,2351160.23,2352340.53,0.00,0.00,100000.00,41983.01,1.8172,23.5234053009,-15.3436,2152882.64,99457.89,2252340.53,0,0.0000
2023-05-04,161,5,1180.30,2353201.99,2354382.29,0.00,0.00,100000.00,2041.76,0.0868,23.5438228789,-15.2702,2152882.64,101499.64,2254382.29,0,0.0000
2023-05-05,161,5,1180.30,2451460.57,2452640.87,0.00,0.00,100000.00,98258.58,4.1734,24.5264086845,-11.7340,2152882.64,199758.22,2352640.87,0,0.0000
2023-05-08,161,5,1180.30,2484614.09,2485794.39,0.00,0.00,100000.00,33153.52,1.3517,24.8579439019,-10.5409,2152882.64,232911.75,2385794.39,0,0.0000
2023-05-09,161,5,1180.30,2427104.28,2428284.58,0.00,0.00,100000.00,-57509.81,-2.3135,24.2828457712,-12.6106,2152882.64,175401.93,2328284.58,0,0.0000
2023-05-10,161,5,1180.30,2378142.29,2379322.59,0.00,0.00,100000.00,-48961.99,-2.0163,23.7932259120,-14.3726,2152882.64,126439.95,2279322.59,0,0.0000
2023-05-11,161,5,1180.30,2448179.97,2449360.27,0.00,0.00,100000.00,70037.68,2.9436,24.4936027088,-11.8521,2152882.64,196477.63,2349360.27,0,0.0000
2023-05-12,161,5,1180.30,2410796.40,2411976.70,0.00,0.00,100000.00,-37383.57,-1.5263,24.1197670005,-13.1974,2152882.64,159094.06,2311976.70,0,0.0000
2023-05-15,161,5,1180.30,2402593.15,2403773.45,0.00,0.00,100000.00,-8203.25,-0.3401,24.0377345096,-13.4927,2152882.64,150890.81,2303773.45,0,0.0000
2023-05-16,161,5,1180.30,2439081.05,2440261.35,0.00,0.00,100000.00,36487.89,1.5179,24.4026134540,-12.1795,2152882.64,187378.70,2340261.35,0,0.0000
2023-05-17,161,5,1180.30,2443655.13,2444835.43,0.00,0.00,100000.00,4574.08,0.1874,24.4483542968,-12.0149,2152882.64,191952.79,2344835.43,0,0.0000
2023-05-18,161,5,1180.30,2497519.33,2498699.63,0.00,0.00,100000.00,53864.20,2.2032,24.9869962603,-10.0765,2152882.64,245816.98,2398699.63,0,0.0000
2023-05-19,161,5,1180.30,2458636.24,2459816.53,0.00,0.00,100000.00,-38883.09,-1.5561,24.5981653486,-11.4758,2152882.64,206933.89,2359816.53,0,0.0000
2023-05-22,161,5,1180.30,2421003.30,2422183.60,0.00,0.00,100000.00,-37632.94,-1.5299,24.2218359510,-12.8301,2152882.64,169300.95,2322183.60,0,0.0000
2023-05-23,161,5,1180.30,2375534.58,2376714.88,0.00,0.00,100000.00,-45468.72,-1.8772,23.7671487513,-14.4665,2152882.64,123832.23,2276714.88,0,0.0000
2023-05-24,161,5,1180.30,2385972.43,2387152.73,0.00,0.00,100000.00,10437.86,0.4392,23.8715273185,-14.0908,2152882.64,134270.09,2287152.73,0,0.0000
2023-05-25,161,5,1180.30,2380770.39,2381950.69,0.00,0.00,100000.00,-5202.04,-0.2179,23.8195068810,-14.2780,2152882.64,129068.04,2281950.69,0,0.0000
2023-05-26,161,5,1180.30,2387436.10,2388616.40,0.00,0.00,100000.00,6665.71,0.2798,23.8861639731,-14.0381,2152882.64,135733.75,2288616.40,0,0.0000
2023-05-29,161,5,1180.30,2390421.88,2391602.18,0.00,0.00,100000.00,2985.78,0.1250,23.9160217812,-13.9307,2152882.64,138719.53,2291602.18,0,0.0000
2023-05-30,162,5,907.92,2372882.51,2373790.43,0.00,0.00,100000.00,-17811.75,-0.7448,23.7379042604,-14.5717,2167191.87,106598.56,2273790.43,0,0.0000
2023-05-31,162,5,907.92,2393588.01,2394495.92,0.00,0.00,100000.00,20705.50,0.8723,23.9449592375,-13.8265,2167191.87,127304.06,2294495.92,0,0.0000
2023-06-01,162,5,907.92,2414326.30,2415234.22,0.00,0.00,100000.00,20738.30,0.8661,24.1523421935,-13.0802,2167191.87,148042.35,2315234.22,0,0.0000
2023-06-02,162,5,907.92,2425914.49,2426822.41,0.00,0.00,100000.00,11588.19,0.4798,24.2682240916,-12.6632,2167191.87,159630.54,2326822.41,0,0.0000
2023-06-05,162,5,907.92,2445275.70,2446183.62,0.00,0.00,100000.00,19361.21,0.7978,24.4618362169,-11.9664,2167191.87,178991.75,2346183.62,0,0.0000
2023-06-06,162,5,907.92,2499651.58,2500559.49,0.00,0.00,100000.00,54375.87,2.2229,25.0055949419,-10.0095,2167191.87,233367.63,2400559.49,0,0.0000
2023-06-07,162,5,907.92,2590796.11,2591704.03,0.00,0.00,100000.00,91144.53,3.6450,25.9170402617,-6.7294,2167191.87,324512.16,2491704.03,0,0.0000
2023-06-08,162,5,907.92,2585910.46,2586818.38,0.00,0.00,100000.00,-4885.65,-0.1885,25.8681837572,-6.9052,2167191.87,319626.51,2486818.38,0,0.0000
2023-06-09,162,5,907.92,2553307.09,2554215.01,0.00,0.00,100000.00,-32603.37,-1.2604,25.5421500877,-8.0786,2167191.87,287023.14,2454215.01,0,0.0000
2023-06-12,162,5,907.92,2550852.81,2551760.73,0.00,0.00,100000.00,-2454.28,-0.0961,25.5176072572,-8.1669,2167191.87,284568.86,2451760.73,0,0.0000
2023-06-13,162,5,907.92,2520533.05,2521440.97,0.00,0.00,100000.00,-30319.76,-1.1882,25.2144096507,-9.2580,2167191.87,254249.10,2421440.97,0,0.0000
2023-06-14,162,5,907.92,2491476.48,2492384.40,0.00,0.00,100000.00,-29056.57,-1.1524,24.9238439787,-10.3037,2167191.87,225192.53,2392384.40,0,0.0000
2023-06-15,162,5,907.92,2491312.53,2492220.45,0.00,0.00,100000.00,-163.95,-0.0066,24.9222045036,-10.3096,2167191.87,225028.58,2392220.45,0,0.0000
2023-06-16,162,5,907.92,2531276.24,2532184.16,0.00,0.00,100000.00,39963.71,1.6035,25.3218415797,-8.8714,2167191.87,264992.29,2432184.16,0,0.0000
2023-06-19,162,5,907.92,2554866.14,2555774.06,0.00,0.00,100000.00,23589.90,0.9316,25.5577405717,-8.0224,2167191.87,288582.19,2455774.06,0,0.0000
2023-06-20,162,5,907.92,2553385.82,2554293.74,0.00,0.00,100000.00,-1480.32,-0.0579,25.5429373573,-8.0757,2167191.87,287101.87,2454293.74,0,0.0000
2023-06-21,162,5,907.92,2543529.49,2544437.41,0.00,0.00,100000.00,-9856.33,-0.3859,25.4443740758,-8.4304,2167191.87,277245.54,2444437.41,0,0.0000
2023-06-22,162,5,907.92,2516928.47,2517836.39,0.00,0.00,100000.00,-26601.02,-1.0455,25.1783638698,-9.3878,2167191.87,250644.52,2417836.39,0,0.0000
2023-06-23,162,5,907.92,2506236.03,2507143.95,0.00,0.00,100000.00,-10692.44,-0.4247,25.0714394661,-9.7726,2167191.87,239952.08,2407143.95,0,0.0000
2023-06-26,162,5,907.92,2540352.58,2541260.49,0.00,0.00,100000.00,34116.55,1.3608,25.4126049272,-8.5448,2167191.87,274068.62,2441260.49,0,0.0000
2023-06-27,163,5,1103.01,2558959.17,2560062.18,0.00,0.00,100000.00,18801.69,0.7399,25.6006217869,-7.8681,2314181.51,145880.67,2460062.18,0,0.0000
2023-06-28,163,5,1103.01,2552499.19,2553602.20,0.00,0.00,100000.00,-6459.98,-0.2523,25.5360219941,-8.1006,2314181.51,139420.69,2453602.20,0,0.0000
2023-06-30,163,5,1103.01,2545171.36,2546274.37,0.00,0.00,100000.00,-7327.83,-0.2870,25.4627436622,-8.3643,2314181.51,132092.85,2446274.37,0,0.0000
2023-07-03,163,5,1103.01,2539467.70,2540570.71,0.00,0.00,100000.00,-5703.65,-0.2240,25.4057071226,-8.5696,2314181.51,126389.20,2440570.71,0,0.0000
2023-07-04,163,5,1103.01,2532352.66,2533455.67,0.00,0.00,100000.00,-7115.04,-0.2801,25.3345567264,-8.8256,2314181.51,119274.16,2433455.67,0,0.0000
2023-07-05,163,5,1103.01,2538973.06,2540076.07,0.00,0.00,100000.00,6620.40,0.2613,25.4007607074,-8.5874,2314181.51,125894.56,2440076.07,0,0.0000
2023-07-06,163,5,1103.01,2548949.10,2550052.11,0.00,0.00,100000.00,9976.04,0.3927,25.5005211313,-8.2284,2314181.51,135870.60,2450052.11,0,0.0000
2023-07-07,163,5,1103.01,2537366.54,2538469.54,0.00,0.00,100000.00,-11582.57,-0.4542,25.3846954472,-8.6452,2314181.51,124288.03,2438469.54,0,0.0000
2023-07-10,163,5,1103.01,2528588.35,2529691.36,0.00,0.00,100000.00,-8778.19,-0.3458,25.2969135808,-8.9611,2314181.51,115509.85,2429691.36,0,0.0000
2023-07-11,163,5,1103.01,2560206.73,2561309.74,0.00,0.00,100000.00,31618.38,1.2499,25.6130973620,-7.8232,2314181.51,147128.22,2461309.74,0,0.0000
2023-07-12,163,5,1103.01,2578834.99,2579938.00,0.00,0.00,100000.00,18628.26,0.7273,25.7993799634,-7.1528,2314181.51,165756.48,2479938.00,0,0.0000
2023-07-13,163,5,1103.01,2584644.01,2585747.02,0.00,0.00,100000.00,5809.03,0.2252,25.8574702267,-6.9438,2314181.51,171565.51,2485747.02,0,0.0000
2023-07-14,163,5,1103.01,2630206.13,2631309.14,0.00,0.00,100000.00,45562.12,1.7620,26.3130914142,-5.3041,2314181.51,217127.63,2531309.14,0,0.0000
2023-07-17,163,5,1103.01,2642840.49,2643943.50,0.00,0.00,100000.00,12634.36,0.4802,26.4394350081,-4.8494,2314181.51,229761.99,2543943.50,0,0.0000
2023-07-18,163,5,1103.01,2650805.40,2651908.41,0.00,0.00,100000.00,7964.90,0.3013,26.5190840555,-4.5628,2314181.51,237726.89,2551908.41,0,0.0000
2023-07-19,163,5,1103.01,2623422.66,2624525.67,0.00,0.00,100000.00,-27382.73,-1.0326,26.2452567248,-5.5482,2314181.51,210344.16,2524525.67,0,0.0000
2023-07-20,163,5,1103.01,2693377.40,2694480.40,0.00,0.00,100000.00,69954.73,2.6654,26.9448040486,-3.0307,2314181.51,280298.89,2594480.40,0,0.0000
2023-07-21,163,5,1103.01,2738240.60,2739343.61,0.00,0.00,100000.00,44863.20,1.6650,27.3934360550,-1.4161,2314181.51,325162.09,2639343.61,0,0.0000
2023-07-24,163,5,1103.01,2716038.88,2717141.89,0.00,0.00,100000.00,-22201.71,-0.8105,27.1714189335,-2.2151,2314181.51,302960.38,2617141.89,0,0.0000
2023-07-25,163,5,1103.01,2723391.16,2724494.17,0.00,0.00,100000.00,7352.28,0.2706,27.2449417103,-1.9505,2314181.51,310312.66,2624494.17,0,0.0000
2023-07-26,164,5,255.75,2801043.67,2801299.42,0.00,0.00,100000.00,76805.25,2.8191,28.0129941700,0.0000,2521507.59,179791.82,2701299.42,0,0.0000
2023-07-27,164,5,255.75,2790221.97,2790477.72,0.00,0.00,100000.00,-10821.70,-0.3863,27.9047771781,-0.3863,2521507.59,168970.13,2690477.72,0,0.0000
2023-07-28,164,5,255.75,2787510.63,2787766.37,0.00,0.00,100000.00,-2711.34,-0.0972,27.8776637395,-0.4831,2521507.59,166258.78,2687766.37,0,0.0000
2023-07-31,164,5,255.75,2807990.27,2808246.01,0.00,0.00,100000.00,20479.64,0.7346,28.0824601367,0.0000,2521507.59,186738.42,2708246.01,0,0.0000
2023-08-01,164,5,255.75,2851748.32,2852004.07,0.00,0.00,100000.00,43758.06,1.5582,28.5200406920,0.0000,2521507.59,230496.48,2752004.07,0,0.0000
2023-08-02,164,5,255.75,2814038.54,2814294.29,0.00,0.00,100000.00,-37709.78,-1.3222,28.1429429214,-1.3222,2521507.59,192786.70,2714294.29,0,0.0000
2023-08-03,164,5,255.75,2814847.42,2815103.17,0.00,0.00,100000.00,808.88,0.0287,28.1510316952,-1.2939,2521507.59,193595.58,2715103.17,0,0.0000
2023-08-04,164,5,255.75,2918944.56,2919200.31,0.00,0.00,100000.00,104097.14,3.6978,29.1920030664,0.0000,2521507.59,297692.71,2819200.31,0,0.0000
2023-08-07,164,5,255.75,2965153.44,2965409.18,0.00,0.00,100000.00,46208.88,1.5829,29.6540918495,0.0000,2521507.59,343901.59,2865409.18,0,0.0000
2023-08-08,164,5,255.75,2948365.02,2948620.77,0.00,0.00,100000.00,-16788.41,-0.5661,29.4862077156,-0.5661,2521507.59,327113.18,2848620.77,0,0.0000
2023-08-09,164,5,255.75,3027123.78,3027379.53,0.00,0.00,100000.00,78758.76,2.6710,30.2737952853,0.0000,2521507.59,405871.94,2927379.53,0,0.0000
2023-08-10,164,5,255.75,3018656.63,3018912.38,0.00,0.00,100000.00,-8467.15,-0.2797,30.1891237917,-0.2797,2521507.59,397404.79,2918912.38,0,0.0000
2023-08-11,164,5,255.75,3001797.75,3002053.50,0.00,0.00,100000.00,-16858.88,-0.5584,30.0205349750,-0.8366,2521507.59,380545.91,2902053.50,0,0.0000
2023-08-14,164,5,255.75,2972519.57,2972775.31,0.00,0.00,100000.00,-29278.19,-0.9753,29.7277531249,-1.8037,2521507.59,351267.72,2872775.31,0,0.0000
2023-08-16,164,5,255.75,2940079.12,2940334.87,0.00,0.00,100000.00,-32440.45,-1.0913,29.4033486605,-2.8752,2521507.59,318827.27,2840334.87,0,0.0000
2023-08-17,164,5,255.75,2922777.73,2923033.47,0.00,0.00,100000.00,-17301.39,-0.5884,29.2303347276,-3.4467,2521507.59,301525.88,2823033.47,0,0.0000
2023-08-18,164,5,255.75,2898273.47,2898529.22,0.00,0.00,100000.00,-24504.25,-0.8383,28.9852921944,-4.2562,2521507.59,277021.63,2798529.22,0,0.0000
2023-08-21,164,5,255.75,2936738.71,2936994.46,0.00,0.00,100000.00,38465.24,1.3271,29.3699445526,-2.9856,2521507.59,315486.86,2836994.46,0,0.0000
2023-08-22,164,5,255.75,2975933.46,2976189.20,0.00,0.00,100000.00,39194.75,1.3345,29.7618920454,-1.6909,2521507.59,354681.61,2876189.20,0,0.0000
2023-08-23,164,5,255.75,3032828.53,3033084.28,0.00,0.00,100000.00,56895.07,1.9117,30.3308427876,0.0000,2521507.59,411576.69,2933084.28,0,0.0000
2023-08-24,165,5,500.22,3004166.58,3004666.80,0.00,0.00,100000.00,-28417.48,-0.9369,30.0466680286,-0.9369,2540677.85,363988.96,2904666.80,0,0.0000
2023-08-25,165,5,500.22,2989238.30,2989738.52,0.00,0.00,100000.00,-14928.28,-0.4968,29.8973852378,-1.4291,2540677.85,349060.68,2889738.52,0,0.0000
2023-08-28,165,5,500.22,3071496.24,3071996.46,0.00,0.00,100000.00,82257.94,2.7513,30.7199646272,0.0000,2540677.85,431318.62,2971996.46,0,0.0000
2023-08-29,165,5,500.22,3143918.39,3144418.61,0.00,0.00,100000.00,72422.15,2.3575,31.4441861277,0.0000,2540677.85,503740.77,3044418.61,0,0.0000
2023-08-30,165,5,500.22,3265312.51,3265812.74,0.00,0.00,100000.00,121394.12,3.8606,32.6581273739,0.0000,2540677.85,625134.89,3165812.74,0,0.0000
2023-08-31,165,5,500.22,3344675.28,3345175.50,0.00,0.00,100000.00,79362.77,2.4301,33.4517550498,0.0000,2540677.85,704497.66,3245175.50,0,0.0000
2023-09-01,165,5,500.22,3414963.70,3415463.93,0.00,0.00,100000.00,70288.42,2.1012,34.1546392716,0.0000,2540677.85,774786.08,3315463.93,0,0.0000
2023-09-04,165,5,500.22,3531628.04,3532128.26,0.00,0.00,100000.00,116664.33,3.4158,35.3212825945,0.0000,2540677.85,891450.41,3432128.26,0,0.0000
2023-09-05,165,5,500.22,3507228.96,3507729.18,0.00,0.00,100000.00,-24399.08,-0.6908,35.0772918249,-0.6908,2540677.85,867051.33,3407729.18,0,0.0000
2023-09-06,165,5,500.22,3485890.05,3486390.27,0.00,0.00,100000.00,-21338.91,-0.6083,34.8639027446,-1.2949,2540677.85,845712.43,3386390.27,0,0.0000
2023-09-07,165,5,500.22,3561014.77,3561515.00,0.00,0.00,100000.00,75124.72,2.1548,35.6151499663,0.0000,2540677.85,920837.15,3461515.00,0,0.0000
2023-09-08,165,5,500.22,3660975.32,3661475.54,0.00,0.00,100000.00,99960.55,2.8067,36.6147554233,0.0000,2540677.85,1020797.69,3561475.54,0,0.0000
2023-09-11,165,5,500.22,3834479.94,3834980.17,0.00,0.00,100000.00,173504.63,4.7387,38.3498016860,0.0000,2540677.85,1194302.32,3734980.17,0,0.0000
2023-09-12,165,5,500.22,3590285.14,3590785.37,0.00,0.00,100000.00,-244194.80,-6.3676,35.9078536764,-6.3676,2540677.85,950107.52,3490785.37,0,0.0000
2023-09-13,165,5,500.22,3537168.52,3537668.74,0.00,0.00,100000.00,-53116.62,-1.4792,35.3766874411,-7.7526,2540677.85,896990.90,3437668.74,0,0.0000
2023-09-14,165,5,500.22,3596551.31,3597051.54,0.00,0.00,100000.00,59382.79,1.6786,35.9705153909,-6.2042,2540677.85,956373.69,3497051.54,0,0.0000
2023-09-15,165,5,500.22,3638599.31,3639099.54,0.00,0.00,100000.00,42048.00,1.1690,36.3909953657,-5.1077,2540677.85,998421.69,3539099.54,0,0.0000
2023-09-18,165,5,500.22,3608859.52,3609359.74,0.00,0.00,100000.00,-29739.80,-0.8172,36.0935974126,-5.8832,2540677.85,968681.89,3509359.74,0,0.0000
2023-09-20,165,5,500.22,3558960.95,3559461.18,0.00,0.00,100000.00,-49898.57,-1.3825,35.5946117550,-7.1844,2540677.85,918783.33,3459461.18,0,0.0000
2023-09-21,165,5,500.22,3487060.12,3487560.34,0.00,0.00,100000.00,-71900.83,-2.0200,34.8756034068,-9.0592,2540677.85,846882.49,3387560.34,0,0.0000
2023-09-22,166,5,685.46,3550945.82,3551631.28,0.00,0.00,100000.00,64070.94,1.8371,35.5163128155,-7.3885,2797421.88,654209.40,3451631.28,0,0.0000
2023-09-25,166,5,685.46,3519988.61,3520674.07,0.00,0.00,100000.00,-30957.21,-0.8716,35.2067406779,-8.1958,2797421.88,623252.19,3420674.07,0,0.0000
2023-09-26,166,5,685.46,3659215.28,3659900.74,0.00,0.00,100000.00,139226.68,3.9545,36.5990074420,-4.5653,2797421.88,762478.86,3559900.74,0,0.0000
2023-09-27,166,5,685.46,3681997.08,3682682.54,0.00,0.00,100000.00,22781.80,0.6225,36.8268254327,-3.9713,2797421.88,785260.66,3582682.54,0,0.0000
2023-09-28,166,5,685.46,3644520.43,3645205.89,0.00,0.00,100000.00,-37476.65,-1.0176,36.4520589329,-4.9485,2797421.88,747784.01,3545205.89,0,0.0000
2023-09-29,166,5,685.46,3709026.70,3709712.16,0.00,0.00,100000.00,64506.27,1.7696,37.0971215839,-3.2665,2797421.88,812290.28,3609712.16,0,0.0000
2023-10-03,166,5,685.46,3783149.52,3783834.98,0.00,0.00,100000.00,74122.82,1.9981,37.8383498189,-1.3336,2797421.88,886413.10,3683834.98,0,0.0000
2023-10-04,166,5,685.46,3719604.41,3720289.87,0.00,0.00,100000.00,-63545.11,-1.6794,37.2028987049,-2.9906,2797421.88,822867.99,3620289.87,0,0.0000
2023-10-05,166,5,685.46,3834511.85,3835197.32,0.00,0.00,100000.00,114907.44,3.0887,38.3519731527,0.0000,2797421.88,937775.43,3735197.32,0,0.0000
2023-10-06,166,5,685.46,3950533.16,3951218.62,0.00,0.00,100000.00,116021.31,3.0252,39.5121862301,0.0000,2797421.88,1053796.74,3851218.62,0,0.0000
2023-10-09,166,5,685.46,3861223.87,3861909.33,0.00,0.00,100000.00,-89309.29,-2.2603,38.6190933341,-2.2603,2797421.88,964487.45,3761909.33,0,0.0000
2023-10-10,166,5,685.46,3899533.98,3900219.44,0.00,0.00,100000.00,38310.11,0.9920,39.0021943942,-1.2907,2797421.88,1002797.56,3800219.44,0,0.0000
2023-10-11,166,5,685.46,3994212.39,3994897.85,0.00,0.00,100000.00,94678.42,2.4275,39.9489785467,0.0000,2797421.88,1097475.97,3894897.85,0,0.0000
2023-10-12,166,5,685.46,3983803.38,3984488.84,0.00,0.00,100000.00,-10409.02,-0.2606,39.8448883788,-0.2606,2797421.88,1087066.96,3884488.84,0,0.0000
2023-10-13,166,5,685.46,3987179.76,3987865.22,0.00,0.00,100000.00,3376.38,0.0847,39.8786522272,-0.1760,2797421.88,1090443.34,3887865.22,0,0.0000
2023-10-16,166,5,685.46,4071903.69,4072589.16,0.00,0.00,100000.00,84723.93,2.1245,40.7258915542,0.0000,2797421.88,1175167.27,3972589.16,0,0.0000
2023-10-17,166,5,685.46,4166037.13,4166722.59,0.00,0.00,100000.00,94133.43,2.3114,41.6672259001,0.0000,2797421.88,1269300.71,4066722.59,0,0.0000
2023-10-18,166,5,685.46,4212203.62,4212889.09,0.00,0.00,100000.00,46166.50,1.1080,42.1288908565,0.0000,2797421.88,1315467.21,4112889.09,0,0.0000
2023-10-19,166,5,685.46,4270388.14,4271073.60,0.00,0.00,100000.00,58184.52,1.3811,42.7107360293,0.0000,2797421.88,1373651.72,4171073.60,0,0.0000
2023-10-20,166,5,685.46,4298254.88,4298940.34,0.00,0.00,100000.00,27866.73,0.6525,42.9894033653,0.0000,2797421.88,1401518.46,4198940.34,0,0.0000
2023-10-23,167,5,722.48,4251563.23,4252285.71,0.00,0.00,100000.00,-46654.63,-1.0853,42.5228571040,-1.0853,3174258.05,978027.66,4152285.71,0,0.0000
2023-10-25,167,5,722.48,4319147.15,4319869.63,0.00,0.00,100000.00,67583.92,1.5894,43.1986963025,0.0000,3174258.05,1045611.58,4219869.63,0,0.0000
2023-10-26,167,5,722.48,4276189.37,4276911.85,0.00,0.00,100000.00,-42957.78,-0.9944,42.7691185285,-0.9944,3174258.05,1002653.80,4176911.85,0,0.0000
2023-10-27,167,5,722.48,4357649.56,4358372.04,0.00,0.00,100000.00,81460.19,1.9046,43.5837203936,0.0000,3174258.05,1084113.99,4258372.04,0,0.0000
2023-10-30,167,5,722.48,4437056.23,4437778.71,0.00,0.00,100000.00,79406.67,1.8219,44.3777870828,0.0000,3174258.05,1163520.66,4337778.71,0,0.0000
2023-10-31,167,5,722.48,4391338.59,4392061.08,0.00,0.00,100000.00,-45717.63,-1.0302,43.9206107597,-1.0302,3174258.05,1117803.03,4292061.08,0,0.0000
2023-11-01,167,5,722.48,4466168.51,4466890.99,0.00,0.00,100000.00,74829.92,1.7038,44.6689099135,0.0000,3174258.05,1192632.94,4366890.99,0,0.0000
2023-11-02,167,5,722.48,4597177.52,4597900.01,0.00,0.00,100000.00,131009.01,2.9329,45.9790000547,0.0000,3174258.05,1323641.95,4497900.01,0,0.0000
2023-11-03,167,5,722.48,4671251.87,4671974.35,0.00,0.00,100000.00,74074.35,1.6110,46.7197435349,0.0000,3174258.05,1397716.30,4571974.35,0,0.0000
2023-11-06,167,5,722.48,4789289.05,4790011.54,0.00,0.00,100000.00,118037.18,2.5265,47.9001153611,0.0000,3174258.05,1515753.49,4690011.54,0,0.0000
2023-11-07,167,5,722.48,4990952.15,4991674.63,0.00,0.00,100000.00,201663.09,4.2101,49.9167463048,0.0000,3174258.05,1717416.58,4891674.63,0,0.0000
2023-11-08,167,5,722.48,5034979.50,5035701.98,0.00,0.00,100000.00,44027.35,0.8820,50.3570198142,0.0000,3174258.05,1761443.93,4935701.98,0,0.0000
2023-11-09,167,5,722.48,4962687.27,4963409.75,0.00,0.00,100000.00,-72292.23,-1.4356,49.6340975053,-1.4356,3174258.05,1689151.70,4863409.75,0,0.0000
2023-11-10,167,5,722.48,5027448.81,5028171.29,0.00,0.00,100000.00,64761.54,1.3048,50.2817129118,-0.1495,3174258.05,1753913.24,4928171.29,0,0.0000
2023-11-13,167,5,722.48,5265335.64,5266058.13,0.00,0.00,100000.00,237886.83,4.7311,52.6605812579,0.0000,3174258.05,1991800.08,5166058.13,0,0.0000
2023-11-15,167,5,722.48,5259321.53,5260044.02,0.00,0.00,100000.00,-6014.11,-0.1142,52.6004401501,-0.1142,3174258.05,1985785.96,5160044.02,0,0.0000
2023-11-16,167,5,722.48,5287977.97,5288700.45,0.00,0.00,100000.00,28656.44,0.5448,52.8870045436,0.0000,3174258.05,2014442.40,5188700.45,0,0.0000
2023-11-17,167,5,722.48,5360528.32,5361250.81,0.00,0.00,100000.00,72550.35,1.3718,53.6125080658,0.0000,3174258.05,2086992.76,5261250.81,0,0.0000
2023-11-20,167,5,722.48,5226505.72,5227228.20,0.00,0.00,100000.00,-134022.61,-2.4998,52.2722820008,-2.4998,3174258.05,1952970.15,5127228.20,0,0.0000
2023-11-21,167,5,722.48,5140095.41,5140817.89,0.00,0.00,100000.00,-86410.31,-1.6531,51.4081788774,-4.1116,3174258.05,1866559.84,5040817.89,0,0.0000
2023-11-22,168,5,169.42,5045152.13,5045321.55,0.00,0.00,100000.00,-95496.33,-1.8576,50.4532155322,-5.8928,3265342.68,1679978.87,4945321.55,0,0.0000
2023-11-23,168,5,169.42,5110968.34,5111137.76,0.00,0.00,100000.00,65816.21,1.3045,51.1113775965,-4.6652,3265342.68,1745795.08,5011137.76,0,0.0000
2023-11-24,168,5,169.42,5158941.78,5159111.20,0.00,0.00,100000.00,47973.44,0.9386,51.5911120273,-3.7704,3265342.68,1793768.52,5059111.20,0,0.0000
2023-11-28,168,5,169.42,5235931.41,5236100.84,0.00,0.00,100000.00,76989.63,1.4923,52.3610083570,-2.3343,3265342.68,1870758.15,5136100.84,0,0.0000
2023-11-29,168,5,169.42,5263125.42,5263294.84,0.00,0.00,100000.00,27194.01,0.5194,52.6329484427,-1.8271,3265342.68,1897952.16,5163294.84,0,0.0000
2023-11-30,168,5,169.42,5323018.39,5323187.81,0.00,0.00,100000.00,59892.97,1.1379,53.2318781346,-0.7100,3265342.68,1957845.13,5223187.81,0,0.0000
2023-12-01,168,5,169.42,5344591.12,5344760.54,0.00,0.00,100000.00,21572.72,0.4053,53.4476053761,-0.3076,3265342.68,1979417.85,5244760.54,0,0.0000
2023-12-04,168,5,169.42,5378232.90,5378402.32,0.00,0.00,100000.00,33641.79,0.6294,53.7840232342,0.0000,3265342.68,2013059.64,5278402.32,0,0.0000
2023-12-05,168,5,169.42,5323449.64,5323619.06,0.00,0.00,100000.00,-54783.26,-1.0186,53.2361906335,-1.0186,3265342.68,1958276.38,5223619.06,0,0.0000
2023-12-06,168,5,169.42,5289035.00,5289204.43,0.00,0.00,100000.00,-34414.64,-0.6465,52.8920442567,-1.6584,3265342.68,1923861.74,5189204.43,0,0.0000
2023-12-07,168,5,169.42,5287902.27,5288071.69,0.00,0.00,100000.00,-1132.73,-0.0214,52.8807169331,-1.6795,3265342.68,1922729.01,5188071.69,0,0.0000
2023-12-08,168,5,169.42,5237780.46,5237949.88,0.00,0.00,100000.00,-50121.81,-0.9478,52.3794987997,-2.6114,3265342.68,1872607.20,5137949.88,0,0.0000
2023-12-11,168,5,169.42,5228978.32,5229147.74,0.00,0.00,100000.00,-8802.14,-0.1680,52.2914774475,-2.7751,3265342.68,1863805.06,5129147.74,0,0.0000
2023-12-12,168,5,169.42,5167173.26,5167342.68,0.00,0.00,100000.00,-61805.07,-1.1819,51.6734267697,-3.9242,3265342.68,1801999.99,5067342.68,0,0.0000
2023-12-13,168,5,169.42,5256551.69,5256721.11,0.00,0.00,100000.00,89378.43,1.7297,52.5672110824,-2.2624,3265342.68,1891378.42,5156721.11,0,0.0000
2023-12-14,168,5,169.42,5297403.45,5297572.88,0.00,0.00,100000.00,40851.77,0.7771,52.9757287567,-1.5029,3265342.68,1932230.19,5197572.88,0,0.0000
2023-12-15,168,5,169.42,5313997.35,5314166.77,0.00,0.00,100000.00,16593.90,0.3132,53.1416677148,-1.1943,3265342.68,1948824.09,5214166.77,0,0.0000
2023-12-18,168,5,169.42,5331492.53,5331661.96,0.00,0.00,100000.00,17495.18,0.3292,53.3166195564,-0.8690,3265342.68,1966319.27,5231661.96,0,0.0000
2023-12-19,168,5,169.42,5312305.07,5312474.49,0.00,0.00,100000.00,-19187.47,-0.3599,53.1247448933,-1.2258,3265342.68,1947131.81,5212474.49,0,0.0000
2023-12-20,168,5,169.42,5113277.06,5113446.48,0.00,0.00,100000.00,-199028.01,-3.7464,51.1344648114,-4.9263,3265342.68,1748103.80,5013446.48,0,0.0000
2023-12-21,169,5,1437.57,5219707.48,5221145.05,0.00,0.00,100000.00,107698.57,2.1062,52.2114505469,-2.9239,3859725.97,1261419.09,5121145.05,0,0.0000
2023-12-22,169,5,1437.57,5292898.88,5294336.45,0.00,0.00,100000.00,73191.40,1.4018,52.9433645337,-1.5630,3859725.97,1334610.49,5194336.45,0,0.0000
2023-12-26,169,5,1437.57,5421153.96,5422591.53,0.00,0.00,100000.00,128255.07,2.4225,54.2259152792,0.0000,3859725.97,1462865.56,5322591.53,0,0.0000
2023-12-27,169,5,1437.57,5434650.45,5436088.02,0.00,0.00,100000.00,13496.49,0.2489,54.3608801895,0.0000,3859725.97,1476362.05,5336088.02,0,0.0000
2023-12-28,169,5,1437.57,5431869.96,5433307.53,0.00,0.00,100000.00,-2780.48,-0.0511,54.3330753427,-0.0511,3859725.97,1473581.57,5333307.53,0,0.0000
2023-12-29,169,5,1437.57,5497475.36,5498912.93,0.00,0.00,100000.00,65605.39,1.2075,54.9891292737,0.0000,3859725.97,1539186.96,5398912.93,0,0.0000
2024-01-01,169,5,1437.57,5542117.98,5543555.55,0.00,0.00,100000.00,44642.62,0.8118,55.4355554956,0.0000,3859725.97,1583829.58,5443555.55,0,0.0000
2024-01-02,169,5,1437.57,5597862.29,5599299.86,0.00,0.00,100000.00,55744.31,1.0056,55.9929986441,0.0000,3859725.97,1639573.90,5499299.86,0,0.0000
2024-01-03,169,5,1437.57,5645400.21,5646837.78,0.00,0.00,100000.00,47537.92,0.8490,56.4683778330,0.0000,3859725.97,1687111.82,5546837.78,0,0.0000
2024-01-04,169,5,1437.57,5805516.54,5806954.11,0.00,0.00,100000.00,160116.33,2.8355,58.0695411130,0.0000,3859725.97,1847228.14,5706954.11,0,0.0000
2024-01-05,169,5,1437.57,5768482.91,5769920.48,0.00,0.00,100000.00,-37033.63,-0.6377,57.6992047992,-0.6377,3859725.97,1810194.51,5669920.48,0,0.0000
2024-01-08,169,5,1437.57,5703372.03,5704809.60,0.00,0.00,100000.00,-65110.88,-1.1285,57.0480959677,-1.7590,3859725.97,1745083.63,5604809.60,0,0.0000
2024-01-09,169,5,1437.57,5801371.52,5802809.09,0.00,0.00,100000.00,97999.49,1.7178,58.0280908670,-0.0714,3859725.97,1843083.12,5702809.09,0,0.0000
2024-01-10,169,5,1437.57,5985217.05,5986654.62,0.00,0.00,100000.00,183845.53,3.1682,59.8665462088,0.0000,3859725.97,2026928.65,5886654.62,0,0.0000
2024-01-11,169,5,1437.57,5974312.97,5975750.54,0.00,0.00,100000.00,-10904.08,-0.1821,59.7575053653,-0.1821,3859725.97,2016024.57,5875750.54,0,0.0000
2024-01-12,169,5,1437.57,5942967.47,5944405.05,0.00,0.00,100000.00,-31345.49,-0.5245,59.4440504559,-0.7057,3859725.97,1984679.08,5844405.05,0,0.0000
2024-01-15,169,5,1437.57,5934577.80,5936015.37,0.00,0.00,100000.00,-8389.67,-0.1411,59.3601537189,-0.8459,3859725.97,1976289.41,5836015.37,0,0.0000
2024-01-16,169,5,1437.57,5921949.38,5923386.95,0.00,0.00,100000.00,-12628.42,-0.2127,59.2338695282,-1.0568,3859725.97,1963660.99,5823386.95,0,0.0000
2024-01-17,169,5,1437.57,5919782.02,5921219.59,0.00,0.00,100000.00,-2167.37,-0.0366,59.2121958774,-1.0930,3859725.97,1961493.62,5821219.59,0,0.0000
2024-01-18,169,5,1437.57,5947812.80,5949250.37,0.00,0.00,100000.00,28030.79,0.4734,59.4925037430,-0.6248,3859725.97,1989524.41,5849250.37,0,0.0000
2024-01-19,170,5,2517.40,6228145.58,6230662.98,0.00,0.00,100000.00,281412.61,4.7302,62.3066298126,0.0000,4990566.07,1140096.91,6130662.98,0,0.0000
2024-01-23,170,5,2517.40,5884684.18,5887201.59,0.00,0.00,100000.00,-343461.39,-5.5124,58.8720158650,-5.5124,4990566.07,796635.52,5787201.59,0,0.0000
2024-01-24,170,5,2517.40,6041174.72,6043692.13,0.00,0.00,100000.00,156490.54,2.6581,60.4369212841,-3.0008,4990566.07,953126.06,5943692.13,0,0.0000
2024-01-25,170,5,2517.40,5990910.78,5993428.19,0.00,0.00,100000.00,-50263.94,-0.8317,59.9342818959,-3.8075,4990566.07,902862.12,5893428.19,0,0.0000
2024-01-29,170,5,2517.40,6059144.60,6061662.00,0.00,0.00,100000.00,68233.81,1.1385,60.6166200116,-2.7124,4990566.07,971095.93,5961662.00,0,0.0000
2024-01-30,170,5,2517.40,6157276.21,6159793.61,0.00,0.00,100000.00,98131.61,1.6189,61.5979361291,-1.1374,4990566.07,1069227.54,6059793.61,0,0.0000
2024-01-31,170,5,2517.40,6369943.07,6372460.48,0.00,0.00,100000.00,212666.87,3.4525,63.7246047958,0.0000,4990566.07,1281894.41,6272460.48,0,0.0000
2024-02-01,170,5,2517.40,6422960.67,6425478.07,0.00,0.00,100000.00,53017.59,0.8320,64.2547807141,0.0000,4990566.07,1334912.00,6325478.07,0,0.0000
2024-02-02,170,5,2517.40,6446367.44,6448884.84,0.00,0.00,100000.00,23406.77,0.3643,64.4888484344,0.0000,4990566.07,1358318.77,6348884.84,0,0.0000
2024-02-05,170,5,2517.40,6456713.63,6459231.03,0.00,0.00,100000.00,10346.19,0.1604,64.5923103335,0.0000,4990566.07,1368664.96,6359231.03,0,0.0000
2024-02-06,170,5,2517.40,6586400.88,6588918.29,0.00,0.00,100000.00,129687.25,2.0078,65.8891828704,0.0000,4990566.07,1498352.22,6488918.29,0,0.0000
2024-02-07,170,5,2517.40,6661966.40,6664483.80,0.00,0.00,100000.00,75565.52,1.1469,66.6448380325,0.0000,4990566.07,1573917.73,6564483.80,0,0.0000
2024-02-08,170,5,2517.40,6733902.61,6736420.01,0.00,0.00,100000.00,71936.21,1.0794,67.3642001022,0.0000,4990566.07,1645853.94,6636420.01,0,0.0000
2024-02-09,170,5,2517.40,6588837.09,6591354.49,0.00,0.00,100000.00,-145065.52,-2.1535,65.9135448989,-2.1535,4990566.07,1500788.42,6491354.49,0,0.0000
2024-02-12,170,5,2517.40,6288591.12,6291108.52,0.00,0.00,100000.00,-300245.97,-4.5551,62.9110852273,-6.6105,4990566.07,1200542.45,6191108.52,0,0.0000
2024-02-13,170,5,2517.40,6360251.90,6362769.30,0.00,0.00,100000.00,71660.78,1.1391,63.6276930316,-5.5467,4990566.07,1272203.23,6262769.30,0,0.0000
2024-02-14,170,5,2517.40,6480128.80,6482646.20,0.00,0.00,100000.00,119876.90,1.8840,64.8264620428,-3.7672,4990566.07,1392080.13,6382646.20,0,0.0000
2024-02-15,170,5,2517.40,6591697.41,6594214.82,0.00,0.00,100000.00,111568.61,1.7210,65.9421481591,-2.1110,4990566.07,1503648.75,6494214.82,0,0.0000
2024-02-16,170,5,2517.40,6522304.76,6524822.17,0.00,0.00,100000.00,-69392.65,-1.0523,65.2482216973,-3.1411,4990566.07,1434256.10,6424822.17,0,0.0000
2024-02-19,170,5,2517.40,6509926.20,6512443.60,0.00,0.00,100000.00,-12378.56,-0.1897,65.1244360492,-3.3249,4990566.07,1421877.53,6412443.60,0,0.0000
2024-02-20,171,5,9424.31,6556053.06,6565477.37,0.00,0.00,100000.00,53033.77,0.8143,65.6547737050,-2.5376,5952135.92,513341.46,6465477.37,0,0.0000
2024-02-21,171,5,9424.31,6473326.45,6482750.76,0.00,0.00,100000.00,-82726.61,-1.2600,64.8275075735,-3.7656,5952135.92,430614.84,6382750.76,0,0.0000
2024-02-22,171,5,9424.31,6502116.57,6511540.89,0.00,0.00,100000.00,28790.13,0.4441,65.1154088568,-3.3383,5952135.92,459404.97,6411540.89,0,0.0000
2024-02-23,171,5,9424.31,6536811.28,6546235.60,0.00,0.00,100000.00,34694.71,0.5328,65.4623559581,-2.8232,5952135.92,494099.68,6446235.60,0,0.0000
2024-02-26,171,5,9424.31,6653754.43,6663178.74,0.00,0.00,100000.00,116943.14,1.7864,66.6317873923,-1.0872,5952135.92,611042.82,6563178.74,0,0.0000
2024-02-27,171,5,9424.31,6623585.37,6633009.68,0.00,0.00,100000.00,-30169.06,-0.4528,66.3300967950,-1.5351,5952135.92,580873.76,6533009.68,0,0.0000
2024-02-28,171,5,9424.31,6488770.28,6498194.60,0.00,0.00,100000.00,-134815.08,-2.0325,64.9819459517,-3.5364,5952135.92,446058.68,6398194.60,0,0.0000
2024-02-29,171,5,9424.31,6544674.59,6554098.91,0.00,0.00,100000.00,55904.31,0.8603,65.5409890549,-2.7065,5952135.92,501962.99,6454098.91,0,0.0000
2024-03-01,171,5,9424.31,6671449.05,6680873.36,0.00,0.00,100000.00,126774.46,1.9343,66.8087336375,-0.8246,5952135.92,628737.45,6580873.36,0,0.0000
2024-03-04,171,5,9424.31,6684888.13,6694312.44,0.00,0.00,100000.00,13439.08,0.2012,66.9431244104,-0.6251,5952135.92,642176.53,6594312.44,0,0.0000
2024-03-05,171,5,9424.31,6751317.16,6760741.48,0.00,0.00,100000.00,66429.03,0.9923,67.6074147500,0.0000,5952135.92,708605.56,6660741.48,0,0.0000
2024-03-06,171,5,9424.31,6670155.05,6679579.36,0.00,0.00,100000.00,-81162.11,-1.2005,66.7957936334,-1.2005,5952135.92,627443.45,6579579.36,0,0.0000
2024-03-07,171,5,9424.31,6828042.55,6837466.86,0.00,0.00,100000.00,157887.50,2.3637,68.3746685980,0.0000,5952135.92,785330.94,6737466.86,0,0.0000
2024-03-11,171,5,9424.31,6806191.11,6815615.43,0.00,0.00,100000.00,-21851.43,-0.3196,68.1561542509,-0.3196,5952135.92,763479.51,6715615.43,0,0.0000
2024-03-12,171,5,9424.31,6711771.67,6721195.98,0.00,0.00,100000.00,-94419.44,-1.3853,67.2119598431,-1.7005,5952135.92,669060.07,6621195.98,0,0.0000
2024-03-13,171,5,9424.31,6377082.24,6386506.55,0.00,0.00,100000.00,-334689.43,-4.9796,63.8650655342,-6.5954,5952135.92,334370.64,6286506.55,0,0.0000
2024-03-14,171,5,9424.31,6576547.14,6585971.45,0.00,0.00,100000.00,199464.89,3.1232,65.8597144818,-3.6782,5952135.92,533835.53,6485971.45,0,0.0000
2024-03-15,171,5,9424.31,6531887.05,6541311.36,0.00,0.00,100000.00,-44660.08,-0.6781,65.4131136430,-4.3314,5952135.92,489175.45,6441311.36,0,0.0000
2024-03-18,171,5,9424.31,6466019.11,6475443.43,0.00,0.00,100000.00,-65867.94,-1.0070,64.7544342581,-5.2947,5952135.92,423307.51,6375443.43,0,0.0000
2024-03-19,171,5,9424.31,6311553.30,6320977.61,0.00,0.00,100000.00,-154465.82,-2.3854,63.2097760882,-7.5538,5952135.92,268841.69,6220977.61,0,0.0000
2024-03-20,172,5,3155.95,6324458.69,6327614.64,0.00,0.00,100000.00,6637.03,0.1050,63.2761463875,-7.4567,5977678.96,249935.68,6227614.64,0,0.0000
2024-03-21,172,5,3155.95,6526742.09,6529898.04,0.00,0.00,100000.00,202283.40,3.1968,65.2989803788,-4.4983,5977678.96,452219.08,6429898.04,0,0.0000
2024-03-22,172,5,3155.95,6540105.34,6543261.29,0.00,0.00,100000.00,13363.25,0.2046,65.4326128781,-4.3028,5977678.96,465582.33,6443261.29,0,0.0000
2024-03-26,172,5,3155.95,6666838.63,6669994.58,0.00,0.00,100000.00,126733.30,1.9369,66.6999458352,-2.4493,5977678.96,592315.63,6569994.58,0,0.0000
2024-03-27,172,5,3155.95,6647108.11,6650264.06,0.00,0.00,100000.00,-19730.52,-0.2958,66.5026406338,-2.7379,5977678.96,572585.11,6550264.06,0,0.0000
2024-03-28,172,5,3155.95,6699630.54,6702786.49,0.00,0.00,100000.00,52522.42,0.7898,67.0278648734,-1.9697,5977678.96,625107.53,6602786.49,0,0.0000
2024-04-01,172,5,3155.95,6856465.00,6859620.95,0.00,0.00,100000.00,156834.47,2.3398,68.5962095415,0.0000,5977678.96,781942.00,6759620.95,0,0.0000
2024-04-02,172,5,3155.95,6949640.63,6952796.58,0.00,0.00,100000.00,93175.63,1.3583,69.5279658187,0.0000,5977678.96,875117.63,6852796.58,0,0.0000
2024-04-03,172,5,3155.95,7063182.13,7066338.08,0.00,0.00,100000.00,113541.50,1.6330,70.6633807801,0.0000,5977678.96,988659.12,6966338.08,0,0.0000
2024-04-04,172,5,3155.95,7153686.59,7156842.54,0.00,0.00,100000.00,90504.46,1.2808,71.5684254010,0.0000,5977678.96,1079163.58,7056842.54,0,0.0000
2024-04-05,172,5,3155.95,7143824.37,7146980.32,0.00,0.00,100000.00,-9862.22,-0.1378,71.4698032160,-0.1378,5977678.96,1069301.37,7046980.32,0,0.0000
2024-04-08,172,5,3155.95,7109219.63,7112375.58,0.00,0.00,100000.00,-34604.74,-0.4842,71.1237557677,-0.6213,5977678.96,1034696.62,7012375.58,0,0.0000
2024-04-09,172,5,3155.95,7063301.01,7066456.96,0.00,0.00,100000.00,-45918.62,-0.6456,70.6645696121,-1.2629,5977678.96,988778.01,6966456.96,0,0.0000
2024-04-10,172,5,3155.95,7037281.36,7040437.32,0.00,0.00,100000.00,-26019.65,-0.3682,70.4043731511,-1.6265,5977678.96,962758.36,6940437.32,0,0.0000
2024-04-12,172,5,3155.95,6885051.02,6888206.97,0.00,0.00,100000.00,-152230.35,-2.1622,68.8820696892,-3.7535,5977678.96,810528.01,6788206.97,0,0.0000
2024-04-15,172,5,3155.95,6771889.11,6775045.06,0.00,0.00,100000.00,-113161.91,-1.6428,67.7504505833,-5.3347,5977678.96,697366.10,6675045.06,0,0.0000
2024-04-16,172,5,3155.95,6791063.28,6794219.23,0.00,0.00,100000.00,19174.17,0.2830,67.9421922698,-5.0668,5977678.96,716540.27,6694219.23,0,0.0000
2024-04-18,172,5,3155.95,6704511.51,6707667.47,0.00,0.00,100000.00,-86551.76,-1.2739,67.0766746614,-6.2762,5977678.96,629988.51,6607667.47,0,0.0000
2024-04-19,172,5,3155.95,6690706.20,6693862.15,0.00,0.00,100000.00,-13805.31,-0.2058,66.9386215261,-6.4691,5977678.96,616183.20,6593862.15,0,0.0000
2024-04-22,172,5,3155.95,6753998.18,6757154.13,0.00,0.00,100000.00,63291.97,0.9455,67.5715412686,-5.5847,5977678.96,679475.17,6657154.13,0,0.0000
2024-04-23,173,5,1461.21,6722072.36,6723533.57,0.00,0.00,100000.00,-33620.56,-0.4976,67.2353356982,-6.0545,6156112.55,467421.02,6623533.57,0,0.0000
2024-04-24,173,5,1461.21,6857202.09,6858663.30,0.00,0.00,100000.00,135129.73,2.0098,68.5866330369,-4.1664,6156112.55,602550.76,6758663.30,0,0.0000
2024-04-25,173,5,1461.21,6869723.58,6871184.79,0.00,0.00,100000.00,12521.49,0.1826,68.7118479408,-3.9914,6156112.55,615072.25,6771184.79,0,0.0000
2024-04-26,173,5,1461.21,6970451.34,6971912.55,0.00,0.00,100000.00,100727.76,1.4659,69.7191255230,-2.5840,6156112.55,715800.00,6871912.55,0,0.0000
2024-04-29,173,5,1461.21,7100126.46,7101587.67,0.00,0.00,100000.00,129675.12,1.8600,71.0158766799,-0.7721,6156112.55,845475.12,7001587.67,0,0.0000
2024-04-30,173,5,1461.21,7077312.73,7078773.94,0.00,0.00,100000.00,-22813.73,-0.3212,70.7877394268,-1.0908,6156112.55,822661.39,6978773.94,0,0.0000
2024-05-02,173,5,1461.21,7170067.58,7171528.79,0.00,0.00,100000.00,92754.85,1.3103,71.7152879269,0.0000,6156112.55,915416.24,7071528.79,0,0.0000
2024-05-03,173,5,1461.21,7122315.20,7123776.41,0.00,0.00,100000.00,-47752.39,-0.6659,71.2377640530,-0.6659,6156112.55,867663.86,7023776.41,0,0.0000
2024-05-06,173,5,1461.21,7032320.88,7033782.09,0.00,0.00,100000.00,-89994.32,-1.2633,70.3378208578,-1.9207,6156112.55,777669.54,6933782.09,0,0.0000
2024-05-07,173,5,1461.21,6930728.84,6932190.05,0.00,0.00,100000.00,-101592.04,-1.4443,69.3219004835,-3.3373,6156112.55,676077.50,6832190.05,0,0.0000
2024-05-08,173,5,1461.21,6938648.93,6940110.14,0.00,0.00,100000.00,7920.09,0.1143,69.4011014224,-3.2269,6156112.55,683997.59,6840110.14,0,0.0000
2024-05-09,173,5,1461.21,6710808.87,6712270.08,0.00,0.00,100000.00,-227840.07,-3.2829,67.1227007667,-6.4039,6156112.55,456157.53,6612270.08,0,0.0000
2024-05-10,173,5,1461.21,6723310.64,6724771.85,0.00,0.00,100000.00,12501.78,0.1863,67.2477185487,-6.2296,6156112.55,468659.31,6624771.85,0,0.0000
2024-05-13,173,5,1461.21,6796467.89,6797929.10,0.00,0.00,100000.00,73157.25,1.0879,67.9792910410,-5.2095,6156112.55,541816.56,6697929.10,0,0.0000
2024-05-14,173,5,1461.21,7068230.30,7069691.51,0.00,0.00,100000.00,271762.41,3.9977,70.6969151203,-1.4200,6156112.55,813578.96,6969691.51,0,0.0000
2024-05-15,173,5,1461.21,7151365.11,7152826.32,0.00,0.00,100000.00,83134.80,1.1759,71.5282631556,-0.2608,6156112.55,896713.77,7052826.32,0,0.0000
2024-05-16,173,5,1461.21,7256167.90,7257629.11,0.00,0.00,100000.00,104802.79,1.4652,72.5762910937,0.0000,6156112.55,1001516.56,7157629.11,0,0.0000
2024-05-17,173,5,1461.21,7386549.12,7388010.33,0.00,0.00,100000.00,130381.22,1.7965,73.8801032554,0.0000,6156112.55,1131897.78,7288010.33,0,0.0000
2024-05-21,173,5,1461.21,7673046.17,7674507.38,0.00,0.00,100000.00,286497.06,3.8779,76.7450738393,0.0000,6156112.55,1418394.84,7574507.38,0,0.0000
2024-05-22,173,5,1461.21,7774983.74,7776444.95,0.00,0.00,100000.00,101937.56,1.3283,77.7644494520,0.0000,6156112.55,1520332.40,7676444.95,0,0.0000
2024-05-23,174,5,6143.60,7838013.57,7844157.17,0.00,0.00,100000.00,67712.23,0.8707,78.4415717146,0.0000,6832546.83,911610.34,7744157.17,0,0.0000
2024-05-24,174,5,6143.60,7750386.32,7756529.92,0.00,0.00,100000.00,-87627.25,-1.1171,77.5652991982,-1.1171,6832546.83,823983.09,7656529.92,0,0.0000
2024-05-27,174,5,6143.60,7833436.05,7839579.65,0.00,0.00,100000.00,83049.73,1.0707,78.3957965430,-0.0584,6832546.83,907032.82,7739579.65,0,0.0000
2024-05-28,174,5,6143.60,7663831.12,7669974.72,0.00,0.00,100000.00,-169604.93,-2.1634,76.6997472285,-2.2205,6832546.83,737427.89,7569974.72,0,0.0000
2024-05-29,174,5,6143.60,7709507.28,7715650.89,0.00,0.00,100000.00,45676.16,0.5955,77.1565088709,-1.6382,6832546.83,783104.06,7615650.89,0,0.0000
2024-05-30,174,5,6143.60,7715520.37,7721663.97,0.00,0.00,100000.00,6013.09,0.0779,77.2166397228,-1.5616,6832546.83,789117.14,7621663.97,0,0.0000
2024-05-31,174,5,6143.60,7869314.97,7875458.58,0.00,0.00,100000.00,153794.60,1.9917,78.7545857526,0.0000,6832546.83,942911.75,7775458.58,0,0.0000
2024-06-03,174,5,6143.60,8080536.30,8086679.90,0.00,0.00,100000.00,211221.32,2.6820,80.8667989944,0.0000,6832546.83,1154133.07,7986679.90,0,0.0000
2024-06-04,174,5,6143.60,7291432.74,7297576.35,0.00,0.00,100000.00,-789103.55,-9.7581,72.9757634698,-9.7581,6832546.83,365029.52,7197576.35,0,0.0000
2024-06-05,174,5,6143.60,7382161.17,7388304.78,0.00,0.00,100000.00,90728.43,1.2433,73.8830477506,-8.6361,6832546.83,455757.95,7288304.78,0,0.0000
2024-06-06,174,5,6143.60,7663698.55,7669842.16,0.00,0.00,100000.00,281537.38,3.8106,76.6984215672,-5.1546,6832546.83,737295.33,7569842.16,0,0.0000
2024-06-07,174,5,6143.60,7823558.10,7829701.71,0.00,0.00,100000.00,159859.55,2.0843,78.2970170770,-3.1778,6832546.83,897154.88,7729701.71,0,0.0000
2024-06-10,174,5,6143.60,8021632.50,8027776.11,0.00,0.00,100000.00,198074.40,2.5298,80.2777610683,-0.7284,6832546.83,1095229.28,7927776.11,0,0.0000
2024-06-11,174,5,6143.60,8214339.84,8220483.45,0.00,0.00,100000.00,192707.34,2.4005,82.2048344543,0.0000,6832546.83,1287936.62,8120483.45,0,0.0000
2024-06-12,174,5,6143.60,8351202.06,8357345.67,0.00,0.00,100000.00,136862.22,1.6649,83.5734566836,0.0000,6832546.83,1424798.84,8257345.67,0,0.0000
2024-06-13,174,5,6143.60,8592860.28,8599003.88,0.00,0.00,100000.00,241658.22,2.8916,85.9900388375,0.0000,6832546.83,1666457.05,8499003.88,0,0.0000
2024-06-14,174,5,6143.60,8709159.12,8715302.73,0.00,0.00,100000.00,116298.84,1.3525,87.1530272701,0.0000,6832546.83,1782755.90,8615302.73,0,0.0000
2024-06-18,174,5,6143.60,8778455.70,8784599.31,0.00,0.00,100000.00,69296.58,0.7951,87.8459930819,0.0000,6832546.83,1852052.48,8684599.31,0,0.0000
2024-06-19,174,5,6143.60,8771791.55,8777935.15,0.00,0.00,100000.00,-6664.16,-0.0759,87.7793515224,-0.0759,6832546.83,1845388.32,8677935.15,0,0.0000
2024-06-20,174,5,6143.60,8795179.85,8801323.45,0.00,0.00,100000.00,23388.30,0.2664,88.0132345324,0.0000,6832546.83,1868776.62,8701323.45,0,0.0000
2024-06-21,175,5,5700.88,8689226.75,8694927.62,0.00,0.00,100000.00,-106395.83,-1.2089,86.9492762321,-1.2089,8581056.55,13871.07,8594927.62,0,0.0000
2024-06-24,175,5,5700.88,8821640.14,8827341.01,0.00,0.00,100000.00,132413.39,1.5229,88.2734101090,0.0000,8581056.55,146284.46,8727341.01,0,0.0000
2024-06-25,175,5,5700.88,8883641.60,8889342.47,0.00,0.00,100000.00,62001.46,0.7024,88.8934247086,0.0000,8581056.55,208285.92,8789342.47,0,0.0000
2024-06-26,175,5,5700.88,8833663.83,8839364.71,0.00,0.00,100000.00,-49977.76,-0.5622,88.3936470963,-0.5622,8581056.55,158308.16,8739364.71,0,0.0000
2024-06-27,175,5,5700.88,8873028.66,8878729.54,0.00,0.00,100000.00,39364.83,0.4453,88.7872953971,-0.1194,8581056.55,197672.99,8778729.54,0,0.0000
2024-06-28,175,5,5700.88,8850517.00,8856217.88,0.00,0.00,100000.00,-22511.66,-0.2535,88.5621787711,-0.3726,8581056.55,175161.33,8756217.88,0,0.0000
2024-07-01,175,5,5700.88,9036425.82,9042126.70,0.00,0.00,100000.00,185908.82,2.0992,90.4212669694,0.0000,8581056.55,361070.15,8942126.70,0,0.0000
2024-07-02,175,5,5700.88,9028915.79,9034616.67,0.00,0.00,100000.00,-7510.03,-0.0831,90.3461666764,-0.0831,8581056.55,353560.12,8934616.67,0,0.0000
2024-07-03,175,5,5700.88,9208148.49,9213849.37,0.00,0.00,100000.00,179232.70,1.9838,92.1384936735,0.0000,8581056.55,532792.82,9113849.37,0,0.0000
2024-07-04,175,5,5700.88,9479859.09,9485559.96,0.00,0.00,100000.00,271710.59,2.9489,94.8555996061,0.0000,8581056.55,804503.41,9385559.96,0,0.0000
2024-07-05,175,5,5700.88,9578311.54,9584012.41,0.00,0.00,100000.00,98452.45,1.0379,95.8401241031,0.0000,8581056.55,902955.86,9484012.41,0,0.0000
2024-07-08,175,5,5700.88,9477724.65,9483425.53,0.00,0.00,100000.00,-100586.88,-1.0495,94.8342552604,-1.0495,8581056.55,802368.98,9383425.53,0,0.0000
2024-07-09,175,5,5700.88,9464416.94,9470117.82,0.00,0.00,100000.00,-13307.71,-0.1403,94.7011781901,-1.1884,8581056.55,789061.27,9370117.82,0,0.0000
2024-07-10,175,5,5700.88,9230124.89,9235825.77,0.00,0.00,100000.00,-234292.05,-2.4740,92.3582576676,-3.6330,8581056.55,554769.22,9135825.77,0,0.0000
2024-07-11,175,5,5700.88,9413240.33,9418941.21,0.00,0.00,100000.00,183115.44,1.9827,94.1894120670,-1.7224,8581056.55,737884.66,9318941.21,0,0.0000
2024-07-12,175,5,5700.88,9344683.46,9350384.34,0.00,0.00,100000.00,-68556.87,-0.7279,93.5038433805,-2.4377,8581056.55,669327.79,9250384.34,0,0.0000
2024-07-15,175,5,5700.88,9622398.62,9628099.50,0.00,0.00,100000.00,277715.16,2.9701,96.2809949625,0.0000,8581056.55,947042.95,9528099.50,0,0.0000
2024-07-16,175,5,5700.88,9487354.87,9493055.74,0.00,0.00,100000.00,-135043.75,-1.4026,94.9305574137,-1.4026,8581056.55,811999.19,9393055.74,0,0.0000
2024-07-18,175,5,5700.88,9164717.85,9170418.72,0.00,0.00,100000.00,-322637.02,-3.3987,91.7041872281,-4.7536,8581056.55,489362.17,9070418.72,0,0.0000
2024-07-19,175,5,5700.88,8873067.15,8878768.03,0.00,0.00,100000.00,-291650.70,-3.1803,88.7876802506,-7.7828,8581056.55,197711.48,8778768.03,0,0.0000
2024-07-22,176,5,13176.67,8972829.34,8986006.01,0.00,0.00,100000.00,107237.99,1.2078,89.8600601486,-6.6690,8568927.21,317078.81,8886006.01,0,0.0000
2024-07-23,176,5,13176.67,8688407.95,8701584.62,0.00,0.00,100000.00,-284421.39,-3.1652,87.0158462393,-9.6230,8568927.21,32657.41,8601584.62,0,0.0000
2024-07-24,176,5,13176.67,8723793.18,8736969.86,0.00,0.00,100000.00,35385.23,0.4067,87.3696985526,-9.2555,8568927.21,68042.65,8636969.86,0,0.0000
2024-07-25,176,5,13176.67,8539161.20,8552337.87,0.00,0.00,100000.00,-184631.98,-2.1132,85.5233787143,-11.1731,8568927.21,-116589.34,8452337.87,0,0.0000
2024-07-26,176,5,13176.67,8557852.12,8571028.79,0.00,0.00,100000.00,18690.92,0.2185,85.7102879465,-10.9790,8568927.21,-97898.41,8471028.79,0,0.0000
2024-07-29,176,5,13176.67,8900206.36,8913383.03,0.00,0.00,100000.00,342354.24,3.9943,89.1338303134,-7.4232,8568927.21,244455.82,8813383.03,0,0.0000
2024-07-30,176,5,13176.67,8959917.80,8973094.48,0.00,0.00,100000.00,59711.45,0.6699,89.7309447696,-6.8031,8568927.21,304167.27,8873094.48,0,0.0000
2024-07-31,176,5,13176.67,8865947.41,8879124.09,0.00,0.00,100000.00,-93970.39,-1.0472,88.7912408554,-7.7791,8568927.21,210196.88,8779124.09,0,0.0000
2024-08-01,176,5,13176.67,8687364.28,8700540.95,0.00,0.00,100000.00,-178583.13,-2.0113,87.0054095413,-9.6339,8568927.21,31613.74,8600540.95,0,0.0000
2024-08-02,176,5,13176.67,8604279.70,8617456.38,0.00,0.00,100000.00,-83084.58,-0.9549,86.1745637717,-10.4968,8568927.21,-51470.83,8517456.38,0,0.0000
2024-08-05,176,5,13176.67,8145481.90,8158658.57,0.00,0.00,100000.00,-458797.80,-5.3241,81.5865857437,-15.2620,8568927.21,-510268.64,8058658.57,0,0.0000
2024-08-06,176,5,13176.67,8011041.35,8024218.02,0.00,0.00,100000.00,-134440.55,-1.6478,80.2421802280,-16.6583,8568927.21,-644709.19,7924218.02,0,0.0000
2024-08-07,176,5,13176.67,8313612.79,8326789.47,0.00,0.00,100000.00,302571.44,3.7707,83.2678946683,-13.5158,8568927.21,-342137.74,8226789.47,0,0.0000
2024-08-08,176,5,13176.67,8149020.86,8162197.53,0.00,0.00,100000.00,-164591.94,-1.9767,81.6219752902,-15.2252,8568927.21,-506729.68,8062197.53,0,0.0000
2024-08-09,176,5,13176.67,8178135.09,8191311.77,0.00,0.00,100000.00,29114.24,0.3567,81.9131176584,-14.9229,8568927.21,-477615.44,8091311.77,0,0.0000
2024-08-12,176,5,13176.67,8340557.67,8353734.34,0.00,0.00,100000.00,162422.57,1.9829,83.5373433945,-13.2359,8568927.21,-315192.87,8253734.34,0,0.0000
2024-08-13,176,5,13176.67,8218701.83,8231878.51,0.00,0.00,100000.00,-121855.83,-1.4587,82.3187850571,-14.5015,8568927.21,-437048.70,8131878.51,0,0.0000
2024-08-14,176,5,13176.67,8123001.75,8136178.43,0.00,0.00,100000.00,-95700.08,-1.1626,81.3617842551,-15.4955,8568927.21,-532748.78,8036178.43,0,0.0000
2024-08-16,176,5,13176.67,8286605.91,8299782.58,0.00,0.00,100000.00,163604.15,2.0108,82.9978257907,-13.7963,8568927.21,-369144.63,8199782.58,0,0.0000
2024-08-19,176,5,13176.67,8361340.48,8374517.15,0.00,0.00,100000.00,74734.57,0.9004,83.7451715244,-13.0200,8568927.21,-294410.06,8274517.15,0,0.0000
2024-08-20,177,5,13995.72,8228274.24,8242269.96,0.00,0.00,100000.00,-132247.19,-1.5792,82.4226995899,-14.3936,8290379.33,-148109.37,8142269.96,0,0.0000
2024-08-21,177,5,13995.72,8269767.86,8283763.58,0.00,0.00,100000.00,41493.62,0.5034,82.8376357502,-13.9626,8290379.33,-106615.75,8183763.58,0,0.0000
2024-08-22,177,5,13995.72,8344440.98,8358436.70,0.00,0.00,100000.00,74673.12,0.9014,83.5843669660,-13.1871,8290379.33,-31942.63,8258436.70,0,0.0000
2024-08-23,177,5,13995.72,8406577.46,8420573.17,0.00,0.00,100000.00,62136.48,0.7434,84.2057317408,-12.5417,8290379.33,30193.84,8320573.17,0,0.0000
2024-08-26,177,5,13995.72,8457816.61,8471812.32,0.00,0.00,100000.00,51239.15,0.6085,84.7181232209,-12.0095,8290379.33,81432.99,8371812.32,0,0.0000
2024-08-27,177,5,13995.72,8460381.31,8474377.03,0.00,0.00,100000.00,2564.70,0.0303,84.7437702558,-11.9829,8290379.33,83997.70,8374377.03,0,0.0000
2024-08-28,177,5,13995.72,8544246.36,8558242.08,0.00,0.00,100000.00,83865.05,0.9896,85.5824207874,-11.1118,8290379.33,167862.75,8458242.08,0,0.0000
2024-08-29,177,5,13995.72,8498060.61,8512056.32,0.00,0.00,100000.00,-46185.75,-0.5397,85.1205632465,-11.5915,8290379.33,121677.00,8412056.32,0,0.0000
2024-08-30,177,5,13995.72,8541792.67,8555788.38,0.00,0.00,100000.00,43732.06,0.5138,85.5578838300,-11.1373,8290379.33,165409.05,8455788.38,0,0.0000
2024-09-02,177,5,13995.72,8385453.30,8399449.01,0.00,0.00,100000.00,-156339.37,-1.8273,83.9944901307,-12.7611,8290379.33,9069.68,8299449.01,0,0.0000
2024-09-03,177,5,13995.72,8438137.15,8452132.86,0.00,0.00,100000.00,52683.85,0.6272,84.5213286384,-12.2139,8290379.33,61753.53,8352132.86,0,0.0000
2024-09-04,177,5,13995.72,8333542.18,8347537.89,0.00,0.00,100000.00,-104594.97,-1.2375,83.4753789301,-13.3003,8290379.33,-42841.44,8247537.89,0,0.0000
2024-09-05,177,5,13995.72,8181891.95,8195887.67,0.00,0.00,100000.00,-151650.23,-1.8167,81.9588766718,-14.8753,8290379.33,-194491.66,8095887.67,0,0.0000
2024-09-06,177,5,13995.72,7977210.52,7991206.24,0.00,0.00,100000.00,-204681.43,-2.4974,79.9120624036,-17.0012,8290379.33,-399173.09,7891206.24,0,0.0000
2024-09-09,177,5,13995.72,7995225.11,8009220.82,0.00,0.00,100000.00,18014.58,0.2254,80.0922082423,-16.8141,8290379.33,-381158.50,7909220.82,0,0.0000
2024-09-10,177,5,13995.72,7971717.16,7985712.87,0.00,0.00,100000.00,-23507.95,-0.2935,79.8571287446,-17.0583,8290379.33,-404666.45,7885712.87,0,0.0000
2024-09-11,177,5,13995.72,7882018.53,7896014.24,0.00,0.00,100000.00,-89698.63,-1.1232,78.9601424207,-17.9899,8290379.33,-494365.09,7796014.24,0,0.0000
2024-09-12,177,5,13995.72,7900479.05,7914474.77,0.00,0.00,100000.00,18460.52,0.2338,79.1447476551,-17.7982,8290379.33,-475904.56,7814474.77,0,0.0000
2024-09-13,177,5,13995.72,7957871.25,7971866.96,0.00,0.00,100000.00,57392.20,0.7252,79.7186696351,-17.2021,8290379.33,-418512.37,7871866.96,0,0.0000
2024-09-16,177,5,13995.72,8110785.81,8124781.53,0.00,0.00,100000.00,152914.56,1.9182,81.2478152631,-15.6139,8290379.33,-265597.80,8024781.53,0,0.0000
2024-09-17,178,5,2083.48,7961705.03,7963788.52,0.00,0.00,100000.00,-160993.01,-1.9815,79.6378851577,-17.2860,8262884.22,-399095.71,7863788.52,0,0.0000
2024-09-18,178,5,2083.48,7882694.26,7884777.74,0.00,0.00,100000.00,-79010.78,-0.9921,78.8477773919,-18.1066,8262884.22,-478106.49,7784777.74,0,0.0000
2024-09-19,178,5,2083.48,7855664.22,7857747.70,0.00,0.00,100000.00,-27030.04,-0.3428,78.5774770205,-18.3873,8262884.22,-505136.52,7757747.70,0,0.0000
2024-09-20,178,5,2083.48,8042841.44,8044924.92,0.00,0.00,100000.00,187177.22,2.3821,80.4492491805,-16.4433,8262884.22,-317959.31,7944924.92,0,0.0000
2024-09-23,178,5,2083.48,8016708.65,8018792.13,0.00,0.00,100000.00,-26132.79,-0.3248,80.1879213173,-16.7147,8262884.22,-344092.09,7918792.13,0,0.0000
2024-09-24,178,5,2083.48,8079389.52,8081473.00,0.00,0.00,100000.00,62680.87,0.7817,80.8147300115,-16.0637,8262884.22,-281411.22,7981473.00,0,0.0000
2024-09-25,178,5,2083.48,8007823.58,8009907.06,0.00,0.00,100000.00,-71565.94,-0.8856,80.0990705712,-16.8070,8262884.22,-352977.17,7909907.06,0,0.0000
2024-09-26,178,5,2083.48,7924149.48,7926232.96,0.00,0.00,100000.00,-83674.09,-1.0446,79.2623296450,-17.6760,8262884.22,-436651.26,7826232.96,0,0.0000
2024-09-27,178,5,2083.48,7793815.10,7795898.58,0.00,0.00,100000.00,-130334.38,-1.6443,77.9589858065,-19.0297,8262884.22,-566985.64,7695898.58,0,0.0000
2024-09-30,178,5,2083.48,7878055.37,7880138.85,0.00,0.00,100000.00,84240.27,1.0806,78.8013885396,-18.1548,8262884.22,-482745.37,7780138.85,0,0.0000
2024-10-01,178,5,2083.48,7968921.49,7971004.97,0.00,0.00,100000.00,90866.12,1.1531,79.7100497106,-17.2110,8262884.22,-391879.25,7871004.97,0,0.0000
2024-10-03,178,5,2083.48,7747287.68,7749371.17,0.00,0.00,100000.00,-221633.81,-2.7805,77.4937116579,-19.5130,8262884.22,-613513.06,7649371.17,0,0.0000
2024-10-04,178,5,2083.48,7565976.54,7568060.02,0.00,0.00,100000.00,-181311.15,-2.3397,75.6806001797,-21.3961,8262884.22,-794824.21,7468060.02,0,0.0000
2024-10-07,178,5,2083.48,7195655.06,7197738.55,0.00,0.00,100000.00,-370321.47,-4.8932,71.9773854580,-25.2424,8262884.22,-1165145.68,7097738.55,0,0.0000
2024-10-08,178,5,2083.48,7704300.82,7706384.30,0.00,0.00,100000.00,508645.75,7.0667,77.0638429735,-19.9594,8262884.22,-656499.93,7606384.30,0,0.0000
2024-10-09,178,5,2083.48,7789215.37,7791298.85,0.00,0.00,100000.00,84914.55,1.1019,77.9129884725,-19.0775,8262884.22,-571585.38,7691298.85,0,0.0000
2024-10-10,178,5,2083.48,7696997.62,7699081.10,0.00,0.00,100000.00,-92217.75,-1.1836,76.9908109929,-20.0353,8262884.22,-663803.13,7599081.10,0,0.0000
2024-10-11,178,5,2083.48,7669376.84,7671460.32,0.00,0.00,100000.00,-27620.78,-0.3588,76.7146032213,-20.3222,8262884.22,-691423.90,7571460.32,0,0.0000
2024-10-14,178,5,2083.48,7685756.94,7687840.43,0.00,0.00,100000.00,16380.10,0.2135,76.8784042531,-20.1520,8262884.22,-675043.80,7587840.43,0,0.0000
2024-10-15,178,5,2083.48,7737072.96,7739156.45,0.00,0.00,100000.00,51316.02,0.6675,77.3915644573,-19.6191,8262884.22,-623727.78,7639156.45,0,0.0000
2024-10-16,179,5,12291.04,7659278.64,7671569.68,0.00,0.00,100000.00,-67586.77,-0.8733,76.7156967581,-20.3210,7654914.63,-83344.96,7571569.68,0,0.0000
2024-10-17,179,5,12291.04,7482257.92,7494548.96,0.00,0.00,100000.00,-177020.71,-2.3075,74.9454896139,-22.1596,7654914.63,-260365.67,7394548.96,0,0.0000
2024-10-18,179,5,12291.04,7464609.44,7476900.48,0.00,0.00,100000.00,-17648.48,-0.2355,74.7690048251,-22.3429,7654914.63,-278014.15,7376900.48,0,0.0000
2024-10-21,179,5,12291.04,7328256.21,7340547.24,0.00,0.00,100000.00,-136353.24,-1.8237,73.4054724441,-23.7591,7654914.63,-414367.39,7240547.24,0,0.0000
2024-10-22,179,5,12291.04,6980850.40,6993141.44,0.00,0.00,100000.00,-347405.81,-4.7327,69.9314143509,-27.3674,7654914.63,-761773.20,6893141.44,0,0.0000
2024-10-23,179,5,12291.04,7256309.47,7268600.51,0.00,0.00,100000.00,275459.08,3.9390,72.6860051034,-24.5064,7654914.63,-486314.12,7168600.51,0,0.0000
2024-10-24,179,5,12291.04,7219593.02,7231884.06,0.00,0.00,100000.00,-36716.45,-0.5051,72.3188406216,-24.8877,7654914.63,-523030.57,7131884.06,0,0.0000
2024-10-25,179,5,12291.04,7019236.23,7031527.27,0.00,0.00,100000.00,-200356.79,-2.7705,70.3152727029,-26.9687,7654914.63,-723387.36,6931527.27,0,0.0000
2024-10-28,179,5,12291.04,7000631.66,7012922.70,0.00,0.00,100000.00,-18604.57,-0.2646,70.1292269705,-27.1619,7654914.63,-741991.94,6912922.70,0,0.0000
2024-10-29,179,5,12291.04,7134444.93,7146735.97,0.00,0.00,100000.00,133813.27,1.9081,71.4673597097,-25.7721,7654914.63,-608178.66,7046735.97,0,0.0000
2024-10-30,179,5,12291.04,7068086.12,7080377.16,0.00,0.00,100000.00,-66358.81,-0.9285,70.8037715622,-26.4613,7654914.63,-674537.48,6980377.16,0,0.0000
2024-10-31,179,5,12291.04,7095410.43,7107701.47,0.00,0.00,100000.00,27324.31,0.3859,71.0770146542,-26.1775,7654914.63,-647213.17,7007701.47,0,0.0000
2024-11-01,179,5,12291.04,7160185.05,7172476.08,0.00,0.00,100000.00,64774.62,0.9113,71.7247608346,-25.5048,7654914.63,-582438.55,7072476.08,0,0.0000
2024-11-04,179,5,12291.04,7133116.61,7145407.65,0.00,0.00,100000.00,-27068.43,-0.3774,71.4540765188,-25.7859,7654914.63,-609506.98,7045407.65,0,0.0000
2024-11-05,179,5,12291.04,7130826.38,7143117.42,0.00,0.00,100000.00,-2290.23,-0.0321,71.4311741885,-25.8097,7654914.63,-611797.21,7043117.42,0,0.0000
2024-11-06,179,5,12291.04,7434047.93,7446338.97,0.00,0.00,100000.00,303221.55,4.2449,74.4633896597,-22.6603,7654914.63,-308575.67,7346338.97,0,0.0000
2024-11-07,179,5,12291.04,7277391.61,7289682.64,0.00,0.00,100000.00,-156656.32,-2.1038,72.8968264377,-24.2874,7654914.63,-465231.99,7189682.64,0,0.0000
2024-11-08,179,5,12291.04,7240064.30,7252355.34,0.00,0.00,100000.00,-37327.31,-0.5121,72.5235533572,-24.6751,7654914.63,-502559.30,7152355.34,0,0.0000
2024-11-11,179,5,12291.04,7161896.75,7174187.79,0.00,0.00,100000.00,-78167.55,-1.0778,71.7418778842,-25.4870,7654914.63,-580726.85,7074187.79,0,0.0000
2024-11-12,179,5,12291.04,7052128.52,7064419.56,0.00,0.00,100000.00,-109768.23,-1.5300,70.6441955862,-26.6271,7654914.63,-690495.08,6964419.56,0,0.0000
2024-11-13,180,5,3946.00,6796440.17,6800386.17,0.00,0.00,100000.00,-264033.39,-3.7375,68.0038616853,-29.3694,7253484.40,-553098.23,6700386.17,0,0.0000
2024-11-14,180,5,3946.00,6784151.83,6788097.83,0.00,0.00,100000.00,-12288.34,-0.1807,67.8809782820,-29.4970,7253484.40,-565386.57,6688097.83,0,0.0000
2024-11-18,180,5,3946.00,6847982.13,6851928.13,0.00,0.00,100000.00,63830.30,0.9403,68.5192812764,-28.8341,7253484.40,-501556.27,6751928.13,0,0.0000
2024-11-19,180,5,3946.00,6953761.81,6957707.81,0.00,0.00,100000.00,105779.68,1.5438,69.5770780507,-27.7354,7253484.40,-395776.59,6857707.81,0,0.0000
2024-11-21,180,5,3946.00,7003442.94,7007388.94,0.00,0.00,100000.00,49681.14,0.7140,70.0738894111,-27.2194,7253484.40,-346095.46,6907388.94,0,0.0000
2024-11-22,180,5,3946.00,6983612.34,6987558.34,0.00,0.00,100000.00,-19830.60,-0.2830,69.8755834150,-27.4254,7253484.40,-365926.05,6887558.34,0,0.0000
2024-11-25,180,5,3946.00,7063880.49,7067826.49,0.00,0.00,100000.00,80268.14,1.1487,70.6782648555,-26.5917,7253484.40,-285657.91,6967826.49,0,0.0000
2024-11-26,180,5,3946.00,6905947.27,6909893.27,0.00,0.00,100000.00,-157933.21,-2.2345,69.0989327437,-28.2320,7253484.40,-443591.12,6809893.27,0,0.0000
2024-11-27,180,5,3946.00,6906432.15,6910378.15,0.00,0.00,100000.00,484.87,0.0070,69.1037814521,-28.2270,7253484.40,-443106.25,6810378.15,0,0.0000
2024-11-28,180,5,3946.00,6975030.39,6978976.39,0.00,0.00,100000.00,68598.24,0.9927,69.7897638588,-27.5145,7253484.40,-374508.01,6878976.39,0,0.0000
2024-11-29,180,5,3946.00,7026000.23,7029946.23,0.00,0.00,100000.00,50969.84,0.7303,70.2994623030,-26.9851,7253484.40,-323538.17,6929946.23,0,0.0000
2024-12-02,180,5,3946.00,7050968.12,7054914.12,0.00,0.00,100000.00,24967.89,0.3552,70.5491411866,-26.7258,7253484.40,-298570.28,6954914.12,0,0.0000
2024-12-03,180,5,3946.00,7086265.41,7090211.41,0.00,0.00,100000.00,35297.29,0.5003,70.9021140852,-26.3592,7253484.40,-263272.99,6990211.41,0,0.0000
2024-12-04,180,5,3946.00,7110813.04,7114759.04,0.00,0.00,100000.00,24547.63,0.3462,71.1475903883,-26.1042,7253484.40,-238725.36,7014759.04,0,0.0000
2024-12-05,180,5,3946.00,7261900.31,7265846.31,0.00,0.00,100000.00,151087.27,2.1236,72.6584630793,-24.5350,7253484.40,-87638.09,7165846.31,0,0.0000
2024-12-06,180,5,3946.00,7396079.98,7400025.98,0.00,0.00,100000.00,134179.67,1.8467,74.0002597822,-23.1414,7253484.40,46541.58,7300025.98,0,0.0000
2024-12-09,180,5,3946.00,7539852.21,7543798.21,0.00,0.00,100000.00,143772.24,1.9429,75.4379821394,-21.6481,7253484.40,190313.82,7443798.21,0,0.0000
2024-12-10,180,5,3946.00,7535743.30,7539689.30,0.00,0.00,100000.00,-4108.92,-0.0545,75.3968929768,-21.6908,7253484.40,186204.90,7439689.30,0,0.0000
2024-12-11,180,5,3946.00,7607372.33,7611318.33,0.00,0.00,100000.00,71629.03,0.9500,76.1131832991,-20.9468,7253484.40,257833.93,7511318.33,0,0.0000
2024-12-12,180,5,3946.00,7669742.72,7673688.72,0.00,0.00,100000.00,62370.39,0.8194,76.7368872377,-20.2990,7253484.40,320204.33,7573688.72,0,0.0000
2024-12-13,181,5,4263.66,7718683.73,7722947.39,0.00,0.00,100000.00,49258.67,0.6419,77.2294738918,-19.7874,7403002.03,219945.36,7622947.39,0,0.0000
2024-12-16,181,5,4263.66,7755373.12,7759636.78,0.00,0.00,100000.00,36689.39,0.4751,77.5963678078,-19.4064,7403002.03,256634.75,7659636.78,0,0.0000
2024-12-17,181,5,4263.66,7753079.53,7757343.19,0.00,0.00,100000.00,-2293.59,-0.0296,77.5734318838,-19.4302,7403002.03,254341.15,7657343.19,0,0.0000
2024-12-18,181,5,4263.66,7669412.67,7673676.33,0.00,0.00,100000.00,-83666.85,-1.0786,76.7367633474,-20.2992,7403002.03,170674.30,7573676.33,0,0.0000
2024-12-19,181,5,4263.66,7666608.40,7670872.06,0.00,0.00,100000.00,-2804.28,-0.0365,76.7087205861,-20.3283,7403002.03,167870.02,7570872.06,0,0.0000
2024-12-20,181,5,4263.66,7445262.03,7449525.70,0.00,0.00,100000.00,-221346.36,-2.8855,74.4952569570,-22.6272,7403002.03,-53476.34,7349525.70,0,0.0000
2024-12-23,181,5,4263.66,7410646.02,7414909.68,0.00,0.00,100000.00,-34616.01,-0.4647,74.1490968374,-22.9868,7403002.03,-88092.35,7314909.68,0,0.0000
2024-12-24,181,5,4263.66,7362497.74,7366761.40,0.00,0.00,100000.00,-48148.28,-0.6493,73.6676140188,-23.4869,7403002.03,-136240.63,7266761.40,0,0.0000
2024-12-26,181,5,4263.66,7482531.79,7486795.46,0.00,0.00,100000.00,120034.05,1.6294,74.8679545644,-22.2402,7403002.03,-16206.58,7386795.46,0,0.0000
2024-12-27,181,5,4263.66,7382846.22,7387109.88,0.00,0.00,100000.00,-99685.57,-1.3315,73.8710988161,-23.2755,7403002.03,-115892.15,7287109.88,0,0.0000
2024-12-30,181,5,4263.66,7442075.06,7446338.72,0.00,0.00,100000.00,59228.84,0.8018,74.4633872487,-22.6603,7403002.03,-56663.31,7346338.72,0,0.0000
2024-12-31,181,5,4263.66,7498352.53,7502616.19,0.00,0.00,100000.00,56277.46,0.7558,75.0261618972,-22.0758,7403002.03,-385.84,7402616.19,0,0.0000
2025-01-01,181,5,4263.66,7451668.71,7455932.37,0.00,0.00,100000.00,-46683.82,-0.6222,74.5593237441,-22.5607,7403002.03,-47069.66,7355932.37,0,0.0000
2025-01-02,181,5,4263.66,7557612.60,7561876.27,0.00,0.00,100000.00,105943.89,1.4209,75.6187626540,-21.4603,7403002.03,58874.23,7461876.27,0,0.0000
2025-01-03,181,5,4263.66,7538075.05,7542338.72,0.00,0.00,100000.00,-19537.55,-0.2584,75.4233871645,-21.6633,7403002.03,39336.68,7442338.72,0,0.0000
2025-01-06,181,5,4263.66,7355317.40,7359581.06,0.00,0.00,100000.00,-182757.66,-2.4231,73.5958106118,-23.5614,7403002.03,-143420.97,7259581.06,0,0.0000
2025-01-07,181,5,4263.66,7521295.65,7525559.31,0.00,0.00,100000.00,165978.25,2.2553,75.2555931362,-21.8375,7403002.03,22557.28,7425559.31,0,0.0000
2025-01-08,181,5,4263.66,7328361.10,7332624.77,0.00,0.00,100000.00,-192934.55,-2.5637,73.3262476552,-23.8414,7403002.03,-170377.27,7232624.77,0,0.0000
2025-01-09,181,5,4263.66,7163659.80,7167923.46,0.00,0.00,100000.00,-164701.31,-2.2461,71.6792345840,-25.5520,7403002.03,-335078.58,7067923.46,0,0.0000
2025-01-10,181,5,4263.66,7108009.61,7112273.27,0.00,0.00,100000.00,-55650.18,-0.7764,71.1227327431,-26.1300,7403002.03,-390728.76,7012273.27,0,0.0000
2025-01-13,182,5,10748.47,6839184.18,6849932.66,0.00,0.00,100000.00,-262340.62,-3.6886,68.4993265816,-28.8548,6770707.72,-20775.06,6749932.66,0,0.0000
2025-01-14,182,5,10748.47,6969176.90,6979925.38,0.00,0.00,100000.00,129992.72,1.8977,69.7992537850,-27.5046,6770707.72,109217.66,6879925.38,0,0.0000
2025-01-15,182,5,10748.47,7097890.82,7108639.30,0.00,0.00,100000.00,128713.92,1.8441,71.0863929622,-26.1678,6770707.72,237931.58,7008639.30,0,0.0000
2025-01-16,182,5,10748.47,7223249.02,7233997.50,0.00,0.00,100000.00,125358.20,1.7635,72.3399749593,-24.8658,6770707.72,363289.78,7133997.50,0,0.0000
2025-01-17,182,5,10748.47,7168425.41,7179173.88,0.00,0.00,100000.00,-54823.61,-0.7579,71.7917388252,-25.4352,6770707.72,308466.17,7079173.88,0,0.0000
2025-01-20,182,5,10748.47,7309837.26,7320585.73,0.00,0.00,100000.00,141411.85,1.9698,73.2058573152,-23.9665,6770707.72,449878.02,7220585.73,0,0.0000
2025-01-21,182,5,10748.47,6985485.93,6996234.41,0.00,0.00,100000.00,-324351.32,-4.4307,69.9623440914,-27.3353,6770707.72,125526.69,6896234.41,0,0.0000
2025-01-22,182,5,10748.47,6746970.31,6757718.78,0.00,0.00,100000.00,-238515.63,-3.4092,67.5771877962,-29.8125,6770707.72,-112988.94,6657718.78,0,0.0000
2025-01-23,182,5,10748.47,7016543.77,7027292.24,0.00,0.00,100000.00,269573.46,3.9891,70.2729224178,-27.0127,6770707.72,156584.53,6927292.24,0,0.0000
2025-01-24,182,5,10748.47,6931043.09,6941791.57,0.00,0.00,100000.00,-85500.67,-1.2167,69.4179156777,-27.9007,6770707.72,71083.85,6841791.57,0,0.0000
2025-01-27,182,5,10748.47,6625972.15,6636720.62,0.00,0.00,100000.00,-305070.95,-4.3947,66.3672061989,-31.0693,6770707.72,-233987.10,6536720.62,0,0.0000
2025-01-28,182,5,10748.47,6352756.55,6363505.03,0.00,0.00,100000.00,-273215.59,-4.1167,63.6350502657,-33.9069,6770707.72,-507202.69,6263505.03,0,0.0000
2025-01-29,182,5,10748.47,6522097.06,6532845.53,0.00,0.00,100000.00,169340.51,2.6611,65.3284553456,-32.1481,6770707.72,-337862.18,6432845.53,0,0.0000
2025-01-30,182,5,10748.47,6474268.19,6485016.67,0.00,0.00,100000.00,-47828.87,-0.7321,64.8501666628,-32.6449,6770707.72,-385691.05,6385016.67,0,0.0000
2025-01-31,182,5,10748.47,6637225.65,6647974.13,0.00,0.00,100000.00,162957.46,2.5128,66.4797412837,-30.9524,6770707.72,-222733.59,6547974.13,0,0.0000
2025-02-01,182,5,10748.47,6749107.53,6759856.01,0.00,0.00,100000.00,111881.88,1.6829,67.5985600728,-29.7903,6770707.72,-110851.71,6659856.01,0,0.0000
2025-02-03,182,5,10748.47,6791088.46,6801836.93,0.00,0.00,100000.00,41980.92,0.6210,68.0183692977,-29.3543,6770707.72,-68870.79,6701836.93,0,0.0000
2025-02-04,182,5,10748.47,6860311.28,6871059.75,0.00,0.00,100000.00,69222.82,1.0177,68.7105975185,-28.6353,6770707.72,352.04,6771059.75,0,0.0000
2025-02-05,182,5,10748.47,6952017.16,6962765.64,0.00,0.00,100000.00,91705.89,1.3347,69.6276563930,-27.6829,6770707.72,92057.92,6862765.64,0,0.0000
2025-02-06,182,5,10748.47,6789362.02,6800110.50,0.00,0.00,100000.00,-162655.14,-2.3361,68.0011049574,-29.3722,6770707.72,-70597.22,6700110.50,0,0.0000
2025-02-07,183,5,6593.94,6838356.00,6844949.93,0.00,0.00,100000.00,44839.44,0.6594,68.4494993499,-28.9065,6443707.04,301242.90,6744949.93,0,0.0000
2025-02-10,183,5,6593.94,6730288.43,6736882.37,0.00,0.00,100000.00,-108067.56,-1.5788,67.3688237017,-30.0289,6443707.04,193175.33,6636882.37,0,0.0000
2025-02-11,183,5,6593.94,6509560.31,6516154.24,0.00,0.00,100000.00,-220728.13,-3.2764,65.1615424163,-32.3215,6443707.04,-27552.80,6416154.24,0,0.0000
2025-02-12,183,5,6593.94,6546004.32,6552598.26,0.00,0.00,100000.00,36444.02,0.5593,65.5259825823,-31.9430,6443707.04,8891.22,6452598.26,0,0.0000
2025-02-13,183,5,6593.94,6439552.84,6446146.77,0.00,0.00,100000.00,-106451.48,-1.6246,64.4614677434,-33.0486,6443707.04,-97560.26,6346146.77,0,0.0000
2025-02-14,183,5,6593.94,6184978.04,6191571.97,0.00,0.00,100000.00,-254574.80,-3.9493,61.9157197161,-35.6927,6443707.04,-352135.07,6091571.97,0,0.0000
2025-02-17,183,5,6593.94,6151567.54,6158161.47,0.00,0.00,100000.00,-33410.50,-0.5396,61.5816147234,-36.0397,6443707.04,-385545.57,6058161.47,0,0.0000
2025-02-18,183,5,6593.94,6088012.79,6094606.72,0.00,0.00,100000.00,-63554.75,-1.0320,60.9460672149,-36.6998,6443707.04,-449100.32,5994606.72,0,0.0000
2025-02-19,183,5,6593.94,6282178.27,6288772.20,0.00,0.00,100000.00,194165.48,3.1859,62.8877220391,-34.6831,6443707.04,-254934.83,6188772.20,0,0.0000
2025-02-20,183,5,6593.94,6484003.69,6490597.63,0.00,0.00,100000.00,201825.42,3.2093,64.9059762883,-32.5869,6443707.04,-53109.41,6390597.63,0,0.0000
2025-02-21,183,5,6593.94,6288186.49,6294780.43,0.00,0.00,100000.00,-195817.20,-3.0169,62.9478042962,-34.6207,6443707.04,-248926.61,6194780.43,0,0.0000
2025-02-24,183,5,6593.94,6257938.27,6264532.21,0.00,0.00,100000.00,-30248.22,-0.4805,62.6453221013,-34.9349,6443707.04,-279174.83,6164532.21,0,0.0000
2025-02-25,183,5,6593.94,6272638.51,6279232.45,0.00,0.00,100000.00,14700.24,0.2347,62.7923244903,-34.7822,6443707.04,-264474.59,6179232.45,0,0.0000
2025-02-27,183,5,6593.94,6212838.33,6219432.26,0.00,0.00,100000.00,-59800.18,-0.9523,62.1943226482,-35.4033,6443707.04,-324274.77,6119432.26,0,0.0000
2025-02-28,183,5,6593.94,5993713.52,6000307.45,0.00,0.00,100000.00,-219124.81,-3.5232,60.0030745293,-37.6792,6443707.04,-543399.58,5900307.45,0,0.0000
2025-03-03,183,5,6593.94,5938587.25,5945181.19,0.00,0.00,100000.00,-55126.26,-0.9187,59.4518118926,-38.2518,6443707.04,-598525.85,5845181.19,0,0.0000
2025-03-04,183,5,6593.94,5978400.57,5984994.50,0.00,0.00,100000.00,39813.31,0.6697,59.8499450371,-37.8383,6443707.04,-558712.53,5884994.50,0,0.0000
2025-03-05,183,5,6593.94,6109476.98,6116070.92,0.00,0.00,100000.00,131076.42,2.1901,61.1607091985,-36.4769,6443707.04,-427636.12,6016070.92,0,0.0000
2025-03-06,183,5,6593.94,6163804.46,6170398.39,0.00,0.00,100000.00,54327.47,0.8883,61.7039839153,-35.9126,6443707.04,-373308.65,6070398.39,0,0.0000
2025-03-07,183,5,6593.94,6168059.27,6174653.20,0.00,0.00,100000.00,4254.81,0.0690,61.7465320464,-35.8684,6443707.04,-369053.83,6074653.20,0,0.0000
2025-03-10,184,5,3971.53,6133640.35,6137611.88,0.00,0.00,100000.00,-37041.32,-0.5999,61.3761188308,-36.2531,6199091.43,-161479.55,6037611.88,0,0.0000
2025-03-11,184,5,3971.53,6122851.43,6126822.96,0.00,0.00,100000.00,-10788.92,-0.1758,61.2682296480,-36.3652,6199091.43,-172268.47,6026822.96,0,0.0000
2025-03-12,184,5,3971.53,6191141.32,6195112.85,0.00,0.00,100000.00,68289.89,1.1146,61.9511285122,-35.6559,6199091.43,-103978.58,6095112.85,0,0.0000
2025-03-13,184,5,3971.53,6138056.76,6142028.29,0.00,0.00,100000.00,-53084.56,-0.8569,61.4202829274,-36.2073,6199091.43,-157063.14,6042028.29,0,0.0000
2025-03-17,184,5,3971.53,6212309.02,6216280.55,0.00,0.00,100000.00,74252.26,1.2089,62.1628055440,-35.4361,6199091.43,-82810.88,6116280.55,0,0.0000
2025-03-18,184,5,3971.53,6212309.02,6216280.55,0.00,0.00,100000.00,0.00,0.0000,62.1628055440,-35.4361,6199091.43,-82810.88,6116280.55,0,0.0000
2025-03-19,184,5,3971.53,6436696.56,6440668.09,0.00,0.00,100000.00,224387.54,3.6097,64.4066809255,-33.1055,6199091.43,141576.66,6340668.09,0,0.0000
2025-03-20,184,5,3971.53,6470576.91,6474548.44,0.00,0.00,100000.00,33880.35,0.5260,64.7454844368,-32.7536,6199091.43,175457.01,6374548.44,0,0.0000
2025-03-21,184,5,3971.53,6455067.15,6459038.69,0.00,0.00,100000.00,-15509.76,-0.2395,64.5903868807,-32.9147,6199091.43,159947.26,6359038.69,0,0.0000
2025-03-24,184,5,3971.53,6477002.98,6480974.51,0.00,0.00,100000.00,21935.82,0.3396,64.8097451137,-32.6869,6199091.43,181883.08,6380974.51,0,0.0000
2025-03-25,184,5,3971.53,6450172.49,6454144.03,0.00,0.00,100000.00,-26830.48,-0.4140,64.5414402816,-32.9655,6199091.43,155052.60,6354144.03,0,0.0000
2025-03-26,184,5,3971.53,6446520.49,6450492.03,0.00,0.00,100000.00,-3652.00,-0.0566,64.5049202810,-33.0035,6199091.43,151400.60,6350492.03,0,0.0000
2025-03-27,184,5,3971.53,6501039.45,6505010.98,0.00,0.00,100000.00,54518.95,0.8452,65.0501098287,-32.4372,6199091.43,205919.55,6405010.98,0,0.0000
2025-03-28,184,5,3971.53,6468325.40,6472296.93,0.00,0.00,100000.00,-32714.05,-0.5029,64.7229693020,-32.7770,6199091.43,173205.50,6372296.93,0,0.0000
2025-04-01,184,5,3971.53,6330801.76,6334773.30,0.00,0.00,100000.00,-137523.63,-2.1248,63.3477329830,-34.2054,6199091.43,35681.87,6234773.30,0,0.0000
2025-04-02,184,5,3971.53,6414124.97,6418096.50,0.00,0.00,100000.00,83323.20,1.3153,64.1809650118,-33.3399,6199091.43,119005.07,6318096.50,0,0.0000
2025-04-03,184,5,3971.53,6367651.38,6371622.91,0.00,0.00,100000.00,-46473.59,-0.7241,63.7162290981,-33.8226,6199091.43,72531.48,6271622.91,0,0.0000
2025-04-04,184,5,3971.53,6224848.91,6228820.44,0.00,0.00,100000.00,-142802.47,-2.2412,62.2882044082,-35.3058,6199091.43,-70270.99,6128820.44,0,0.0000
2025-04-07,184,5,3971.53,6023840.65,6027812.18,0.00,0.00,100000.00,-201008.26,-3.2271,60.2781218074,-37.3935,6199091.43,-271279.25,5927812.18,0,0.0000
2025-04-08,184,5,3971.53,6186026.01,6189997.54,0.00,0.00,100000.00,162185.36,2.6906,61.8999754232,-35.7090,6199091.43,-109093.89,6089997.54,0,0.0000
2025-04-09,185,5,4970.85,6144108.04,6149078.89,0.00,0.00,100000.00,-40918.65,-0.6610,61.4907888960,-36.1340,5990791.39,58287.49,6049078.89,0,0.0000
2025-04-11,185,5,4970.85,6308297.68,6313268.53,0.00,0.00,100000.00,164189.64,2.6702,63.1326853340,-34.4287,5990791.39,222477.14,6213268.53,0,0.0000
2025-04-15,185,5,4970.85,6516128.28,6521099.13,0.00,0.00,100000.00,207830.60,3.2920,65.2109912849,-32.2701,5990791.39,430307.73,6421099.13,0,0.0000
2025-04-16,185,5,4970.85,6495105.08,6500075.93,0.00,0.00,100000.00,-21023.20,-0.3224,65.0007593025,-32.4885,5990791.39,409284.54,6400075.93,0,0.0000
2025-04-17,185,5,4970.85,6583850.12,6588820.97,0.00,0.00,100000.00,88745.04,1.3653,65.8882096711,-31.5668,5990791.39,498029.57,6488820.97,0,0.0000
2025-04-21,185,5,4970.85,6668410.82,6673381.67,0.00,0.00,100000.00,84560.70,1.2834,66.7338166657,-30.6885,5990791.39,582590.27,6573381.67,0,0.0000
2025-04-22,185,5,4970.85,6648839.74,6653810.59,0.00,0.00,100000.00,-19571.08,-0.2933,66.5381059052,-30.8918,5990791.39,563019.20,6553810.59,0,0.0000
2025-04-23,185,5,4970.85,6740920.95,6745891.80,0.00,0.00,100000.00,92081.21,1.3839,67.4589179878,-29.9354,5990791.39,655100.40,6645891.80,0,0.0000
2025-04-24,185,5,4970.85,6801991.19,6806962.04,0.00,0.00,100000.00,61070.24,0.9053,68.0696204023,-29.3011,5990791.39,716170.65,6706962.04,0,0.0000
2025-04-25,185,5,4970.85,6643146.09,6648116.94,0.00,0.00,100000.00,-158845.10,-2.3336,66.4811693562,-30.9509,5990791.39,557325.54,6548116.94,0,0.0000
2025-04-28,185,5,4970.85,6767893.65,6772864.50,0.00,0.00,100000.00,124747.56,1.8764,67.7286449983,-29.6552,5990791.39,682073.11,6672864.50,0,0.0000
2025-04-29,185,5,4970.85,6801393.86,6806364.71,0.00,0.00,100000.00,33500.21,0.4946,68.0636470722,-29.3073,5990791.39,715573.31,6706364.71,0,0.0000
2025-04-30,185,5,4970.85,6707780.87,6712751.72,0.00,0.00,100000.00,-93612.98,-1.3754,67.1275172309,-30.2796,5990791.39,621960.33,6612751.72,0,0.0000
2025-05-02,185,5,4970.85,6747140.08,6752110.93,0.00,0.00,100000.00,39359.21,0.5863,67.5211092951,-29.8708,5990791.39,661319.53,6652110.93,0,0.0000
2025-05-05,185,5,4970.85,6959978.30,6964949.15,0.00,0.00,100000.00,212838.22,3.1522,69.6494915290,-27.6602,5990791.39,874157.76,6864949.15,0,0.0000
2025-05-06,185,5,4970.85,6805995.08,6810965.92,0.00,0.00,100000.00,-153983.23,-2.2108,68.1096592463,-29.2595,5990791.39,720174.53,6710965.92,0,0.0000
2025-05-07,185,5,4970.85,6766508.22,6771479.07,0.00,0.00,100000.00,-39486.86,-0.5798,67.7147906721,-29.6696,5990791.39,680687.67,6671479.07,0,0.0000
2025-05-08,185,5,4970.85,6637201.67,6642172.52,0.00,0.00,100000.00,-129306.54,-1.9096,66.4217252339,-31.0126,5990791.39,551381.13,6542172.52,0,0.0000
2025-05-09,185,5,4970.85,6688780.77,6693751.62,0.00,0.00,100000.00,51579.10,0.7765,66.9375162153,-30.4769,5990791.39,602960.23,6593751.62,0,0.0000
2025-05-12,185,5,4970.85,6945141.09,6950111.94,0.00,0.00,100000.00,256360.32,3.8298,69.5011193781,-27.8143,5990791.39,859320.54,6850111.94,0,0.0000
2025-05-13,186,5,2950.13,7077184.16,7080134.29,0.00,0.00,100000.00,130022.35,1.8708,70.8013429217,-26.4638,6321311.30,658822.99,6980134.29,0,0.0000
2025-05-14,186,5,2950.13,7097847.84,7100797.97,0.00,0.00,100000.00,20663.67,0.2919,71.0079796704,-26.2492,6321311.30,679486.67,7000797.97,0,0.0000
2025-05-15,186,5,2950.13,7198898.79,7201848.92,0.00,0.00,100000.00,101050.95,1.4231,72.0184891675,-25.1997,6321311.30,780537.62,7101848.92,0,0.0000
2025-05-16,186,5,2950.13,7188242.63,7191192.76,0.00,0.00,100000.00,-10656.16,-0.1480,71.9119276080,-25.3104,6321311.30,769881.46,7091192.76,0,0.0000
2025-05-19,186,5,2950.13,7091242.83,7094192.96,0.00,0.00,100000.00,-96999.80,-1.3489,70.9419295984,-26.3178,6321311.30,672881.66,6994192.96,0,0.0000
2025-05-20,186,5,2950.13,7062477.27,7065427.40,0.00,0.00,100000.00,-28765.56,-0.4055,70.6542740436,-26.6166,6321311.30,644116.11,6965427.40,0,0.0000
2025-05-21,186,5,2950.13,7159760.70,7162710.83,0.00,0.00,100000.00,97283.43,1.3769,71.6271083380,-25.6062,6321311.30,741399.54,7062710.83,0,0.0000
2025-05-22,186,5,2950.13,7129004.89,7131955.02,0.00,0.00,100000.00,-30755.81,-0.4294,71.3195501996,-25.9256,6321311.30,710643.72,7031955.02,0,0.0000
2025-05-23,186,5,2950.13,7151384.07,7154334.21,0.00,0.00,100000.00,22379.19,0.3138,71.5433420520,-25.6932,6321311.30,733022.91,7054334.21,0,0.0000
2025-05-26,186,5,2950.13,7132854.05,7135804.18,0.00,0.00,100000.00,-18530.02,-0.2590,71.3580418469,-25.8856,6321311.30,714492.89,7035804.18,0,0.0000
2025-05-27,186,5,2950.13,7182508.15,7185458.28,0.00,0.00,100000.00,49654.09,0.6958,71.8545827881,-25.3699,6321311.30,764146.98,7085458.28,0,0.0000
2025-05-28,186,5,2950.13,7153350.83,7156300.96,0.00,0.00,100000.00,-29157.32,-0.4058,71.5630095630,-25.6728,6321311.30,734989.66,7056300.96,0,0.0000
2025-05-29,186,5,2950.13,7231287.40,7234237.53,0.00,0.00,100000.00,77936.57,1.0891,72.3423752984,-24.8633,6321311.30,812926.23,7134237.53,0,0.0000
2025-05-30,186,5,2950.13,7330349.86,7333299.99,0.00,0.00,100000.00,99062.46,1.3694,73.3329999310,-23.8344,6321311.30,911988.70,7233299.99,0,0.0000
2025-06-02,186,5,2950.13,7202268.77,7205218.90,0.00,0.00,100000.00,-128081.09,-1.7466,72.0521890204,-25.1647,6321311.30,783907.60,7105218.90,0,0.0000
2025-06-03,186,5,2950.13,7200312.95,7203263.08,0.00,0.00,100000.00,-1955.82,-0.0271,72.0326308032,-25.1850,6321311.30,781951.78,7103263.08,0,0.0000
2025-06-04,186,5,2950.13,7229156.61,7232106.74,0.00,0.00,100000.00,28843.66,0.4004,72.3210673614,-24.8854,6321311.30,810795.44,7132106.74,0,0.0000
2025-06-05,186,5,2950.13,7250602.58,7253552.71,0.00,0.00,100000.00,21445.97,0.2965,72.5355270733,-24.6627,6321311.30,832241.41,7153552.71,0,0.0000
2025-06-06,186,5,2950.13,7275613.16,7278563.29,0.00,0.00,100000.00,25010.58,0.3448,72.7856328650,-24.4029,6321311.30,857251.99,7178563.29,0,0.0000
2025-06-09,186,5,2950.13,7375180.81,7378130.94,0.00,0.00,100000.00,99567.66,1.3680,73.7813094330,-23.3688,6321311.30,956819.65,7278130.94,0,0.0000
2025-06-10,187,5,3092.49,7328404.99,7331497.47,0.00,0.00,100000.00,-46633.47,-0.6320,73.3149747322,-23.8531,7093592.13,137905.35,7231497.47,0,0.0000
2025-06-11,187,5,3092.49,7231478.57,7234571.05,0.00,0.00,100000.00,-96926.42,-1.3221,72.3457105169,-24.8598,7093592.13,40978.92,7134571.05,0,0.0000
2025-06-12,187,5,3092.49,7045069.53,7048162.01,0.00,0.00,100000.00,-186409.04,-2.5766,70.4816201178,-26.7959,7093592.13,-145430.12,6948162.01,0,0.0000
2025-06-13,187,5,3092.49,7128425.05,7131517.54,0.00,0.00,100000.00,83355.53,1.1827,71.3151753943,-25.9302,7093592.13,-62074.59,7031517.54,0,0.0000
2025-06-16,187,5,3092.49,7086745.25,7089837.74,0.00,0.00,100000.00,-41679.80,-0.5844,70.8983773505,-26.3631,7093592.13,-103754.39,6989837.74,0,0.0000
2025-06-17,187,5,3092.49,7179727.94,7182820.42,0.00,0.00,100000.00,92982.69,1.3115,71.8282042483,-25.3973,7093592.13,-10771.70,7082820.42,0,0.0000
2025-06-18,187,5,3092.49,7124789.27,7127881.75,0.00,0.00,100000.00,-54938.67,-0.7649,71.2788175256,-25.9679,7093592.13,-65710.37,7027881.75,0,0.0000
2025-06-19,187,5,3092.49,7066078.52,7069171.00,0.00,0.00,100000.00,-58710.75,-0.8237,70.6917100065,-26.5777,7093592.13,-124421.13,6969171.00,0,0.0000
2025-06-20,187,5,3092.49,7159810.14,7162902.62,0.00,0.00,100000.00,93731.62,1.3259,71.6290262207,-25.6042,7093592.13,-30689.50,7062902.62,0,0.0000
2025-06-23,187,5,3092.49,7252086.26,7255178.75,0.00,0.00,100000.00,92276.12,1.2883,72.5517874576,-24.6458,7093592.13,61586.62,7155178.75,0,0.0000
2025-06-24,187,5,3092.49,7322990.11,7326082.59,0.00,0.00,100000.00,70903.85,0.9773,73.2608259141,-23.9094,7093592.13,132490.46,7226082.59,0,0.0000
2025-06-25,187,5,3092.49,7325688.85,7328781.33,0.00,0.00,100000.00,2698.74,0.0368,73.2878133313,-23.8813,7093592.13,135189.21,7228781.33,0,0.0000
2025-06-26,187,5,3092.49,7332765.28,7335857.77,0.00,0.00,100000.00,7076.44,0.0966,73.3585776892,-23.8078,7093592.13,142265.64,7235857.77,0,0.0000
2025-06-27,187,5,3092.49,7546277.55,7549370.04,0.00,0.00,100000.00,213512.27,2.9105,75.4937003655,-21.5902,7093592.13,355777.91,7449370.04,0,0.0000
2025-06-30,187,5,3092.49,7598271.05,7601363.53,0.00,0.00,100000.00,51993.50,0.6887,76.0136353251,-21.0502,7093592.13,407771.41,7501363.53,0,0.0000
2025-07-01,187,5,3092.49,7416692.57,7419785.06,0.00,0.00,100000.00,-181578.47,-2.3888,74.1978505809,-22.9361,7093592.13,226192.93,7319785.06,0,0.0000
2025-07-02,187,5,3092.49,7418319.42,7421411.90,0.00,0.00,100000.00,1626.85,0.0219,74.2141190460,-22.9192,7093592.13,227819.78,7321411.90,0,0.0000
2025-07-03,187,5,3092.49,7411497.52,7414590.01,0.00,0.00,100000.00,-6821.90,-0.0919,74.1459000773,-22.9901,7093592.13,220997.88,7314590.01,0,0.0000
2025-07-04,187,5,3092.49,7318703.56,7321796.05,0.00,0.00,100000.00,-92793.96,-1.2515,73.2179604609,-23.9539,7093592.13,128203.92,7221796.05,0,0.0000
2025-07-07,187,5,3092.49,7264705.10,7267797.58,0.00,0.00,100000.00,-53998.47,-0.7375,72.6779758079,-24.5147,7093592.13,74205.45,7167797.58,0,0.0000
2025-07-08,188,5,3034.90,7253104.46,7256139.36,0.00,0.00,100000.00,-11658.22,-0.1604,72.5613936031,-24.6358,6952329.32,203810.04,7156139.36,0,0.0000
2025-07-09,188,5,3034.90,7321449.74,7324484.65,0.00,0.00,100000.00,68345.29,0.9419,73.2448464849,-23.9260,6952329.32,272155.33,7224484.65,0,0.0000
2025-07-10,188,5,3034.90,7219827.06,7222861.96,0.00,0.00,100000.00,-101622.69,-1.3874,72.2286196301,-24.9814,6952329.32,170532.64,7122861.96,0,0.0000
2025-07-11,188,5,3034.90,7124423.26,7127458.16,0.00,0.00,100000.00,-95403.80,-1.3209,71.2745816009,-25.9723,6952329.32,75128.84,7027458.16,0,0.0000
2025-07-14,188,5,3034.90,7268878.58,7271913.48,0.00,0.00,100000.00,144455.32,2.0267,72.7191348364,-24.4720,6952329.32,219584.16,7171913.48,0,0.0000
2025-07-15,188,5,3034.90,7329631.10,7332666.01,0.00,0.00,100000.00,60752.52,0.8354,73.3266600585,-23.8410,6952329.32,280336.68,7232666.01,0,0.0000
2025-07-16,188,5,3034.90,7291521.17,7294556.08,0.00,0.00,100000.00,-38109.93,-0.5197,72.9455607781,-24.2368,6952329.32,242226.75,7194556.08,0,0.0000
2025-07-17,188,5,3034.90,7204856.14,7207891.05,0.00,0.00,100000.00,-86665.03,-1.1881,72.0789104601,-25.1369,6952329.32,155561.72,7107891.05,0,0.0000
2025-07-18,188,5,3034.90,7132354.44,7135389.35,0.00,0.00,100000.00,-72501.70,-1.0059,71.3538934695,-25.8900,6952329.32,83060.02,7035389.35,0,0.0000
2025-07-21,188,5,3034.90,7190206.89,7193241.80,0.00,0.00,100000.00,57852.45,0.8108,71.9324179766,-25.2891,6952329.32,140912.47,7093241.80,0,0.0000
2025-07-22,188,5,3034.90,7205012.97,7208047.88,0.00,0.00,100000.00,14806.08,0.2058,72.0804787737,-25.1353,6952329.32,155718.55,7108047.88,0,0.0000
2025-07-23,188,5,3034.90,7180634.68,7183669.58,0.00,0.00,100000.00,-24378.29,-0.3382,71.8366958413,-25.3885,6952329.32,131340.26,7083669.58,0,0.0000
2025-07-24,188,5,3034.90,7109123.65,7112158.56,0.00,0.00,100000.00,-71511.03,-0.9955,71.1215855767,-26.1312,6952329.32,59829.23,7012158.56,0,0.0000
2025-07-25,188,5,3034.90,6995375.83,6998410.73,0.00,0.00,100000.00,-113747.82,-1.5993,69.9841073318,-27.3126,6952329.32,-53918.59,6898410.73,0,0.0000
2025-07-28,188,5,3034.90,6989975.69,6993010.59,0.00,0.00,100000.00,-5400.14,-0.0772,69.9301059118,-27.3687,6952329.32,-59318.73,6893010.59,0,0.0000
2025-07-29,188,5,3034.90,7060289.45,7063324.35,0.00,0.00,100000.00,70313.76,1.0055,70.6332435110,-26.6384,6952329.32,10995.03,6963324.35,0,0.0000
2025-07-30,188,5,3034.90,7065386.19,7068421.09,0.00,0.00,100000.00,5096.74,0.0722,70.6842109211,-26.5855,6952329.32,16091.77,6968421.09,0,0.0000
2025-07-31,188,5,3034.90,7035767.37,7038802.27,0.00,0.00,100000.00,-29618.82,-0.4190,70.3880227023,-26.8931,6952329.32,-13527.05,6938802.27,0,0.0000
2025-08-01,188,5,3034.90,6838465.15,6841500.05,0.00,0.00,100000.00,-197302.22,-2.8031,68.4150005216,-28.9424,6952329.32,-210829.27,6741500.05,0,0.0000
2025-08-04,188,5,3034.90,7086912.22,7089947.12,0.00,0.00,100000.00,248447.07,3.6315,70.8994712481,-26.3619,6952329.32,37617.80,6989947.12,0,0.0000
2025-08-05,189,5,21886.42,7142278.34,7164164.76,0.00,0.00,100000.00,74217.63,1.0468,71.6416475525,-25.5911,6577213.39,486951.36,7064164.76,0,0.0000
2025-08-06,189,5,21886.42,7190110.69,7211997.11,0.00,0.00,100000.00,47832.36,0.6677,72.1199711029,-25.0943,6577213.39,534783.72,7111997.11,0,0.0000
2025-08-07,189,5,21886.42,7127846.28,7149732.70,0.00,0.00,100000.00,-62264.41,-0.8633,71.4973269742,-25.7410,6577213.39,472519.31,7049732.70,0,0.0000
2025-08-08,189,5,21886.42,7032831.13,7054717.55,0.00,0.00,100000.00,-95015.15,-1.3289,70.5471754529,-26.7278,6577213.39,377504.15,6954717.55,0,0.0000
2025-08-11,189,5,21886.42,7110639.88,7132526.30,0.00,0.00,100000.00,77808.76,1.1029,71.3252630115,-25.9197,6577213.39,455312.91,7032526.30,0,0.0000
2025-08-12,189,5,21886.42,7035693.78,7057580.20,0.00,0.00,100000.00,-74946.10,-1.0508,70.5758020007,-26.6981,6577213.39,380366.81,6957580.20,0,0.0000
2025-08-13,189,5,21886.42,7285550.56,7307436.98,0.00,0.00,100000.00,249856.78,3.5403,73.0743697992,-24.1030,6577213.39,630223.59,7207436.98,0,0.0000
2025-08-14,189,5,21886.42,7271877.00,7293763.42,0.00,0.00,100000.00,-13673.56,-0.1871,72.9376341931,-24.2450,6577213.39,616550.03,7193763.42,0,0.0000
2025-08-18,189,5,21886.42,7150436.09,7172322.51,0.00,0.00,100000.00,-121440.91,-1.6650,71.7232251355,-25.5064,6577213.39,495109.12,7072322.51,0,0.0000
2025-08-19,189,5,21886.42,7228484.28,7250370.70,0.00,0.00,100000.00,78048.18,1.0882,72.5037069748,-24.6957,6577213.39,573157.31,7150370.70,0,0.0000
2025-08-20,189,5,21886.42,7468569.69,7490456.11,0.00,0.00,100000.00,240085.41,3.3114,74.9045610556,-22.2021,6577213.39,813242.71,7390456.11,0,0.0000
2025-08-21,189,5,21886.42,7376871.87,7398758.29,0.00,0.00,100000.00,-91697.81,-1.2242,73.9875829404,-23.1545,6577213.39,721544.90,7298758.29,0,0.0000
2025-08-22,189,5,21886.42,7253710.12,7275596.54,0.00,0.00,100000.00,-123161.76,-1.6646,72.7559653803,-24.4337,6577213.39,598383.15,7175596.54,0,0.0000
2025-08-25,189,5,21886.42,7240198.42,7262084.84,0.00,0.00,100000.00,-13511.70,-0.1857,72.6208484293,-24.5741,6577213.39,584871.45,7162084.84,0,0.0000
2025-08-26,189,5,21886.42,7150375.54,7172261.96,0.00,0.00,100000.00,-89822.88,-1.2369,71.7226196326,-25.5070,6577213.39,495048.57,7072261.96,0,0.0000
2025-08-28,189,5,21886.42,7104486.59,7126373.01,0.00,0.00,100000.00,-45888.96,-0.6398,71.2637300504,-25.9836,6577213.39,449159.61,7026373.01,0,0.0000
2025-08-29,189,5,21886.42,7071781.80,7093668.22,0.00,0.00,100000.00,-32704.78,-0.4589,70.9366822385,-26.3233,6577213.39,416454.83,6993668.22,0,0.0000
2025-09-01,189,5,21886.42,7081615.57,7103501.99,0.00,0.00,100000.00,9833.77,0.1386,71.0350199164,-26.2211,6577213.39,426288.60,7003501.99,0,0.0000
2025-09-02,189,5,21886.42,7009195.07,7031081.49,0.00,0.00,100000.00,-72420.51,-1.0195,70.3108148621,-26.9733,6577213.39,353868.09,6931081.49,0,0.0000
2025-09-03,189,5,21886.42,7107755.33,7129641.75,0.00,0.00,100000.00,98560.26,1.4018,71.2964174555,-25.9496,6577213.39,452428.35,7029641.75,0,0.0000
2025-09-04,190,5,7414.29,7026809.06,7034223.36,0.00,0.00,100000.00,-95418.39,-1.3383,70.3422335549,-26.9407,7037412.26,-103188.91,6934223.36,0,0.0000
2025-09-05,190,5,7414.29,7120132.85,7127547.14,0.00,0.00,100000.00,93323.79,1.3267,71.2754714150,-25.9714,7037412.26,-9865.12,7027547.14,0,0.0000
2025-09-08,190,5,7414.29,7141398.78,7148813.07,0.00,0.00,100000.00,21265.93,0.2984,71.4881307338,-25.7505,7037412.26,11400.81,7048813.07,0,0.0000
2025-09-09,190,5,7414.29,7127032.14,7134446.43,0.00,0.00,100000.00,-14366.64,-0.2010,71.3444643264,-25.8997,7037412.26,-2965.83,7034446.43,0,0.0000
2025-09-10,190,5,7414.29,7141786.94,7149201.23,0.00,0.00,100000.00,14754.80,0.2068,71.4920123244,-25.7465,7037412.26,11788.97,7049201.23,0,0.0000
2025-09-11,190,5,7414.29,7116525.75,7123940.04,0.00,0.00,100000.00,-25261.19,-0.3533,71.2394004238,-26.0089,7037412.26,-13472.22,7023940.04,0,0.0000
2025-09-12,190,5,7414.29,7107598.29,7115012.59,0.00,0.00,100000.00,-8927.45,-0.1253,71.1501258925,-26.1016,7037412.26,-22399.67,7015012.59,0,0.0000
2025-09-15,190,5,7414.29,7132826.22,7140240.52,0.00,0.00,100000.00,25227.93,0.3546,71.4024051577,-25.8396,7037412.26,2828.25,7040240.52,0,0.0000
2025-09-16,190,5,7414.29,7182785.09,7190199.39,0.00,0.00,100000.00,49958.87,0.6997,71.9019938857,-25.3207,7037412.26,52787.13,7090199.39,0,0.0000
2025-09-17,190,5,7414.29,7195617.27,7203031.56,0.00,0.00,100000.00,12832.18,0.1785,72.0303156423,-25.1874,7037412.26,65619.30,7103031.56,0,0.0000
2025-09-18,190,5,7414.29,7294884.01,7302298.30,0.00,0.00,100000.00,99266.74,1.3781,73.0229830336,-24.1564,7037412.26,164886.04,7202298.30,0,0.0000
2025-09-19,190,5,7414.29,7266649.41,7274063.70,0.00,0.00,100000.00,-28234.60,-0.3867,72.7406370473,-24.4496,7037412.26,136651.44,7174063.70,0,0.0000
2025-09-22,190,5,7414.29,7245283.40,7252697.69,0.00,0.00,100000.00,-21366.01,-0.2937,72.5269769252,-24.6716,7037412.26,115285.43,7152697.69,0,0.0000
2025-09-23,190,5,7414.29,7181496.02,7188910.32,0.00,0.00,100000.00,-63787.38,-0.8795,71.8891031667,-25.3341,7037412.26,51498.05,7088910.32,0,0.0000
2025-09-24,190,5,7414.29,7141326.66,7148740.95,0.00,0.00,100000.00,-40169.36,-0.5588,71.4874095302,-25.7513,7037412.26,11328.69,7048740.95,0,0.0000
2025-09-25,190,5,7414.29,7096821.25,7104235.54,0.00,0.00,100000.00,-44505.41,-0.6226,71.0423554079,-26.2135,7037412.26,-33176.72,7004235.54,0,0.0000
2025-09-26,190,5,7414.29,6955508.76,6962923.05,0.00,0.00,100000.00,-141312.49,-1.9891,69.6292305214,-27.6812,7037412.26,-174489.21,6862923.05,0,0.0000
2025-09-29,190,5,7414.29,6990618.70,6998032.99,0.00,0.00,100000.00,35109.94,0.5042,69.9803298989,-27.3166,7037412.26,-139379.27,6898032.99,0,0.0000
2025-09-30,190,5,7414.29,7025488.58,7032902.87,0.00,0.00,100000.00,34869.88,0.4983,70.3290287368,-26.9544,7037412.26,-104509.39,6932902.87,0,0.0000
2025-10-01,190,5,7414.29,7120078.69,7127492.99,0.00,0.00,100000.00,94590.12,1.3450,71.2749298928,-25.9720,7037412.26,-9919.27,7027492.99,0,0.0000
2025-10-03,191,5,7955.54,7068110.88,7076066.42,0.00,0.00,100000.00,-51426.57,-0.7215,70.7606641904,-26.5061,6831898.06,144168.36,6976066.42,0,0.0000
2025-10-06,191,5,7955.54,7063950.62,7071906.16,0.00,0.00,100000.00,-4160.26,-0.0588,70.7190615802,-26.5493,6831898.06,140008.10,6971906.16,0,0.0000
2025-10-07,191,5,7955.54,6970279.41,6978234.95,0.00,0.00,100000.00,-93671.21,-1.3246,69.7823495136,-27.5222,6831898.06,46336.89,6878234.95,0,0.0000
2025-10-08,191,5,7955.54,6948503.56,6956459.09,0.00,0.00,100000.00,-21775.86,-0.3121,69.5645909455,-27.7484,6831898.06,24561.04,6856459.09,0,0.0000
2025-10-09,191,5,7955.54,6946309.73,6954265.26,0.00,0.00,100000.00,-2193.83,-0.0315,69.5426526499,-27.7712,6831898.06,22367.21,6854265.26,0,0.0000
2025-10-10,191,5,7955.54,7012057.87,7020013.41,0.00,0.00,100000.00,65748.14,0.9454,70.2001340995,-27.0883,6831898.06,88115.35,6920013.41,0,0.0000
2025-10-13,191,5,7955.54,7089287.22,7097242.76,0.00,0.00,100000.00,77229.35,1.1001,70.9724275873,-26.2862,6831898.06,165344.70,6997242.76,0,0.0000
2025-10-14,191,5,7955.54,7122824.03,7130779.57,0.00,0.00,100000.00,33536.81,0.4725,71.3077957010,-25.9378,6831898.06,198881.51,7030779.57,0,0.0000
2025-10-15,191,5,7955.54,6998289.86,7006245.40,0.00,0.00,100000.00,-124534.17,-1.7464,70.0624540265,-27.2313,6831898.06,74347.34,6906245.40,0,0.0000
2025-10-16,191,5,7955.54,6933121.13,6941076.67,0.00,0.00,100000.00,-65168.74,-0.9302,69.4107666559,-27.9081,6831898.06,9178.61,6841076.67,0,0.0000
2025-10-17,191,5,7955.54,6962331.47,6970287.01,0.00,0.00,100000.00,29210.35,0.4208,69.7028701178,-27.6047,6831898.06,38388.95,6870287.01,0,0.0000
2025-10-20,191,5,7955.54,6857393.88,6865349.42,0.00,0.00,100000.00,-104937.60,-1.5055,68.6534941553,-28.6947,6831898.06,-66548.64,6765349.42,0,0.0000
2025-10-21,191,5,7955.54,6957753.74,6965709.27,0.00,0.00,100000.00,100359.86,1.4618,69.6570927448,-27.6523,6831898.06,33811.22,6865709.27,0,0.0000
2025-10-23,191,5,7955.54,6774963.14,6782918.68,0.00,0.00,100000.00,-182790.60,-2.6241,67.8291867835,-29.5508,6831898.06,-148979.38,6682918.68,0,0.0000
2025-10-24,191,5,7955.54,6801793.51,6809749.05,0.00,0.00,100000.00,26830.37,0.3956,68.0974904834,-29.2721,6831898.06,-122149.01,6709749.05,0,0.0000
2025-10-27,191,5,7955.54,6837918.82,6845874.36,0.00,0.00,100000.00,36125.31,0.5305,68.4587436026,-28.8969,6831898.06,-86023.70,6745874.36,0,0.0000
2025-10-28,191,5,7955.54,6929028.33,6936983.87,0.00,0.00,100000.00,91109.51,1.3309,69.3698387268,-27.9506,6831898.06,5085.81,6836983.87,0,0.0000
2025-10-29,191,5,7955.54,6937283.97,6945239.51,0.00,0.00,100000.00,8255.64,0.1190,69.4523951279,-27.8649,6831898.06,13341.45,6845239.51,0,0.0000
2025-10-30,191,5,7955.54,6919054.00,6927009.54,0.00,0.00,100000.00,-18229.98,-0.2625,69.2700953693,-28.0542,6831898.06,-4888.52,6827009.54,0,0.0000
2025-10-31,191,5,7955.54,6850096.54,6858052.08,0.00,0.00,100000.00,-68957.46,-0.9955,68.5805207706,-28.7704,6831898.06,-73845.98,6758052.08,0,0.0000
2025-11-03,192,5,4966.70,6904786.20,6909752.90,0.00,0.00,100000.00,51700.82,0.7539,69.0975289963,-28.2335,6639770.15,169982.75,6809752.90,0,0.0000
2025-11-04,192,5,4966.70,6807165.03,6812131.72,0.00,0.00,100000.00,-97621.18,-1.4128,68.1213172234,-29.2474,6639770.15,72361.58,6712131.72,0,0.0000
2025-11-06,192,5,4966.70,6771430.59,6776397.29,0.00,0.00,100000.00,-35734.44,-0.5246,67.7639728690,-29.6185,6639770.15,36627.14,6676397.29,0,0.0000
2025-11-07,192,5,4966.70,6849003.28,6853969.98,0.00,0.00,100000.00,77572.69,1.1447,68.5396997734,-28.8128,6639770.15,114199.83,6753969.98,0,0.0000
2025-11-10,192,5,4966.70,6850081.27,6855047.96,0.00,0.00,100000.00,1077.99,0.0157,68.5504796357,-28.8017,6639770.15,115277.82,6755047.96,0,0.0000
2025-11-11,192,5,4966.70,6969198.22,6974164.91,0.00,0.00,100000.00,119116.95,1.7377,69.7416491428,-27.5645,6639770.15,234394.77,6874164.91,0,0.0000
2025-11-12,192,5,4966.70,6995592.51,7000559.21,0.00,0.00,100000.00,26394.30,0.3785,70.0055921206,-27.2903,6639770.15,260789.07,6900559.21,0,0.0000
2025-11-13,192,5,4966.70,7045285.76,7050252.46,0.00,0.00,100000.00,49693.24,0.7098,70.5025245676,-26.7742,6639770.15,310482.31,6950252.46,0,0.0000
2025-11-14,192,5,4966.70,7103769.34,7108736.04,0.00,0.00,100000.00,58483.58,0.8295,71.0873604160,-26.1668,6639770.15,368965.90,7008736.04,0,0.0000
2025-11-17,192,5,4966.70,7240060.15,7245026.84,0.00,0.00,100000.00,136290.80,1.9172,72.4502684278,-24.7512,6639770.15,505256.70,7145026.84,0,0.0000
2025-11-18,192,5,4966.70,7134740.25,7139706.95,0.00,0.00,100000.00,-105319.89,-1.4537,71.3970694785,-25.8451,6639770.15,399936.80,7039706.95,0,0.0000
2025-11-19,192,5,4966.70,7094708.19,7099674.89,0.00,0.00,100000.00,-40032.06,-0.5607,70.9967488773,-26.2609,6639770.15,359904.74,6999674.89,0,0.0000
2025-11-20,192,5,4966.70,7062015.17,7066981.87,0.00,0.00,100000.00,-32693.02,-0.4605,70.6698186917,-26.6004,6639770.15,327211.72,6966981.87,0,0.0000
2025-11-21,192,5,4966.70,6965130.18,6970096.87,0.00,0.00,100000.00,-96884.99,-1.3710,69.7009687460,-27.6067,6639770.15,230326.73,6870096.87,0,0.0000
2025-11-24,192,5,4966.70,6953213.84,6958180.53,0.00,0.00,100000.00,-11916.34,-0.1710,69.5818053405,-27.7305,6639770.15,218410.39,6858180.53,0,0.0000
2025-11-25,192,5,4966.70,6988712.64,6993679.34,0.00,0.00,100000.00,35498.81,0.5102,69.9367934200,-27.3618,6639770.15,253909.20,6893679.34,0,0.0000
2025-11-26,192,5,4966.70,7085795.60,7090762.30,0.00,0.00,100000.00,97082.96,1.3882,70.9076229864,-26.3535,6639770.15,350992.15,6990762.30,0,0.0000
2025-11-27,192,5,4966.70,7135525.63,7140492.33,0.00,0.00,100000.00,49730.03,0.7013,71.4049232591,-25.8369,6639770.15,400722.18,7040492.33,0,0.0000
2025-11-28,192,5,4966.70,7189506.42,7194473.12,0.00,0.00,100000.00,53980.79,0.7560,71.9447312053,-25.2763,6639770.15,454702.97,7094473.12,0,0.0000
2025-12-01,192,5,4966.70,7265602.11,7270568.80,0.00,0.00,100000.00,76095.68,1.0577,72.7056880341,-24.4859,6639770.15,530798.66,7170568.80,0,0.0000
2025-12-02,193,5,1214.41,7272638.99,7273853.41,0.00,0.00,100000.00,3284.60,0.0452,72.7385340566,-24.4518,6892958.51,280894.90,7173853.41,0,0.0000
2025-12-03,193,5,1214.41,7336094.51,7337308.92,0.00,0.00,100000.00,63455.52,0.8724,73.3730892092,-23.7928,6892958.51,344350.41,7237308.92,0,0.0000
2025-12-04,193,5,1214.41,7365573.49,7366787.90,0.00,0.00,100000.00,29478.98,0.4018,73.6678790337,-23.4866,6892958.51,373829.39,7266787.90,0,0.0000
2025-12-05,193,5,1214.41,7455924.13,7457138.54,0.00,0.00,100000.00,90350.64,1.2265,74.5713854204,-22.5482,6892958.51,464180.03,7357138.54,0,0.0000
2025-12-08,193,5,1214.41,7250751.13,7251965.55,0.00,0.00,100000.00,-205172.99,-2.7514,72.5196554724,-24.6792,6892958.51,259007.04,7151965.55,0,0.0000
2025-12-09,193,5,1214.41,7302718.20,7303932.61,0.00,0.00,100000.00,51967.07,0.7166,73.0393261280,-24.1394,6892958.51,310974.10,7203932.61,0,0.0000
2025-12-10,193,5,1214.41,7242232.82,7243447.23,0.00,0.00,100000.00,-60485.38,-0.8281,72.4344723281,-24.7676,6892958.51,250488.72,7143447.23,0,0.0000
2025-12-11,193,5,1214.41,7343847.39,7345061.80,0.00,0.00,100000.00,101614.57,1.4028,73.4506179889,-23.7122,6892958.51,352103.29,7245061.80,0,0.0000
2025-12-12,193,5,1214.41,7532881.24,7534095.65,0.00,0.00,100000.00,189033.85,2.5736,75.3409564845,-21.7489,6892958.51,541137.14,7434095.65,0,0.0000
2025-12-15,193,5,1214.41,7508240.73,7509455.14,0.00,0.00,100000.00,-24640.51,-0.3271,75.0945514125,-22.0048,6892958.51,516496.63,7409455.14,0,0.0000
2025-12-16,193,5,1214.41,7468865.85,7470080.26,0.00,0.00,100000.00,-39374.88,-0.5243,74.7008026340,-22.4138,6892958.51,477121.75,7370080.26,0,0.0000
2025-12-17,193,5,1214.41,7426515.20,7427729.62,0.00,0.00,100000.00,-42350.65,-0.5669,74.2772961657,-22.8536,6892958.51,434771.11,7327729.62,0,0.0000
2025-12-18,193,5,1214.41,7473939.04,7475153.46,0.00,0.00,100000.00,47423.84,0.6385,74.7515345638,-22.3611,6892958.51,482194.95,7375153.46,0,0.0000
2025-12-19,193,5,1214.41,7592342.08,7593556.49,0.00,0.00,100000.00,118403.04,1.5840,75.9355649490,-21.1313,6892958.51,600597.98,7493556.49,0,0.0000
2025-12-22,193,5,1214.41,7669000.64,7670215.06,0.00,0.00,100000.00,76658.56,1.0095,76.7021505568,-20.3351,6892958.51,677256.55,7570215.06,0,0.0000
2025-12-23,193,5,1214.41,7710444.41,7711658.82,0.00,0.00,100000.00,41443.77,0.5403,77.1165882265,-19.9047,6892958.51,718700.31,7611658.82,0,0.0000
2025-12-24,193,5,1214.41,7704277.83,7705492.25,0.00,0.00,100000.00,-6166.58,-0.0800,77.0549224598,-19.9687,6892958.51,712533.74,7605492.25,0,0.0000
2025-12-26,193,5,1214.41,7727137.92,7728352.33,0.00,0.00,100000.00,22860.08,0.2967,77.2835232888,-19.7313,6892958.51,735393.82,7628352.33,0,0.0000
2025-12-29,193,5,1214.41,7676914.07,7678128.48,0.00,0.00,100000.00,-50223.85,-0.6499,76.7812847787,-20.2529,6892958.51,685169.97,7578128.48,0,0.0000
2025-12-30,193,5,1214.41,7870856.61,7872071.02,0.00,0.00,100000.00,193942.54,2.5259,78.7207101841,-18.2386,6892958.51,879112.51,7772071.02,0,0.0000
2025-12-31,194,5,2084.27,7691167.35,7693251.62,0.00,0.00,100000.00,-178819.40,-2.2716,76.9325162190,-20.0958,6975763.31,617488.32,7593251.62,0,0.0000
2026-01-01,194,5,2084.27,7883266.42,7885350.69,0.00,0.00,100000.00,192099.06,2.4970,78.8535068513,-18.1007,6975763.31,809587.38,7785350.69,0,0.0000
2026-01-02,194,5,2084.27,8017484.41,8019568.68,0.00,0.00,100000.00,134217.99,1.7021,80.1956867831,-16.7066,6975763.31,943805.37,7919568.68,0,0.0000
2026-01-05,194,5,2084.27,7959709.23,7961793.50,0.00,0.00,100000.00,-57775.18,-0.7204,79.6179350072,-17.3067,6975763.31,886030.19,7861793.50,0,0.0000
2026-01-06,194,5,2084.27,8035925.72,8038009.99,0.00,0.00,100000.00,76216.49,0.9573,80.3800998937,-16.5151,6975763.31,962246.68,7938009.99,0,0.0000
2026-01-07,194,5,2084.27,8046347.71,8048431.98,0.00,0.00,100000.00,10421.99,0.1297,80.4843198336,-16.4068,6975763.31,972668.68,7948431.98,0,0.0000
2026-01-08,194,5,2084.27,7906959.64,7909043.91,0.00,0.00,100000.00,-139388.07,-1.7319,79.0904391292,-17.8546,6975763.31,833280.61,7809043.91,0,0.0000
2026-01-09,194,5,2084.27,7938392.13,7940476.40,0.00,0.00,100000.00,31432.49,0.3974,79.4047640321,-17.5281,6975763.31,864713.10,7840476.40,0,0.0000
2026-01-12,194,5,2084.27,7949011.00,7951095.27,0.00,0.00,100000.00,10618.87,0.1337,79.5109527066,-17.4178,6975763.31,875331.96,7851095.27,0,0.0000
2026-01-13,194,5,2084.27,7929440.23,7931524.50,0.00,0.00,100000.00,-19570.77,-0.2461,79.3152449694,-17.6211,6975763.31,855761.19,7831524.50,0,0.0000
2026-01-14,194,5,2084.27,8045805.13,8047889.40,0.00,0.00,100000.00,116364.91,1.4671,80.4788940197,-16.4125,6975763.31,972126.10,7947889.40,0,0.0000
2026-01-15,194,5,2084.27,8045805.13,8047889.40,0.00,0.00,100000.00,0.00,0.0000,80.4788940197,-16.4125,6975763.31,972126.10,7947889.40,0,0.0000
2026-01-16,194,5,2084.27,7963285.11,7965369.38,0.00,0.00,100000.00,-82520.02,-1.0254,79.6536938451,-17.2696,6975763.31,889606.08,7865369.38,0,0.0000
2026-01-19,194,5,2084.27,7980537.26,7982621.53,0.00,0.00,100000.00,17252.15,0.2166,79.8262153324,-17.0904,6975763.31,906858.23,7882621.53,0,0.0000
2026-01-20,194,5,2084.27,7750352.20,7752436.47,0.00,0.00,100000.00,-230185.06,-2.8836,77.5243647186,-19.4811,6975763.31,676673.17,7652436.47,0,0.0000
2026-01-21,194,5,2084.27,7748360.03,7750444.30,0.00,0.00,100000.00,-1992.17,-0.0257,77.5044430260,-19.5018,6975763.31,674681.00,7650444.30,0,0.0000
2026-01-22,194,5,2084.27,7937156.42,7939240.69,0.00,0.00,100000.00,188796.39,2.4359,79.3924068934,-17.5409,6975763.31,863477.38,7839240.69,0,0.0000
2026-01-23,194,5,2084.27,7931454.24,7933538.51,0.00,0.00,100000.00,-5702.18,-0.0718,79.3353851390,-17.6002,6975763.31,857775.21,7833538.51,0,0.0000
2026-01-27,194,5,2084.27,7994085.34,7996169.61,0.00,0.00,100000.00,62631.09,0.7894,79.9616960595,-16.9497,6975763.31,920406.30,7896169.61,0,0.0000
2026-01-28,194,5,2084.27,8208521.41,8210605.68,0.00,0.00,100000.00,214436.08,2.6817,82.1060568245,-14.7225,6975763.31,1134842.38,8110605.68,0,0.0000
2026-01-29,195,5,843.38,8330370.00,8331213.37,0.00,0.00,100000.00,120607.69,1.4689,83.3121337374,-13.4698,7097362.95,1133850.42,8231213.37,0,0.0000
2026-01-30,195,5,843.38,8359403.33,8360246.71,0.00,0.00,100000.00,29033.33,0.3485,83.6024670784,-13.1683,7097362.95,1162883.76,8260246.71,0,0.0000
2026-02-02,195,5,843.38,8041724.74,8042568.12,0.00,0.00,100000.00,-317678.59,-3.7999,80.4256812090,-16.4678,7097362.95,845205.17,7942568.12,0,0.0000
2026-02-03,195,5,843.38,8297593.29,8298436.67,0.00,0.00,100000.00,255868.55,3.1814,82.9843667194,-13.8102,7097362.95,1101073.72,8198436.67,0,0.0000
2026-02-04,195,5,843.38,8319509.86,8320353.24,0.00,0.00,100000.00,21916.57,0.2641,83.2035323778,-13.5826,7097362.95,1122990.29,8220353.24,0,0.0000
2026-02-05,195,5,843.38,8262203.66,8263047.03,0.00,0.00,100000.00,-57306.20,-0.6887,82.6304703397,-14.1778,7097362.95,1065684.08,8163047.03,0,0.0000
2026-02-06,195,5,843.38,8231399.77,8232243.15,0.00,0.00,100000.00,-30803.89,-0.3728,82.3224314539,-14.4977,7097362.95,1034880.19,8132243.15,0,0.0000
2026-02-09,195,5,843.38,8534788.58,8535631.96,0.00,0.00,100000.00,303388.81,3.6854,85.3563195562,-11.3467,7097362.95,1338269.00,8435631.96,0,0.0000
2026-02-10,195,5,843.38,8538152.55,8538995.93,0.00,0.00,100000.00,3363.98,0.0394,85.3899593180,-11.3117,7097362.95,1341632.98,8438995.93,0,0.0000
2026-02-11,195,5,843.38,8597448.32,8598291.69,0.00,0.00,100000.00,59295.76,0.6944,85.9829169339,-10.6959,7097362.95,1400928.74,8498291.69,0,0.0000
2026-02-12,195,5,843.38,8633707.61,8634550.99,0.00,0.00,100000.00,36259.29,0.4217,86.3455098690,-10.3193,7097362.95,1437188.03,8534550.99,0,0.0000
2026-02-13,195,5,843.38,8416390.03,8417233.41,0.00,0.00,100000.00,-217317.58,-2.5168,84.1723340705,-12.5764,7097362.95,1219870.45,8317233.41,0,0.0000
2026-02-16,195,5,843.38,8500239.49,8501082.87,0.00,0.00,100000.00,83849.46,0.9962,85.0108286541,-11.7055,7097362.95,1303719.91,8401082.87,0,0.0000
2026-02-17,195,5,843.38,8496315.43,8497158.81,0.00,0.00,100000.00,-3924.06,-0.0462,84.9715880874,-11.7463,7097362.95,1299795.86,8397158.81,0,0.0000
2026-02-18,195,5,843.38,8576154.06,8576997.44,0.00,0.00,100000.00,79838.63,0.9396,85.7699743845,-10.9170,7097362.95,1379634.49,8476997.44,0,0.0000
2026-02-19,195,5,843.38,8410545.07,8411388.45,0.00,0.00,100000.00,-165608.99,-1.9309,84.1138844899,-12.6371,7097362.95,1214025.50,8311388.45,0,0.0000
2026-02-20,195,5,843.38,8479307.18,8480150.56,0.00,0.00,100000.00,68762.11,0.8175,84.8015055968,-11.9229,7097362.95,1282787.61,8380150.56,0,0.0000
2026-02-23,195,5,843.38,8493357.56,8494200.94,0.00,0.00,100000.00,14050.38,0.1657,84.9420093879,-11.7770,7097362.95,1296837.99,8394200.94,0,0.0000
2026-02-24,195,5,843.38,8493365.21,8494208.59,0.00,0.00,100000.00,7.65,0.0001,84.9420859168,-11.7769,7097362.95,1296845.64,8394208.59,0,0.0000
2026-02-25,195,5,843.38,8577030.79,8577874.17,0.00,0.00,100000.00,83665.58,0.9850,85.7787417218,-10.9079,7097362.95,1380511.22,8477874.17,0,0.0000
2026-02-26,196,5,2133.32,8640449.21,8642582.53,0.00,0.00,100000.00,64708.36,0.7544,86.4258253109,-10.2358,7524823.97,1017758.56,8542582.53,0,0.0000
2026-02-27,196,5,2133.32,8537898.82,8540032.14,0.00,0.00,100000.00,-102550.39,-1.1866,85.4003213988,-11.3010,7524823.97,915208.17,8440032.14,0,0.0000
2026-03-02,196,5,2133.32,8464648.44,8466781.75,0.00,0.00,100000.00,-73250.39,-0.8577,84.6678175397,-12.0618,7524823.97,841957.78,8366781.75,0,0.0000
2026-03-04,196,5,2133.32,8320932.04,8323065.36,0.00,0.00,100000.00,-143716.39,-1.6974,83.2306536124,-13.5544,7524823.97,698241.39,8223065.36,0,0.0000
2026-03-05,196,5,2133.32,8580324.86,8582458.18,0.00,0.00,100000.00,259392.82,3.1166,85.8245817902,-10.8603,7524823.97,957634.21,8482458.18,0,0.0000
2026-03-06,196,5,2133.32,8487948.72,8490082.04,0.00,0.00,100000.00,-92376.14,-1.0763,84.9008203509,-11.8198,7524823.97,865258.06,8390082.04,0,0.0000
2026-03-09,196,5,2133.32,8248331.37,8250464.69,0.00,0.00,100000.00,-239617.35,-2.8223,82.5046468853,-14.3085,7524823.97,625640.72,8150464.69,0,0.0000
2026-03-10,196,5,2133.32,8432875.35,8435008.67,0.00,0.00,100000.00,184543.98,2.2368,84.3500866938,-12.3918,7524823.97,810184.70,8335008.67,0,0.0000
2026-03-11,196,5,2133.32,8287806.28,8289939.60,0.00,0.00,100000.00,-145069.07,-1.7198,82.8993959609,-13.8985,7524823.97,665115.62,8189939.60,0,0.0000
2026-03-12,196,5,2133.32,8287870.73,8290004.05,0.00,0.00,100000.00,64.45,0.0008,82.9000404744,-13.8978,7524823.97,665180.07,8190004.05,0,0.0000
2026-03-13,196,5,2133.32,7914131.01,7916264.33,0.00,0.00,100000.00,-373739.72,-4.5083,79.1626432506,-17.7796,7524823.97,291440.35,7816264.33,0,0.0000
2026-03-16,196,5,2133.32,7873019.88,7875153.20,0.00,0.00,100000.00,-41111.13,-0.5193,78.7515319574,-18.2066,7524823.97,250329.22,7775153.20,0,0.0000
2026-03-17,196,5,2133.32,8106911.47,8109044.79,0.00,0.00,100000.00,233891.60,2.9700,81.0904479264,-15.7773,7524823.97,484220.82,8009044.79,0,0.0000
2026-03-18,196,5,2133.32,8189521.14,8191654.46,0.00,0.00,100000.00,82609.67,1.0187,81.9165446042,-14.9193,7524823.97,566830.49,8091654.46,0,0.0000
2026-03-19,196,5,2133.32,7806798.34,7808931.66,0.00,0.00,100000.00,-382722.80,-4.6721,78.0893166265,-18.8944,7524823.97,184107.69,7708931.66,0,0.0000
2026-03-20,196,5,2133.32,7779992.17,7782125.49,0.00,0.00,100000.00,-26806.17,-0.3433,77.8212548891,-19.1728,7524823.97,157301.52,7682125.49,0,0.0000
2026-03-23,196,5,2133.32,7403285.92,7405419.24,0.00,0.00,100000.00,-376706.25,-4.8407,74.0541923807,-23.0853,7524823.97,-219404.73,7305419.24,0,0.0000
2026-03-24,196,5,2133.32,7622552.23,7624685.55,0.00,0.00,100000.00,219266.31,2.9609,76.2468554853,-20.8080,7524823.97,-138.42,7524685.55,0,0.0000
2026-03-25,196,5,2133.32,7816318.34,7818451.66,0.00,0.00,100000.00,193766.11,2.5413,78.1845166242,-18.7955,7524823.97,193627.69,7718451.66,0,0.0000
2026-03-27,196,5,2133.32,7671078.53,7673211.85,0.00,0.00,100000.00,-145239.81,-1.8577,76.7321185161,-20.3040,7524823.97,48387.88,7573211.85,0,0.0000
2026-03-30,197,5,4168.43,7632512.86,7636681.30,0.00,0.00,100000.00,-36530.56,-0.4761,76.3668129525,-20.6834,7302007.64,234673.66,7536681.30,0,0.0000
2026-04-01,197,5,4168.43,7805844.87,7810013.30,0.00,0.00,100000.00,173332.01,2.2697,78.1001330413,-18.8831,7302007.64,408005.67,7710013.30,0,0.0000
2026-04-02,197,5,4168.43,7733171.44,7737339.88,0.00,0.00,100000.00,-72673.43,-0.9305,77.3733987698,-19.6379,7302007.64,335332.24,7637339.88,0,0.0000
2026-04-06,197,5,4168.43,7864604.55,7868772.98,0.00,0.00,100000.00,131433.11,1.6987,78.6877298360,-18.2728,7302007.64,466765.35,7768772.98,0,0.0000
2026-04-07,197,5,4168.43,7848200.47,7852368.91,0.00,0.00,100000.00,-16404.08,-0.2085,78.5236890746,-18.4432,7302007.64,450361.27,7752368.91,0,0.0000
2026-04-08,197,5,4168.43,7972564.69,7976733.12,0.00,0.00,100000.00,124364.22,1.5838,79.7673312304,-17.1515,7302007.64,574725.49,7876733.12,0,0.0000
2026-04-09,197,5,4168.43,8127424.78,8131593.21,0.00,0.00,100000.00,154860.09,1.9414,81.3159321151,-15.5431,7302007.64,729585.57,8031593.21,0,0.0000
2026-04-10,197,5,4168.43,8373189.35,8377357.79,0.00,0.00,100000.00,245764.58,3.0223,83.7735778860,-12.9905,7302007.64,975350.15,8277357.79,0,0.0000
2026-04-13,197,5,4168.43,8457575.27,8461743.70,0.00,0.00,100000.00,84385.91,1.0073,84.6174370278,-12.1141,7302007.64,1059736.07,8361743.70,0,0.0000
2026-04-15,197,5,4168.43,8546511.88,8550680.31,0.00,0.00,100000.00,88936.61,1.0510,85.5068031301,-11.1904,7302007.64,1148672.68,8450680.31,0,0.0000
2026-04-16,197,5,4168.43,8591555.58,8595724.02,0.00,0.00,100000.00,45043.71,0.5268,85.9572401968,-10.7225,7302007.64,1193716.38,8495724.02,0,0.0000
2026-04-17,197,5,4168.43,8626071.67,8630240.10,0.00,0.00,100000.00,34516.08,0.4015,86.3024010360,-10.3640,7302007.64,1228232.47,8530240.10,0,0.0000
2026-04-20,197,5,4168.43,8618193.11,8622361.55,0.00,0.00,100000.00,-7878.55,-0.0913,86.2236154879,-10.4459,7302007.64,1220353.91,8522361.55,0,0.0000
2026-04-21,197,5,4168.43,8642052.16,8646220.60,0.00,0.00,100000.00,23859.05,0.2767,86.4622059658,-10.1981,7302007.64,1244212.96,8546220.60,0,0.0000
2026-04-22,197,5,4168.43,8677328.52,8681496.95,0.00,0.00,100000.00,35276.36,0.4080,86.8149695211,-9.8317,7302007.64,1279489.32,8581496.95,0,0.0000
2026-04-23,197,5,4168.43,8758334.69,8762503.13,0.00,0.00,100000.00,81006.18,0.9331,87.6250312765,-8.9903,7302007.64,1360495.49,8662503.13,0,0.0000
2026-04-24,197,5,4168.43,8743750.56,8747918.99,0.00,0.00,100000.00,-14584.13,-0.1664,87.4791899441,-9.1418,7302007.64,1345911.36,8647918.99,0,0.0000
2026-04-27,197,5,4168.43,8798537.75,8802706.19,0.00,0.00,100000.00,54787.20,0.6263,88.0270618941,-8.5728,7302007.64,1400698.55,8702706.19,0,0.0000
2026-04-28,197,5,4168.43,8861931.74,8866100.18,0.00,0.00,100000.00,63393.99,0.7202,88.6610017562,-7.9143,7302007.64,1464092.54,8766100.18,0,0.0000
2026-04-29,197,5,4168.43,8816700.43,8820868.86,0.00,0.00,100000.00,-45231.32,-0.5102,88.2086885989,-8.3841,7302007.64,1418861.22,8720868.86,0,0.0000
2026-04-30,198,5,12932.47,8645454.54,8658387.01,0.00,0.00,100000.00,-162481.85,-1.8420,86.5838701288,-10.0717,8075045.60,483341.42,8558387.01,0,0.0000
2026-05-01,198,5,12932.47,8645454.54,8658387.01,0.00,0.00,100000.00,0.00,0.0000,86.5838701288,-10.0717,8075045.60,483341.42,8558387.01,0,0.0000
2026-05-04,198,5,12932.47,8660003.70,8672936.17,0.00,0.00,100000.00,14549.16,0.1680,86.7293617093,-9.9206,8075045.60,497890.57,8572936.17,0,0.0000
2026-05-05,198,5,12932.47,8726129.20,8739061.67,0.00,0.00,100000.00,66125.50,0.7624,87.3906167098,-9.2338,8075045.60,564016.07,8639061.67,0,0.0000
2026-05-06,198,5,12932.47,8516270.79,8529203.26,0.00,0.00,100000.00,-209858.41,-2.4014,85.2920325823,-11.4134,8075045.60,354157.66,8429203.26,0,0.0000
2026-05-07,198,5,12932.47,8687862.41,8700794.89,0.00,0.00,100000.00,171591.63,2.0118,87.0079488646,-9.6312,8075045.60,525749.29,8600794.89,0,0.0000
2026-05-08,198,5,12932.47,8585166.39,8598098.86,0.00,0.00,100000.00,-102696.03,-1.1803,85.9809886122,-10.6979,8075045.60,423053.26,8498098.86,0,0.0000
2026-05-11,198,5,12932.47,8413052.71,8425985.18,0.00,0.00,100000.00,-172113.68,-2.0018,84.2598518238,-12.4855,8075045.60,250939.58,8325985.18,0,0.0000
2026-05-12,198,5,12932.47,8300667.90,8313600.38,0.00,0.00,100000.00,-112384.81,-1.3338,83.1360037627,-13.6527,8075045.60,138554.78,8213600.38,0,0.0000
2026-05-13,198,5,12932.47,8420887.26,8433819.73,0.00,0.00,100000.00,120219.35,1.4461,84.3381973107,-12.4041,8075045.60,258774.13,8333819.73,0,0.0000
2026-05-14,198,5,12932.47,8520165.09,8533097.56,0.00,0.00,100000.00,99277.83,1.1771,85.3309756429,-11.3730,8075045.60,358051.97,8433097.56,0,0.0000
2026-05-15,198,5,12932.47,8419985.02,8432917.49,0.00,0.00,100000.00,-100180.07,-1.1740,84.3291749076,-12.4135,8075045.60,257871.89,8332917.49,0,0.0000
2026-05-18,198,5,12932.47,8356546.50,8369478.97,0.00,0.00,100000.00,-63438.52,-0.7523,83.6947897451,-13.0724,8075045.60,194433.38,8269478.97,0,0.0000
2026-05-19,198,5,12932.47,8366696.05,8379628.53,0.00,0.00,100000.00,10149.55,0.1213,83.7962852588,-12.9670,8075045.60,204582.93,8279628.53,0,0.0000
2026-05-20,198,5,12932.47,8551298.59,8564231.06,0.00,0.00,100000.00,184602.54,2.2030,85.6423106456,-11.0496,8075045.60,389185.47,8464231.06,0,0.0000
2026-05-21,198,5,12932.47,8611294.93,8624227.40,0.00,0.00,100000.00,59996.34,0.7005,86.2422740184,-10.4265,8075045.60,449181.80,8524227.40,0,0.0000
2026-05-22,198,5,12932.47,8536012.48,8548944.95,0.00,0.00,100000.00,-75282.45,-0.8729,85.4894494886,-11.2084,8075045.60,373899.35,8448944.95,0,0.0000
2026-05-25,198,5,12932.47,8518368.58,8531301.05,0.00,0.00,100000.00,-17643.90,-0.2064,85.3130105257,-11.3916,8075045.60,356255.46,8431301.05,0,0.0000
2026-05-26,198,5,12932.47,8611677.54,8624610.01,0.00,0.00,100000.00,93308.96,1.0937,86.2461000855,-10.4225,8075045.60,449564.41,8524610.01,0,0.0000
2026-05-27,198,5,12932.47,8681438.57,8694371.04,0.00,0.00,100000.00,69761.03,0.8089,86.9437103804,-9.6980,8075045.60,519325.44,8594371.04,0,0.0000
2026-05-28,199,5,22830.18,8671540.85,8694371.04,0.00,0.00,100000.00,0.00,0.0000,86.9437103804,-9.6980,8383971.37,210399.66,8594371.04,0,0.0000
2026-05-29,199,5,22830.18,8517832.78,8540662.96,0.00,0.00,100000.00,-153708.08,-1.7679,85.4066296151,-11.2944,8383971.37,56691.59,8440662.96,0,0.0000
2026-06-01,199,5,22830.18,8327184.56,8350014.74,0.00,0.00,100000.00,-190648.22,-2.2322,83.5001474044,-13.2745,8383971.37,-133956.63,8250014.74,0,0.0000
2026-06-02,199,5,22830.18,8282932.61,8305762.80,0.00,0.00,100000.00,-44251.94,-0.5300,83.0576279647,-13.7341,8383971.37,-178208.58,8205762.80,0,0.0000
2026-06-03,199,5,22830.18,8173491.61,8196321.80,0.00,0.00,100000.00,-109441.00,-1.3177,81.9632179659,-14.8708,8383971.37,-287649.58,8096321.80,0,0.0000
2026-06-04,199,5,22830.18,8363765.22,8386595.40,0.00,0.00,100000.00,190273.60,2.3215,83.8659540053,-12.8946,8383971.37,-97375.97,8286595.40,0,0.0000
2026-06-05,199,5,22830.18,8372994.55,8395824.73,0.00,0.00,100000.00,9229.33,0.1100,83.9582473421,-12.7987,8383971.37,-88146.64,8295824.73,0,0.0000
2026-06-08,199,5,22830.18,8166138.30,8188968.49,0.00,0.00,100000.00,-206856.25,-2.4638,81.8896848580,-14.9472,8383971.37,-295002.89,8088968.49,0,0.0000
2026-06-09,199,5,22830.18,8205065.94,8227896.12,0.00,0.00,100000.00,38927.63,0.4754,82.2789612020,-14.5429,8383971.37,-256075.25,8127896.12,0,0.0000
2026-06-10,199,5,22830.18,8007815.05,8030645.24,0.00,0.00,100000.00,-197250.89,-2.3973,80.3064523519,-16.5916,8383971.37,-453326.14,7930645.24,0,0.0000
2026-06-11,199,5,22830.18,7916541.36,7939371.55,0.00,0.00,100000.00,-91273.69,-1.1366,79.3937154537,-17.5396,8383971.37,-544599.83,7839371.55,0,0.0000
2026-06-12,199,5,22830.18,8074230.07,8097060.25,0.00,0.00,100000.00,157688.70,1.9862,80.9706025008,-15.9018,8383971.37,-386911.12,7997060.25,0,0.0000
2026-06-15,199,5,22830.18,8127658.15,8150488.33,0.00,0.00,100000.00,53428.08,0.6598,81.5048833437,-15.3469,8383971.37,-333483.04,8050488.33,0,0.0000
2026-06-16,199,5,22830.18,8153017.09,8175847.28,0.00,0.00,100000.00,25358.94,0.3111,81.7584727663,-15.0835,8383971.37,-308124.10,8075847.28,0,0.0000
2026-06-17,199,5,22830.18,8113606.45,8136436.63,0.00,0.00,100000.00,-39410.64,-0.4820,81.3643663326,-15.4928,8383971.37,-347534.74,8036436.63,0,0.0000
2026-06-18,199,5,22830.18,8211053.27,8233883.46,0.00,0.00,100000.00,97446.83,1.1977,82.3388345870,-14.4807,8383971.37,-250087.92,8133883.46,0,0.0000
2026-06-19,199,5,22830.18,8301180.16,8324010.34,0.00,0.00,100000.00,90126.88,1.0946,83.2401034023,-13.5446,8383971.37,-159961.03,8224010.34,0,0.0000
2026-06-22,199,5,22830.18,8341920.37,8364750.56,0.00,0.00,100000.00,40740.22,0.4894,83.6475055757,-13.1215,8383971.37,-119220.82,8264750.56,0,0.0000
2026-06-23,199,5,22830.18,8202055.05,8224885.24,0.00,0.00,100000.00,-139865.32,-1.6721,82.2488523769,-14.5742,8383971.37,-259086.14,8124885.24,0,0.0000
2026-06-24,199,5,22830.18,8252558.03,8275388.21,0.00,0.00,100000.00,50502.97,0.6140,82.7538821212,-14.0496,8383971.37,-208583.16,8175388.21,0,0.0000
2026-06-25,200,5,6859.94,8341980.23,8348840.17,0.00,0.00,100000.00,73451.95,0.8876,83.4884016666,-13.2867,8311782.21,-62942.05,8248840.17,0,0.0000
2026-06-26,200,5,6859.94,8341980.23,8348840.17,0.00,0.00,100000.00,0.00,0.0000,83.4884016666,-13.2867,8311782.21,-62942.05,8248840.17,0,0.0000
2026-06-29,200,5,6859.94,8415703.15,8422563.09,0.00,0.00,100000.00,73722.92,0.8830,84.2256309073,-12.5210,8311782.21,10780.88,8322563.09,0,0.0000
2026-06-30,200,5,6859.94,8460432.10,8467292.04,0.00,0.00,100000.00,44728.95,0.5311,84.6729204484,-12.0565,8311782.21,55509.83,8367292.04,0,0.0000
2026-07-01,200,5,6859.94,8509730.35,8516590.29,0.00,0.00,100000.00,49298.25,0.5822,85.1659029331,-11.5444,8311782.21,104808.08,8416590.29,0,0.0000
2026-07-02,200,5,6859.94,8536479.53,8543339.47,0.00,0.00,100000.00,26749.18,0.3141,85.4333947019,-11.2666,8311782.21,131557.26,8443339.47,0,0.0000
2026-07-03,200,5,6859.94,8510467.91,8517327.85,0.00,0.00,100000.00,-26011.62,-0.3045,85.1732784598,-11.5368,8311782.21,105545.63,8417327.85,0,0.0000
2026-07-06,200,5,6859.94,8486358.62,8493218.56,0.00,0.00,100000.00,-24109.29,-0.2831,84.9321855790,-11.7872,8311782.21,81436.34,8393218.56,0,0.0000
2026-07-07,200,5,6859.94,8302195.87,8309055.81,0.00,0.00,100000.00,-184162.75,-2.1684,83.0905580680,-13.6999,8311782.21,-102726.41,8209055.81,0,0.0000
2026-07-08,200,5,6859.94,8221973.50,8228833.44,0.00,0.00,100000.00,-80222.36,-0.9655,82.2883344413,-14.5331,8311782.21,-182948.77,8128833.44,0,0.0000
2026-07-09,200,5,6859.94,8326505.98,8333365.92,0.00,0.00,100000.00,104532.47,1.2703,83.3336591654,-13.4474,8311782.21,-78416.30,8233365.92,0,0.0000
2026-07-10,200,5,6859.94,8592323.79,8599183.73,0.00,0.00,100000.00,265817.81,3.1898,85.9918372642,-10.6866,8311782.21,187401.51,8499183.73,0,0.0000
2026-07-13,200,5,6859.94,8692166.36,8699026.30,0.00,0.00,100000.00,99842.58,1.1611,86.9902630271,-9.6496,8311782.21,287244.09,8599026.30,0,0.0000
2026-07-14,200,5,6859.94,8665021.15,8671881.09,0.00,0.00,100000.00,-27145.21,-0.3120,86.7188108921,-9.9315,8311782.21,260098.88,8571881.09,0,0.0000
2026-07-15,200,5,6859.94,8677256.07,8684116.01,0.00,0.00,100000.00,12234.92,0.1411,86.8411601316,-9.8045,8311782.21,272333.80,8584116.01,0,0.0000
2026-07-16,200,5,6859.94,8744348.75,8751208.69,0.00,0.00,100000.00,67092.67,0.7726,87.5120868778,-9.1076,8311782.21,339426.47,8651208.69,0,0.0000
2026-07-17,200,5,6859.94,8679761.87,8686621.81,0.00,0.00,100000.00,-64586.87,-0.7380,86.8662181351,-9.7784,8311782.21,274839.60,8586621.81,0,0.0000
2026-07-20,200,5,6859.94,8697282.31,8704142.25,0.00,0.00,100000.00,17520.44,0.2017,87.0414225065,-9.5965,8311782.21,292360.04,8604142.25,0,0.0000
2026-07-21,200,5,6859.94,8691955.42,8698815.36,0.00,0.00,100000.00,-5326.89,-0.0612,86.9881536393,-9.6518,8311782.21,287033.15,8598815.36,0,0.0000
2026-07-22,200,5,6859.94,8501809.62,8508669.56,0.00,0.00,100000.00,-190145.80,-2.1859,85.0866956388,-11.6267,8311782.21,96887.35,8408669.56,0,0.0000
2026-07-23,201,5,12769.30,8349395.15,8362164.46,0.00,0.00,100000.00,-146505.11,-1.7218,83.6216445747,-13.1483,8047829.09,214335.37,8262164.46,0,0.0000
2026-07-24,201,5,12769.30,8362472.43,8375241.74,0.00,0.00,100000.00,13077.28,0.1564,83.7524173536,-13.0125,8047829.09,227412.65,8275241.74,0,0.0000
2026-07-27,201,5,12769.30,8524734.76,8537504.07,0.00,0.00,100000.00,162262.33,1.9374,85.3750406611,-11.3272,8047829.09,389674.98,8437504.07,0,0.0000
2026-07-28,201,5,12769.30,8675867.76,8688637.07,0.00,0.00,100000.00,151133.00,1.7702,86.8863706617,-9.7575,8047829.09,540807.98,8588637.07,0,0.0000
2026-07-29,201,5,12769.30,8781922.42,8794691.72,0.00,0.00,100000.00,106054.65,1.2206,87.9469172010,-8.6560,8047829.09,646862.63,8694691.72,0,0.0000
2026-07-30,201,5,12769.30,8759692.41,8772461.71,0.00,0.00,100000.00,-22230.01,-0.2528,87.7246171034,-8.8869,8047829.09,624632.62,8672461.71,0,0.0000
2026-07-31,201,5,12769.30,8737067.58,8749836.88,0.00,0.00,100000.00,-22624.83,-0.2579,87.4983688118,-9.1219,8047829.09,602007.79,8649836.88,0,0.0000
2026-08-03,201,5,12769.30,8789661.67,8802430.98,0.00,0.00,100000.00,52594.10,0.6011,88.0243097627,-8.5756,8047829.09,654601.89,8702430.98,0,0.0000
2026-08-04,201,5,12769.30,8818001.34,8830770.64,0.00,0.00,100000.00,28339.67,0.3220,88.3077064216,-8.2813,8047829.09,682941.55,8730770.64,0,0.0000
2026-08-05,201,5,12769.30,8764768.89,8777538.20,0.00,0.00,100000.00,-53232.45,-0.6028,87.7753819636,-8.8342,8047829.09,629709.11,8677538.20,0,0.0000
2026-08-06,201,5,12769.30,8806827.87,8819597.18,0.00,0.00,100000.00,42058.98,0.4792,88.1959717939,-8.3973,8047829.09,671768.09,8719597.18,0,0.0000
2026-08-07,201,5,12769.30,8841298.99,8854068.30,0.00,0.00,100000.00,34471.12,0.3908,88.5406829963,-8.0393,8047829.09,706239.21,8754068.30,0,0.0000
2026-08-10,201,5,12769.30,8857577.09,8870346.40,0.00,0.00,100000.00,16278.10,0.1838,88.7034639656,-7.8702,8047829.09,722517.31,8770346.40,0,0.0000
2026-08-11,201,5,12769.30,8835766.33,8848535.64,0.00,0.00,100000.00,-21810.76,-0.2459,88.4853563807,-8.0968,8047829.09,700706.55,8748535.64,0,0.0000
2026-08-12,201,5,12769.30,8843378.10,8856147.40,0.00,0.00,100000.00,7611.76,0.0860,88.5614740083,-8.0177,8047829.09,708318.31,8756147.40,0,0.0000
2026-08-13,201,5,12769.30,8842685.65,8855454.96,0.00,0.00,100000.00,-692.45,-0.0078,88.5545495546,-8.0249,8047829.09,707625.87,8755454.96,0,0.0000
2026-08-14,201,5,12769.30,8864730.87,8877500.17,0.00,0.00,100000.00,22045.21,0.2489,88.7750016999,-7.7959,8047829.09,729671.08,8777500.17,0,0.0000
2026-08-17,201,5,12769.30,8931909.02,8944678.33,0.00,0.00,100000.00,67178.16,0.7567,89.4467832801,-7.0982,8047829.09,796849.24,8844678.33,0,0.0000
2026-08-18,201,5,12769.30,8839618.86,8852388.16,0.00,0.00,100000.00,-92290.17,-1.0318,88.5238816145,-8.0567,8047829.09,704559.07,8752388.16,0,0.0000
2026-08-19,201,5,12769.30,8802705.62,8815474.93,0.00,0.00,100000.00,-36913.23,-0.4170,88.1547492866,-8.4401,8047829.09,667645.84,8715474.93,0,0.0000
2026-08-20,202,5,7056.35,8852230.99,8859287.34,0.00,0.00,100000.00,43812.41,0.4970,88.5928734074,-7.9851,8192478.40,566808.94,8759287.34,0,0.0000
2026-08-21,202,5,7056.35,8764895.10,8771951.45,0.00,0.00,100000.00,-87335.89,-0.9858,87.7195144814,-8.8922,8192478.40,479473.05,8671951.45,0,0.0000
2026-08-24,202,5,7056.35,8710322.12,8717378.47,0.00,0.00,100000.00,-54572.98,-0.6221,87.1737846604,-9.4590,8192478.40,424900.07,8617378.47,0,0.0000
2026-08-25,202,5,7056.35,8940055.00,8947111.35,0.00,0.00,100000.00,229732.88,2.6353,89.4711135067,-7.0729,8192478.40,654632.95,8847111.35,0,0.0000
2026-08-26,202,5,7056.35,8930513.45,8937569.80,0.00,0.00,100000.00,-9541.55,-0.1066,89.3756980364,-7.1720,8192478.40,645091.41,8837569.80,0,0.0000
2026-08-27,202,5,7056.35,8941934.36,8948990.71,0.00,0.00,100000.00,11420.90,0.1278,89.4899070828,-7.0534,8192478.40,656512.31,8848990.71,0,0.0000
2026-08-28,202,5,7056.35,8990427.56,8997483.91,0.00,0.00,100000.00,48493.20,0.5419,89.9748391257,-6.5497,8192478.40,705005.52,8897483.91,0,0.0000
2026-08-31,202,5,7056.35,8914347.69,8921404.04,0.00,0.00,100000.00,-76079.87,-0.8456,89.2140404138,-7.3399,8192478.40,628925.64,8821404.04,0,0.0000
2026-09-01,202,5,7056.35,8756141.66,8763198.01,0.00,0.00,100000.00,-158206.03,-1.7733,87.6319800639,-8.9831,8192478.40,470719.61,8663198.01,0,0.0000
2026-09-02,202,5,7056.35,8773379.12,8780435.47,0.00,0.00,100000.00,17237.46,0.1967,87.8043546757,-8.8041,8192478.40,487957.07,8680435.47,0,0.0000
2026-09-03,202,5,7056.35,8791154.64,8798210.99,0.00,0.00,100000.00,17775.53,0.2024,87.9821099349,-8.6194,8192478.40,505732.60,8698210.99,0,0.0000
2026-09-04,202,5,7056.35,8798223.18,8805279.53,0.00,0.00,100000.00,7068.54,0.0803,88.0527953173,-8.5460,8192478.40,512801.13,8705279.53,0,0.0000
2026-09-07,202,5,7056.35,8861714.00,8868770.35,0.00,0.00,100000.00,63490.82,0.7211,88.6877035124,-7.8866,8192478.40,576291.95,8768770.35,0,0.0000
2026-09-08,202,5,7056.35,8883911.01,8890967.36,0.00,0.00,100000.00,22197.01,0.2503,88.9096736103,-7.6561,8192478.40,598488.96,8790967.36,0,0.0000
2026-09-09,202,5,7056.35,8809363.36,8816419.71,0.00,0.00,100000.00,-74547.65,-0.8385,88.1641970842,-8.4303,8192478.40,523941.31,8716419.71,0,0.0000
2026-09-10,202,5,7056.35,8809436.28,8816492.63,0.00,0.00,100000.00,72.92,0.0008,88.1649262637,-8.4296,8192478.40,524014.23,8716492.63,0,0.0000
2026-09-11,202,5,7056.35,8781462.15,8788518.50,0.00,0.00,100000.00,-27974.13,-0.3173,87.8851849789,-8.7201,8192478.40,496040.10,8688518.50,0,0.0000
2026-09-14,202,5,7056.35,8781462.15,8788518.50,0.00,0.00,100000.00,0.00,0.0000,87.8851849789,-8.7201,8192478.40,496040.10,8688518.50,0,0.0000
2026-09-15,202,5,7056.35,8664916.15,8671972.50,0.00,0.00,100000.00,-116546.00,-1.3261,86.7197249742,-9.9306,8192478.40,379494.10,8571972.50,0,0.0000
2026-09-16,202,5,7056.35,8640157.93,8647214.28,0.00,0.00,100000.00,-24758.22,-0.2855,86.4721427969,-10.1877,8192478.40,354735.88,8547214.28,0,0.0000
2026-09-17,203,5,4293.83,8675901.90,8680195.72,0.00,0.00,100000.00,32981.44,0.3814,86.8019572181,-9.8452,8128325.17,451870.55,8580195.72,0,0.0000
2026-09-18,203,5,4293.83,8882165.48,8886459.31,0.00,0.00,100000.00,206263.59,2.3763,88.8645930848,-7.7029,8128325.17,658134.13,8786459.31,0,0.0000
2026-09-21,203,5,4293.83,8814723.69,8819017.51,0.00,0.00,100000.00,-67441.79,-0.7589,88.1901751447,-8.4033,8128325.17,590692.34,8719017.51,0,0.0000
2026-09-22,203,5,4293.83,8822320.73,8826614.56,0.00,0.00,100000.00,7597.04,0.0861,88.2661455848,-8.3244,8128325.17,598289.38,8726614.56,0,0.0000
2026-09-23,203,5,4293.83,8780682.95,8784976.78,0.00,0.00,100000.00,-41637.78,-0.4717,87.8497678150,-8.7569,8128325.17,556651.61,8684976.78,0,0.0000
2026-09-24,203,5,4293.83,8680123.21,8684417.03,0.00,0.00,100000.00,-100559.75,-1.1447,86.8441703339,-9.8013,8128325.17,456091.86,8584417.03,0,0.0000
2026-09-25,203,5,4293.83,8610745.25,8615039.08,0.00,0.00,100000.00,-69377.96,-0.7989,86.1503907660,-10.5219,8128325.17,386713.90,8515039.08,0,0.0000
2026-09-28,203,5,4293.83,8476126.13,8480419.96,0.00,0.00,100000.00,-134619.12,-1.5626,84.8041996021,-11.9201,8128325.17,252094.79,8380419.96,0,0.0000
2026-09-29,203,5,4293.83,8506700.47,8510994.29,0.00,0.00,100000.00,30574.33,0.3605,85.1099429181,-11.6026,8128325.17,282669.12,8410994.29,0,0.0000
2026-09-30,203,5,4293.83,8509126.27,8513420.09,0.00,0.00,100000.00,2425.80,0.0285,85.1342009436,-11.5774,8128325.17,285094.92,8413420.09,0,0.0000
