trade_date,action,symbol,quantity,price,trade_value,entry_price,exit_price,realized_pnl,initial_balance,remaining_balance,signal_date,rebalance_number
2010-05-17,ENTRY,ADANIENT,266.00,75.03,19958.21,75.03,,,100000.00,80041.79,2010-05-14,1
2010-05-17,ENTRY,BAJAJFINSV,391.00,51.15,19999.49,51.15,,,80041.79,60042.30,2010-05-14,1
2010-05-17,ENTRY,COROMANDEL,135.00,148.11,19994.91,148.11,,,60042.30,40047.39,2010-05-14,1
2010-05-17,ENTRY,SUPREMEIND,252.00,79.08,19928.12,79.08,,,40047.39,20119.26,2010-05-14,1
2010-05-17,ENTRY,TITAN,192.00,104.02,19972.69,104.02,,,20119.26,146.57,2010-05-14,1
2010-06-14,EXIT,ADANIENT,266.00,69.43,18467.27,75.03,69.43,-1490.94,146.57,18613.84,2010-06-11,2
2010-06-14,EXIT,BAJAJFINSV,391.00,45.17,17659.93,51.15,45.17,-2339.56,18613.84,36273.77,2010-06-11,2
2010-06-14,EXIT,SUPREMEIND,252.00,81.93,20645.53,79.08,81.93,717.41,36273.77,56919.30,2010-06-11,2
2010-06-14,ENTRY,BAJFINANCE,4735.00,4.16,19720.57,4.16,,,59326.19,39605.62,2010-06-11,2
2010-06-14,ENTRY,DRREDDY,76.00,256.30,19478.63,256.30,,,39605.62,20126.99,2010-06-11,2
2010-06-14,ENTRY,EICHERMOT,263.00,74.71,19649.62,74.71,,,20126.99,477.37,2010-06-11,2
2010-07-12,EXIT,DRREDDY,76.00,264.67,20114.91,256.30,264.67,636.28,477.37,20592.28,2010-07-09,3
2010-07-12,EXIT,TITAN,189.00,116.13,21948.34,104.02,116.13,2287.72,20592.28,42540.62,2010-07-09,3
2010-07-12,ENTRY,HINDPETRO,611.00,35.23,21526.28,35.23,,,43366.67,21840.39,2010-07-09,3
2010-07-12,ENTRY,JUBLFOOD,664.00,32.45,21546.89,32.45,,,21840.39,293.50,2010-07-09,3
2010-08-09,EXIT,HINDPETRO,611.00,32.07,19593.32,35.23,32.07,-1932.97,293.50,19886.81,2010-08-06,4
2010-08-09,EXIT,JUBLFOOD,664.00,40.37,26804.44,32.45,40.37,5257.55,19886.81,46691.25,2010-08-06,4
2010-08-09,ENTRY,PAGEIND,22.00,1056.09,23233.88,1056.09,,,47776.03,24542.15,2010-08-06,4
2010-08-09,ENTRY,TITAN,182.00,130.47,23745.80,130.47,,,24542.15,796.35,2010-08-06,4
2010-09-06,EXIT,BAJFINANCE,4499.00,5.86,26359.71,4.16,5.86,7622.05,796.35,27156.06,2010-09-03,5
2010-09-06,EXIT,PAGEIND,22.00,1051.13,23124.82,1056.09,1051.13,-109.06,27156.06,50280.88,2010-09-03,5
2010-09-06,EXIT,TITAN,182.00,139.26,25345.69,130.47,139.26,1599.89,50280.88,75626.57,2010-09-03,5
2010-09-06,ENTRY,GODREJPROP,74.00,350.85,25962.88,350.85,,,79159.92,53197.03,2010-09-03,5
2010-09-06,ENTRY,HINDPETRO,675.00,38.90,26259.03,38.90,,,53197.03,26938.00,2010-09-03,5
2010-09-06,ENTRY,TRENT,237.00,110.59,26209.44,110.59,,,26938.00,728.56,2010-09-03,5
2010-10-05,EXIT,GODREJPROP,74.00,331.79,24552.56,350.85,331.79,-1410.33,728.56,25281.12,2010-10-04,6
2010-10-05,EXIT,HINDPETRO,675.00,38.25,25822.05,38.90,38.25,-436.99,25281.12,51103.17,2010-10-04,6
2010-10-05,EXIT,TRENT,237.00,100.39,23791.54,110.59,100.39,-2417.90,51103.17,74894.71,2010-10-04,6
2010-10-05,ENTRY,ASTRAL,1669.00,15.69,26193.24,15.69,,,78725.64,52532.40,2010-10-04,6
2010-10-05,ENTRY,BAJFINANCE,3808.00,6.88,26202.05,6.88,,,52532.40,26330.35,2010-10-04,6
2010-10-05,ENTRY,JUBLFOOD,554.00,47.27,26190.06,47.27,,,26330.35,140.29,2010-10-04,6
2010-11-02,EXIT,ASTRAL,1669.00,15.73,26258.69,15.69,15.73,65.45,140.29,26398.98,2010-11-01,7
2010-11-02,EXIT,COROMANDEL,111.00,246.06,27313.16,148.11,246.06,10872.90,26398.98,53712.14,2010-11-01,7
2010-11-02,EXIT,EICHERMOT,215.00,117.02,25159.93,74.71,117.02,9096.55,53712.14,78872.06,2010-11-01,7
2010-11-02,ENTRY,SRF,414.00,65.22,27000.58,65.22,,,81060.80,54060.22,2010-11-01,7
2010-11-02,ENTRY,TITAN,152.00,177.11,26920.06,177.11,,,54060.22,27140.16,2010-11-01,7
2010-11-02,ENTRY,TMPV,125.00,215.67,26958.91,215.67,,,27140.16,181.25,2010-11-01,7
2010-12-02,EXIT,BAJFINANCE,3780.00,6.37,24093.33,6.88,6.37,-1916.06,181.25,24274.58,2010-12-01,8
2010-12-02,EXIT,TITAN,152.00,177.14,26925.33,177.11,177.14,5.27,24274.58,51199.91,2010-12-01,8
2010-12-02,ENTRY,M&MFIN,342.00,78.93,26995.27,78.93,,,54206.11,27210.85,2010-12-01,8
2010-12-02,ENTRY,PAGEIND,22.00,1212.63,26677.87,1212.63,,,27210.85,532.97,2010-12-01,8
2010-12-31,EXIT,JUBLFOOD,444.00,60.99,27079.53,47.27,60.99,6089.65,532.97,27612.50,2010-12-30,9
2010-12-31,EXIT,M&MFIN,342.00,71.71,24523.75,78.93,71.71,-2471.52,27612.50,52136.25,2010-12-30,9
2010-12-31,EXIT,PAGEIND,22.00,1225.31,26956.73,1212.63,1225.31,278.86,52136.25,79092.98,2010-12-30,9
2010-12-31,EXIT,TMPV,113.00,239.68,27083.34,215.67,239.68,2712.48,79092.98,106176.32,2010-12-30,9
2010-12-31,ENTRY,HINDALCO,123.00,215.58,26515.80,215.58,,,106730.68,80214.88,2010-12-30,9
2010-12-31,ENTRY,NESTLEIND,170.00,156.90,26673.61,156.90,,,80214.88,53541.27,2010-12-30,9
2010-12-31,ENTRY,SUNPHARMA,122.00,217.08,26483.81,217.08,,,53541.27,27057.46,2010-12-30,9
2010-12-31,ENTRY,TCS,64.00,412.39,26392.82,412.39,,,27057.46,664.64,2010-12-30,9
2011-01-31,EXIT,NESTLEIND,170.00,145.97,24814.48,156.90,145.97,-1859.13,664.64,25479.12,2011-01-28,10
2011-01-31,ENTRY,PAGEIND,19.00,1284.46,24404.71,1284.46,,,25259.52,854.81,2011-01-28,10
2011-02-28,EXIT,HINDALCO,127.00,177.48,22540.09,215.58,177.48,-4838.01,854.81,23394.91,2011-02-25,11
2011-02-28,EXIT,SRF,488.00,50.73,24756.31,65.22,50.73,-7070.46,23394.91,48151.22,2011-02-25,11
2011-02-28,EXIT,SUNPHARMA,128.00,187.98,24060.82,217.08,187.98,-3725.47,48151.22,72212.04,2011-02-25,11
2011-02-28,ENTRY,NATIONALUM,476.00,50.60,24087.50,50.60,,,72381.74,48294.24,2011-02-25,11
2011-02-28,ENTRY,NESTLEIND,160.00,150.26,24042.02,150.26,,,48294.24,24252.22,2011-02-25,11
2011-02-28,ENTRY,TITAN,155.00,155.21,24058.28,155.21,,,24252.22,193.94,2011-02-25,11
2011-03-29,EXIT,NATIONALUM,476.00,46.23,22003.65,50.60,46.23,-2083.85,193.94,22197.59,2011-03-28,12
2011-03-29,EXIT,NESTLEIND,160.00,154.02,24643.76,150.26,154.02,601.74,22197.59,46841.35,2011-03-28,12
2011-03-29,EXIT,TCS,62.00,394.59,24464.37,412.39,394.59,-1103.67,46841.35,71305.72,2011-03-28,12
2011-03-29,EXIT,TITAN,155.00,164.25,25458.11,155.21,164.25,1399.83,71305.72,96763.83,2011-03-28,12
2011-03-29,ENTRY,BAJAJFINSV,479.00,50.30,24094.80,50.30,,,96763.83,72669.03,2011-03-28,12
2011-03-29,ENTRY,COALINDIA,209.00,115.35,24109.16,115.35,,,72669.03,48559.87,2011-03-28,12
2011-03-29,ENTRY,GRASIM,70.00,342.75,23992.20,342.75,,,48559.87,24567.67,2011-03-28,12
2011-03-29,ENTRY,HCLTECH,298.00,80.91,24109.70,80.91,,,24567.67,457.97,2011-03-28,12
2011-04-29,EXIT,BAJAJFINSV,479.00,52.72,25253.19,50.30,52.72,1158.40,457.97,25711.16,2011-04-28,13
2011-04-29,EXIT,GRASIM,70.00,339.00,23730.26,342.75,339.00,-261.94,25711.16,49441.42,2011-04-28,13
2011-04-29,EXIT,PAGEIND,18.00,1402.17,25239.11,1284.46,1402.17,2118.86,49441.42,74680.53,2011-04-28,13
2011-04-29,ENTRY,JUBLFOOD,384.00,65.66,25213.06,65.66,,,75992.96,50779.90,2011-04-28,13
2011-04-29,ENTRY,LICHSGFIN,144.00,174.75,25163.98,174.75,,,50779.90,25615.92,2011-04-28,13
2011-04-29,ENTRY,TITAN,131.00,191.91,25140.63,191.91,,,25615.92,475.30,2011-04-28,13
2011-05-27,EXIT,HCLTECH,290.00,84.81,24595.67,80.91,84.81,1133.21,475.30,25070.97,2011-05-26,14
2011-05-27,ENTRY,FORTIS,167.00,157.04,26226.18,157.04,,,26698.25,472.07,2011-05-26,14
2011-06-24,EXIT,COALINDIA,206.00,124.07,25558.84,115.35,124.07,1795.74,472.07,26030.91,2011-06-23,15
2011-06-24,EXIT,FORTIS,167.00,153.37,25612.80,157.04,153.37,-613.38,26030.91,51643.71,2011-06-23,15
2011-06-24,EXIT,LICHSGFIN,156.00,172.81,26958.75,174.75,172.81,-302.23,51643.71,78602.46,2011-06-23,15
2011-06-24,ENTRY,ASTRAL,1709.00,15.55,26578.69,15.55,,,79966.35,53387.66,2011-06-23,15
2011-06-24,ENTRY,COROMANDEL,103.00,255.85,26352.21,255.85,,,53387.66,27035.45,2011-06-23,15
2011-06-24,ENTRY,GODFRYPHLP,208.00,127.72,26565.57,127.72,,,27035.45,469.88,2011-06-23,15
2011-07-22,EXIT,COROMANDEL,103.00,262.16,27002.36,255.85,262.16,650.14,469.88,27472.24,2011-07-21,16
2011-07-22,EXIT,TITAN,124.00,208.53,25857.48,191.91,208.53,2060.24,27472.24,53329.72,2011-07-21,16
2011-07-22,ENTRY,GODREJPROP,81.00,359.53,29121.90,359.53,,,58819.26,29697.37,2011-07-21,16
2011-07-22,ENTRY,PAGEIND,15.00,1888.06,28320.97,1888.06,,,29697.37,1376.40,2011-07-21,16
2011-08-22,EXIT,ASTRAL,1656.00,15.95,26415.05,15.55,15.95,660.62,1376.40,27791.44,2011-08-19,17
2011-08-22,EXIT,GODREJPROP,81.00,303.33,24569.78,359.53,303.33,-4552.12,27791.44,52361.22,2011-08-19,17
2011-08-22,ENTRY,IDEA,529.00,55.80,29519.58,55.80,,,59548.33,30028.75,2011-08-19,17
2011-08-22,ENTRY,SUPREMEIND,176.00,166.91,29375.59,166.91,,,30028.75,653.16,2011-08-19,17
2011-10-20,EXIT,JUBLFOOD,340.00,86.57,29434.69,65.66,86.57,7110.63,1599.87,31034.57,2011-10-19,19
2011-10-20,EXIT,SUPREMEIND,179.00,158.10,28300.69,166.91,158.10,-1575.61,31034.57,59335.26,2011-10-19,19
2011-10-20,ENTRY,BAJAJ-AUTO,25.00,1131.81,28295.23,1131.81,,,60145.61,31850.38,2011-10-19,19
2011-10-20,ENTRY,COFORGE,840.00,34.68,29131.70,34.68,,,31850.38,2718.68,2011-10-19,19
2011-11-23,EXIT,BAJAJ-AUTO,25.00,1101.50,27537.48,1131.81,1101.50,-757.75,2718.68,30256.16,2011-11-22,20
2011-11-23,EXIT,COFORGE,840.00,32.64,27418.06,34.68,32.64,-1713.63,30256.16,57674.23,2011-11-22,20
2011-11-23,EXIT,GODFRYPHLP,153.00,161.16,24658.24,127.72,161.16,5117.22,57674.23,82332.47,2011-11-22,20
2011-11-23,ENTRY,EICHERMOT,195.00,145.81,28432.44,145.81,,,86968.70,58536.26,2011-11-22,20
2011-11-23,ENTRY,HINDUNILVR,96.00,295.33,28352.11,295.33,,,58536.26,30184.15,2011-11-22,20
2011-11-23,ENTRY,PIIND,309.00,91.89,28395.46,91.89,,,30184.15,1788.69,2011-11-22,20
2011-12-22,EXIT,EICHERMOT,195.00,130.52,25451.40,145.81,130.52,-2981.04,1788.69,27240.09,2011-12-21,21
2011-12-22,EXIT,IDEA,487.00,48.98,23851.16,55.80,48.98,-3324.71,27240.09,51091.25,2011-12-21,21
2011-12-22,EXIT,PIIND,309.00,96.38,29780.61,91.89,96.38,1385.15,51091.25,80871.87,2011-12-21,21
2011-12-22,ENTRY,BAJAJ-AUTO,24.00,1095.99,26303.71,1095.99,,,81656.76,55353.04,2011-12-21,21
2011-12-22,ENTRY,GRASIM,80.00,332.37,26589.71,332.37,,,55353.04,28763.33,2011-12-21,21
2011-12-22,ENTRY,WIPRO,436.00,61.54,26830.12,61.54,,,28763.33,1933.21,2011-12-21,21
2012-01-19,EXIT,BAJAJ-AUTO,24.00,1010.22,24245.37,1095.99,1010.22,-2058.34,1933.21,26178.58,2012-01-18,22
2012-01-19,EXIT,GRASIM,80.00,349.06,27924.83,332.37,349.06,1335.12,26178.58,54103.41,2012-01-18,22
2012-01-19,EXIT,PAGEIND,13.00,2180.74,28349.67,1888.06,2180.74,3804.82,54103.41,82453.08,2012-01-18,22
2012-01-19,ENTRY,APOLLOHOSP,45.00,604.25,27191.36,604.25,,,82098.97,54907.61,2012-01-18,22
2012-01-19,ENTRY,HAVELLS,365.00,74.54,27208.30,74.54,,,54907.61,27699.31,2012-01-18,22
2012-01-19,ENTRY,TMPV,134.00,203.12,27218.22,203.12,,,27699.31,481.09,2012-01-18,22
2012-02-17,EXIT,APOLLOHOSP,45.00,585.28,26337.50,604.25,585.28,-853.86,481.09,26818.59,2012-02-16,23
2012-02-17,EXIT,HINDUNILVR,89.00,296.72,26408.07,295.33,296.72,123.30,26818.59,53226.65,2012-02-16,23
2012-02-17,EXIT,WIPRO,432.00,69.48,30014.00,61.54,69.48,3430.03,53226.65,83240.65,2012-02-16,23
2012-02-17,ENTRY,JSWSTEEL,417.00,73.64,30709.75,73.64,,,92402.18,61692.43,2012-02-16,23
2012-02-17,ENTRY,JUBLFOOD,303.00,101.16,30652.54,101.16,,,61692.43,31039.90,2012-02-16,23
2012-02-17,ENTRY,TATACONSUM,303.00,101.15,30649.33,101.15,,,31039.90,390.57,2012-02-16,23
2012-03-20,EXIT,JSWSTEEL,417.00,61.74,25745.12,73.64,61.74,-4964.63,390.57,26135.68,2012-03-19,24
2012-03-20,EXIT,TATACONSUM,303.00,90.78,27507.43,101.15,90.78,-3141.90,26135.68,53643.11,2012-03-19,24
2012-03-20,ENTRY,JSWENERGY,530.00,55.97,29666.73,55.97,,,59707.49,30040.76,2012-03-19,24
2012-03-20,ENTRY,MOTILALOFS,258.00,114.98,29665.03,114.98,,,30040.76,375.73,2012-03-19,24
2012-04-19,EXIT,HAVELLS,287.00,102.55,29431.43,74.54,102.55,8037.51,375.73,29807.16,2012-04-18,25
2012-04-19,EXIT,JSWENERGY,530.00,46.48,24635.92,55.97,46.48,-5030.82,29807.16,54443.08,2012-04-18,25
2012-04-19,EXIT,MOTILALOFS,258.00,100.99,26054.17,114.98,100.99,-3610.86,54443.08,80497.24,2012-04-18,25
2012-04-19,ENTRY,BAJAJFINSV,423.00,68.85,29122.70,68.85,,,87742.95,58620.25,2012-04-18,25
2012-04-19,ENTRY,GMRAIRPORT,1088.00,26.76,29112.44,26.76,,,58620.25,29507.81,2012-04-18,25
2012-04-19,ENTRY,PRESTIGE,247.00,117.73,29078.54,117.73,,,29507.81,429.28,2012-04-18,25
2012-05-18,EXIT,GMRAIRPORT,1088.00,17.02,18521.78,26.76,17.02,-10590.66,429.28,18951.06,2012-05-17,26
2012-05-18,EXIT,PRESTIGE,247.00,94.22,23271.95,117.73,94.22,-5806.59,18951.06,42223.01,2012-05-17,26
2012-05-18,EXIT,TMPV,99.00,248.05,24557.06,203.12,248.05,4448.07,42223.01,66780.06,2012-05-17,26
2012-05-18,ENTRY,ASTRAL,1513.00,16.31,24673.81,16.31,,,74119.96,49446.14,2012-05-17,26
2012-05-18,ENTRY,COFORGE,544.00,45.35,24671.24,45.35,,,49446.14,24774.90,2012-05-17,26
2012-05-18,ENTRY,MRF,2.00,9978.92,19957.83,9978.92,,,24774.90,4817.07,2012-05-17,26
2012-06-15,EXIT,ASTRAL,1513.00,18.81,28463.65,16.31,18.81,3789.84,4817.07,33280.72,2012-06-14,27
2012-06-15,ENTRY,ASIANPAINT,74.00,344.63,25502.43,344.63,,,30977.34,5474.91,2012-06-14,27
2012-07-13,EXIT,ASIANPAINT,74.00,328.86,24335.48,344.63,328.86,-1166.95,5474.91,29810.39,2012-07-12,28
2012-07-13,EXIT,BAJAJFINSV,405.00,67.74,27433.99,68.85,67.74,-449.45,29810.39,57244.38,2012-07-12,28
2012-07-13,EXIT,COFORGE,571.00,45.78,26139.32,45.35,45.78,243.58,57244.38,83383.70,2012-07-12,28
2012-07-13,EXIT,MRF,2.00,10069.25,20138.50,9978.92,10069.25,180.66,83383.70,103522.19,2012-07-12,28
2012-07-13,ENTRY,ASTRAL,1253.00,20.65,25868.46,20.65,,,103522.19,77653.73,2012-07-12,28
2012-07-13,ENTRY,BAJFINANCE,2913.00,8.88,25869.24,8.88,,,77653.73,51784.49,2012-07-12,28
2012-07-13,ENTRY,GLENMARK,69.00,370.14,25539.73,370.14,,,51784.49,26244.76,2012-07-12,28
2012-07-13,ENTRY,PERSISTENT,307.00,84.25,25863.90,84.25,,,26244.76,380.86,2012-07-12,28
2012-08-10,EXIT,ASTRAL,1253.00,23.27,29152.73,20.65,23.27,3284.27,380.86,29533.59,2012-08-09,29
2012-08-10,EXIT,BAJFINANCE,2913.00,10.20,29705.67,8.88,10.20,3836.42,29533.59,59239.26,2012-08-09,29
2012-08-10,EXIT,JUBLFOOD,213.00,116.75,24867.02,101.16,116.75,3319.20,59239.26,84106.28,2012-08-09,29
2012-08-10,ENTRY,BAJAJFINSV,316.00,86.00,27175.40,86.00,,,81863.26,54687.86,2012-08-09,29
2012-08-10,ENTRY,HINDUNILVR,72.00,377.49,27178.98,377.49,,,54687.86,27508.88,2012-08-09,29
2012-08-10,ENTRY,SUPREMEIND,123.00,220.53,27125.01,220.53,,,27508.88,383.88,2012-08-09,29
2012-09-11,EXIT,BAJAJFINSV,316.00,76.40,24142.55,86.00,76.40,-3032.85,383.88,24526.43,2012-09-10,30
2012-09-11,EXIT,HINDUNILVR,72.00,415.04,29882.62,377.49,415.04,2703.64,24526.43,54409.05,2012-09-10,30
2012-09-11,EXIT,PERSISTENT,340.00,82.73,28129.13,84.25,82.73,-514.93,54409.05,82538.18,2012-09-10,30
2012-09-11,EXIT,SUPREMEIND,123.00,241.32,29682.75,220.53,241.32,2557.75,82538.18,112220.93,2012-09-10,30
2012-09-11,ENTRY,ASTRAL,1094.00,25.56,27960.16,25.56,,,112220.93,84260.77,2012-09-10,30
2012-09-11,ENTRY,BAJFINANCE,2925.00,9.56,27968.81,9.56,,,84260.77,56291.96,2012-09-10,30
2012-09-11,ENTRY,TECHM,186.00,149.99,27897.56,149.99,,,56291.96,28394.40,2012-09-10,30
2012-09-11,ENTRY,ULTRACEMCO,16.00,1658.87,26541.98,1658.87,,,28394.40,1852.42,2012-09-10,30
2012-10-11,EXIT,ASTRAL,1094.00,26.88,29401.55,25.56,26.88,1441.39,1852.42,31253.96,2012-10-10,31
2012-10-11,EXIT,BAJFINANCE,2925.00,11.02,32238.36,9.56,11.02,4269.55,31253.96,63492.33,2012-10-10,31
2012-10-11,EXIT,GLENMARK,68.00,398.82,27119.54,370.14,398.82,1949.95,63492.33,90611.87,2012-10-10,31
2012-10-11,EXIT,ULTRACEMCO,16.00,1905.71,30491.43,1658.87,1905.71,3949.45,90611.87,121103.30,2012-10-10,31
2012-10-11,ENTRY,GRASIM,64.00,468.00,29951.88,468.00,,,121103.30,91151.42,2012-10-10,31
2012-10-11,ENTRY,JSWENERGY,584.00,51.71,30200.57,51.71,,,91151.42,60950.85,2012-10-10,31
2012-10-11,ENTRY,MCX,129.00,233.48,30118.88,233.48,,,60950.85,30831.97,2012-10-10,31
2012-10-11,ENTRY,TATACONSUM,228.00,132.25,30153.95,132.25,,,30831.97,678.02,2012-10-10,31
2012-11-12,EXIT,GRASIM,64.00,476.06,30467.99,468.00,476.06,516.11,678.02,31146.01,2012-11-09,32
2012-11-12,EXIT,JSWENERGY,584.00,50.23,29334.95,51.71,50.23,-865.62,31146.01,60480.96,2012-11-09,32
2012-11-12,EXIT,MCX,129.00,249.52,32188.29,233.48,249.52,2069.41,60480.96,92669.25,2012-11-09,32
2012-11-12,EXIT,TECHM,186.00,160.56,29864.61,149.99,160.56,1967.05,92669.25,122533.85,2012-11-09,32
2012-11-12,ENTRY,ASTRAL,926.00,33.49,31011.23,33.49,,,124106.47,93095.24,2012-11-09,32
2012-11-12,ENTRY,AUROPHARMA,391.00,79.18,30959.42,79.18,,,93095.24,62135.82,2012-11-09,32
2012-11-12,ENTRY,M&MFIN,317.00,97.66,30957.40,97.66,,,62135.82,31178.42,2012-11-09,32
2012-11-12,ENTRY,PRESTIGE,205.00,151.05,30965.59,151.05,,,31178.42,212.83,2012-11-09,32
2012-12-13,EXIT,M&MFIN,317.00,105.94,33584.05,97.66,105.94,2626.65,212.83,33796.88,2012-12-12,33
2012-12-13,EXIT,PRESTIGE,205.00,150.77,30908.14,151.05,150.77,-57.45,33796.88,64705.02,2012-12-12,33
2012-12-13,ENTRY,ADANIENT,875.00,37.13,32489.11,37.13,,,65183.24,32694.13,2012-12-12,33
2012-12-13,ENTRY,LTF,435.00,74.69,32490.22,74.69,,,32694.13,203.90,2012-12-12,33
2013-01-11,EXIT,ASTRAL,978.00,33.98,33230.09,33.49,33.98,477.41,203.90,33433.99,2013-01-10,34
2013-01-11,EXIT,TATACONSUM,221.00,136.66,30201.19,132.25,136.66,973.02,33433.99,63635.18,2013-01-10,34
2013-01-11,ENTRY,NHPC,2293.00,13.89,31846.12,13.89,,,63796.73,31950.61,2013-01-10,34
2013-01-11,ENTRY,PHOENIXLTD,256.00,124.31,31822.53,124.31,,,31950.61,128.08,2013-01-10,34
2013-02-08,EXIT,ADANIENT,873.00,32.85,28674.22,37.13,32.85,-3740.63,128.08,28802.31,2013-02-07,35
2013-02-08,ENTRY,SUZLON,1328.00,23.23,30850.52,23.23,,,31037.68,187.16,2013-02-07,35
2013-03-08,EXIT,AUROPHARMA,350.00,76.74,26859.50,79.18,76.74,-853.53,187.16,27046.66,2013-03-07,36
2013-03-08,EXIT,NHPC,2073.00,11.11,23032.54,13.89,11.11,-5758.13,27046.66,50079.20,2013-03-07,36
2013-03-08,EXIT,SUZLON,1328.00,15.98,21217.35,23.23,15.98,-9633.16,50079.20,71296.55,2013-03-07,36
2013-03-08,ENTRY,GLENMARK,55.00,482.06,26513.45,482.06,,,80283.58,53770.13,2013-03-07,36
2013-03-08,ENTRY,IDEA,395.00,67.47,26649.75,67.47,,,53770.13,27120.38,2013-03-07,36
2013-03-08,ENTRY,WIPRO,375.00,71.15,26682.00,71.15,,,27120.38,438.37,2013-03-07,36
2013-04-09,EXIT,GLENMARK,55.00,470.37,25870.61,482.06,470.37,-642.83,438.37,26308.99,2013-04-08,37
2013-04-09,EXIT,IDEA,395.00,63.16,24949.70,67.47,63.16,-1700.05,26308.99,51258.69,2013-04-08,37
2013-04-09,EXIT,LTF,399.00,59.58,23773.41,74.69,59.58,-6027.97,51258.69,75032.10,2013-04-08,37
2013-04-09,EXIT,WIPRO,375.00,64.51,24191.52,71.15,64.51,-2490.48,75032.10,99223.62,2013-04-08,37
2013-04-09,ENTRY,GMRAIRPORT,1333.00,18.81,25078.21,18.81,,,100418.77,75340.56,2013-04-08,37
2013-04-09,ENTRY,ONGC,222.00,112.52,24978.99,112.52,,,75340.56,50361.56,2013-04-08,37
2013-04-09,ENTRY,PIIND,210.00,119.20,25031.06,119.20,,,50361.56,25330.50,2013-04-08,37
2013-04-09,ENTRY,SUNPHARMA,64.00,391.19,25035.90,391.19,,,25330.50,294.60,2013-04-08,37
2013-05-10,EXIT,GMRAIRPORT,1333.00,18.94,25252.77,18.81,18.94,174.56,294.60,25547.37,2013-05-09,38
2013-05-10,EXIT,ONGC,222.00,115.84,25715.89,112.52,115.84,736.90,25547.37,51263.27,2013-05-09,38
2013-05-10,EXIT,PHOENIXLTD,209.00,127.89,26728.77,124.31,127.89,748.66,51263.27,77992.04,2013-05-09,38
2013-05-10,EXIT,PIIND,210.00,125.86,26431.54,119.20,125.86,1400.48,77992.04,104423.58,2013-05-09,38
2013-05-10,ENTRY,CONCOR,129.00,203.97,26312.68,203.97,,,106158.59,79845.91,2013-05-09,38
2013-05-10,ENTRY,DABUR,192.00,137.24,26350.50,137.24,,,79845.91,53495.41,2013-05-09,38
2013-05-10,ENTRY,HCLTECH,195.00,135.25,26373.43,135.25,,,53495.41,27121.98,2013-05-09,38
2013-05-10,ENTRY,OIL,276.00,95.56,26374.59,95.56,,,27121.98,747.40,2013-05-09,38
2013-06-07,EXIT,DABUR,192.00,137.98,26492.16,137.24,137.98,141.66,747.40,27239.56,2013-06-06,39
2013-06-07,EXIT,HCLTECH,195.00,129.57,25265.31,135.25,129.57,-1108.12,27239.56,52504.86,2013-06-06,39
2013-06-07,EXIT,OIL,276.00,99.57,27481.93,95.56,99.57,1107.35,52504.86,79986.79,2013-06-06,39
2013-06-07,ENTRY,ASTRAL,584.00,46.09,26919.37,46.09,,,81323.18,54403.81,2013-06-06,39
2013-06-07,ENTRY,EICHERMOT,85.00,316.47,26900.08,316.47,,,54403.81,27503.73,2013-06-06,39
2013-06-07,ENTRY,HINDUNILVR,57.00,469.38,26754.58,469.38,,,27503.73,749.15,2013-06-06,39
2013-07-05,EXIT,CONCOR,127.00,210.55,26739.54,203.97,210.55,834.81,749.15,27488.69,2013-07-04,40
2013-07-05,EXIT,EICHERMOT,85.00,323.88,27530.15,316.47,323.88,630.07,27488.69,55018.84,2013-07-04,40
2013-07-05,EXIT,SUNPHARMA,58.00,471.96,27373.94,391.19,471.96,4685.16,55018.84,82392.78,2013-07-04,40
2013-07-05,ENTRY,LUPIN,35.00,785.76,27501.51,785.76,,,84085.89,56584.38,2013-07-04,40
2013-07-05,ENTRY,M&MFIN,204.00,136.88,27924.32,136.88,,,56584.38,28660.06,2013-07-04,40
2013-07-05,ENTRY,PAGEIND,7.00,3782.31,26476.19,3782.31,,,28660.06,2183.86,2013-07-04,40
2013-08-02,EXIT,M&MFIN,204.00,125.65,25632.03,136.88,125.65,-2292.29,2183.86,27815.90,2013-08-01,41
2013-08-02,ENTRY,IDEA,268.00,104.48,28001.04,104.48,,,28881.37,880.33,2013-08-01,41
2013-09-03,EXIT,LUPIN,34.00,766.14,26048.83,785.76,766.14,-666.92,880.33,26929.16,2013-09-02,42
2013-09-03,EXIT,PAGEIND,7.00,3510.49,24573.42,3782.31,3510.49,-1902.77,26929.16,51502.59,2013-09-02,42
2013-09-03,ENTRY,HEROMOTOCO,19.00,1331.67,25301.82,1331.67,,,52854.56,27552.74,2013-09-02,42
2013-09-03,ENTRY,TCS,34.00,756.28,25713.60,756.28,,,27552.74,1839.14,2013-09-02,42
2013-10-03,EXIT,ASTRAL,569.00,48.84,27791.58,46.09,48.84,1563.64,1839.14,29630.72,2013-10-01,43
2013-10-03,EXIT,HINDUNILVR,50.00,497.72,24886.13,469.38,497.72,1417.20,29630.72,54516.85,2013-10-01,43
2013-10-03,EXIT,TCS,34.00,727.40,24731.51,756.28,727.40,-982.09,54516.85,79248.36,2013-10-01,43
2013-10-03,ENTRY,BIOCON,499.00,53.51,26703.34,53.51,,,81203.38,54500.04,2013-10-01,43
2013-10-03,ENTRY,COROMANDEL,134.00,199.04,26671.07,199.04,,,54500.04,27828.97,2013-10-01,43
2013-10-03,ENTRY,HCLTECH,141.00,188.84,26626.51,188.84,,,27828.97,1202.46,2013-10-01,43
2013-11-01,EXIT,BIOCON,499.00,54.80,27345.17,53.51,54.80,641.83,1202.46,28547.63,2013-10-31,44
2013-11-01,EXIT,COROMANDEL,134.00,186.08,24934.12,199.04,186.08,-1736.95,28547.63,53481.75,2013-10-31,44
2013-11-01,EXIT,HCLTECH,141.00,192.12,27089.46,188.84,192.12,462.95,53481.75,80571.21,2013-10-31,44
2013-11-01,EXIT,HEROMOTOCO,19.00,1400.28,26605.25,1331.67,1400.28,1303.42,80571.21,107176.46,2013-10-31,44
2013-11-01,EXIT,IDEA,260.00,102.30,26598.26,104.48,102.30,-566.92,107176.46,133774.72,2013-10-31,44
2013-11-01,ENTRY,BHARATFORG,197.00,135.26,26645.76,135.26,,,133774.72,107128.97,2013-10-31,44
2013-11-01,ENTRY,PERSISTENT,153.00,173.82,26594.01,173.82,,,107128.97,80534.95,2013-10-31,44
2013-11-01,ENTRY,PIIND,137.00,194.80,26687.53,194.80,,,80534.95,53847.43,2013-10-31,44
2013-11-01,ENTRY,RADICO,192.00,139.33,26751.65,139.33,,,53847.43,27095.78,2013-10-31,44
2013-11-01,ENTRY,TATACOMM,195.00,136.67,26651.45,136.67,,,27095.78,444.33,2013-10-31,44
2013-12-03,EXIT,BHARATFORG,197.00,137.69,27124.85,135.26,137.69,479.09,444.33,27569.18,2013-12-02,45
2013-12-03,EXIT,RADICO,192.00,133.19,25572.76,139.33,133.19,-1178.89,27569.18,53141.94,2013-12-02,45
2013-12-03,ENTRY,AUROPHARMA,197.00,143.89,28346.68,143.89,,,56968.18,28621.50,2013-12-02,45
2013-12-03,ENTRY,TATASTEEL,1017.00,27.92,28399.65,27.92,,,28621.50,221.85,2013-12-02,45
2014-01-01,EXIT,PERSISTENT,151.00,213.28,32205.54,173.82,213.28,5959.16,221.85,32427.39,2013-12-31,46
2014-01-01,EXIT,TATACOMM,184.00,161.16,29653.74,136.67,161.16,4505.70,32427.39,62081.13,2013-12-31,46
2014-01-01,EXIT,TATASTEEL,1017.00,29.16,29655.66,27.92,29.16,1256.00,62081.13,91736.78,2013-12-31,46
2014-01-01,ENTRY,GMRAIRPORT,1447.00,21.87,31641.62,21.87,,,95149.38,63507.76,2013-12-31,46
2014-01-01,ENTRY,JSWSTEEL,355.00,89.12,31639.17,89.12,,,63507.76,31868.59,2013-12-31,46
2014-01-01,ENTRY,TATAELXSI,176.00,179.00,31503.13,179.00,,,31868.59,365.47,2013-12-31,46
2014-01-29,EXIT,GMRAIRPORT,1447.00,18.39,26612.07,21.87,18.39,-5029.55,365.47,26977.54,2014-01-28,47
2014-01-29,EXIT,JSWSTEEL,355.00,81.91,29078.06,89.12,81.91,-2561.11,26977.54,56055.60,2014-01-28,47
2014-01-29,ENTRY,ADANIENT,880.00,34.09,29996.75,34.09,,,60455.57,30458.82,2014-01-28,47
2014-01-29,ENTRY,NAUKRI,313.00,95.67,29945.03,95.67,,,30458.82,513.79,2014-01-28,47
2014-02-26,EXIT,ADANIENT,880.00,35.33,31092.07,34.09,35.33,1095.32,513.79,31605.86,2014-02-25,48
2014-02-26,EXIT,PIIND,134.00,239.94,32152.40,194.80,239.94,6049.27,31605.86,63758.26,2014-02-25,48
2014-02-26,ENTRY,KEI,2945.00,12.03,35437.16,12.03,,,71103.56,35666.40,2014-02-25,48
2014-02-26,ENTRY,VOLTAS,298.00,118.80,35402.62,118.80,,,35666.40,263.79,2014-02-25,48
2014-03-28,EXIT,KEI,2945.00,11.31,33310.93,12.03,11.31,-2126.24,263.79,33574.71,2014-03-27,49
2014-03-28,EXIT,NAUKRI,288.00,120.64,34744.53,95.67,120.64,7191.27,33574.71,68319.24,2014-03-27,49
2014-03-28,ENTRY,ASTRAL,348.00,106.14,36937.78,106.14,,,74325.83,37388.04,2014-03-27,49
2014-03-28,ENTRY,SRF,593.00,62.34,36964.95,62.34,,,37388.04,423.09,2014-03-27,49
2014-04-30,EXIT,ASTRAL,348.00,123.27,42897.85,106.14,123.27,5960.07,423.09,43320.94,2014-04-29,50
2014-04-30,EXIT,VOLTAS,256.00,146.54,37513.29,118.80,146.54,7100.30,43320.94,80834.23,2014-04-29,50
2014-04-30,ENTRY,ADANIENT,660.00,61.65,40691.65,61.65,,,81546.00,40854.35,2014-04-29,50
2014-04-30,ENTRY,KEI,2141.00,19.01,40704.96,19.01,,,40854.35,149.39,2014-04-29,50
2014-05-29,EXIT,AUROPHARMA,149.00,299.94,44690.34,143.89,299.94,23250.47,149.39,44839.73,2014-05-28,51
2014-05-29,EXIT,TATAELXSI,168.00,224.09,37646.45,179.00,224.09,7575.29,44839.73,82486.18,2014-05-28,51
2014-05-29,ENTRY,HINDPETRO,1300.00,34.87,45327.70,34.87,,,90810.07,45482.37,2014-05-28,51
2014-05-29,ENTRY,MOTILALOFS,294.00,153.77,45206.92,153.77,,,45482.37,275.45,2014-05-28,51
2014-06-26,EXIT,HINDPETRO,1300.00,32.77,42605.47,34.87,32.77,-2722.23,275.45,42880.92,2014-06-25,52
2014-06-26,EXIT,KEI,1811.00,28.40,51428.52,19.01,28.40,16997.56,42880.92,94309.44,2014-06-25,52
2014-06-26,ENTRY,BLUESTARCO,402.00,124.43,50019.52,124.43,,,100203.63,50184.11,2014-06-25,52
2014-06-26,ENTRY,SUZLON,1847.00,27.09,50030.27,27.09,,,50184.11,153.84,2014-06-25,52
2014-07-24,EXIT,ADANIENT,762.00,62.74,47810.24,61.65,62.74,829.88,153.84,47964.09,2014-07-23,53
2014-07-24,EXIT,SUZLON,1847.00,22.86,42228.93,27.09,22.86,-7801.33,47964.09,90193.02,2014-07-23,53
2014-07-24,ENTRY,BHARATFORG,161.00,315.39,50777.71,315.39,,,102307.53,51529.82,2014-07-23,53
2014-07-24,ENTRY,KEI,1595.00,32.01,51052.38,32.01,,,51529.82,477.44,2014-07-23,53
2014-08-25,EXIT,SRF,470.00,124.32,58428.67,62.34,124.32,29130.98,477.44,58906.10,2014-08-22,54
2014-08-25,ENTRY,PIIND,126.00,422.67,53256.85,422.67,,,53578.70,321.85,2014-08-22,54
2014-09-23,EXIT,BLUESTARCO,360.00,153.06,55101.79,124.43,153.06,10308.19,321.85,55423.64,2014-09-22,55
2014-09-23,EXIT,PIIND,126.00,466.55,58784.99,422.67,466.55,5528.14,55423.64,114208.63,2014-09-22,55
2014-09-23,ENTRY,PHOENIXLTD,312.00,183.20,57158.29,183.20,,,114571.95,57413.65,2014-09-22,55
2014-09-23,ENTRY,SRF,413.00,138.27,57106.08,138.27,,,57413.65,307.57,2014-09-22,55
2014-10-28,EXIT,BHARATFORG,149.00,349.04,52006.45,315.39,349.04,5013.41,307.57,52314.02,2014-10-27,56
2014-10-28,EXIT,KEI,1671.00,31.80,53144.79,32.01,31.80,-340.18,52314.02,105458.80,2014-10-27,56
2014-10-28,EXIT,MOTILALOFS,281.00,205.96,57874.17,153.77,205.96,14666.20,105458.80,163332.98,2014-10-27,56
2014-10-28,EXIT,PHOENIXLTD,312.00,181.08,56496.44,183.20,181.08,-661.85,163332.98,219829.42,2014-10-27,56
2014-10-28,EXIT,SRF,413.00,126.98,52444.35,138.27,126.98,-4661.73,219829.42,272273.76,2014-10-27,56
2014-10-28,ENTRY,CIPLA,93.00,582.91,54211.08,582.91,,,272273.76,218062.69,2014-10-27,56
2014-10-28,ENTRY,EICHERMOT,47.00,1136.71,53425.40,1136.71,,,218062.69,164637.28,2014-10-27,56
2014-10-28,ENTRY,MCX,381.00,142.70,54369.44,142.70,,,164637.28,110267.85,2014-10-27,56
2014-10-28,ENTRY,PAGEIND,7.00,7751.79,54262.53,7751.79,,,110267.85,56005.32,2014-10-27,56
2014-10-28,ENTRY,PIIND,129.00,419.80,54153.87,419.80,,,56005.32,1851.45,2014-10-27,56
2014-11-27,EXIT,CIPLA,93.00,582.91,54211.08,582.91,582.91,0.00,1851.45,56062.52,2014-11-26,57
2014-11-27,EXIT,MCX,381.00,150.74,57432.98,142.70,150.74,3063.54,56062.52,113495.50,2014-11-26,57
2014-11-27,EXIT,PAGEIND,7.00,8298.81,58091.64,7751.79,8298.81,3829.11,113495.50,171587.14,2014-11-26,57
2014-11-27,EXIT,PIIND,129.00,434.89,56101.35,419.80,434.89,1947.47,171587.14,227688.48,2014-11-26,57
2014-11-27,ENTRY,ASHOKLEY,2761.00,20.94,57812.08,20.94,,,231611.65,173799.56,2014-11-26,57
2014-11-27,ENTRY,AUROPHARMA,114.00,506.44,57733.99,506.44,,,173799.56,116065.57,2014-11-26,57
2014-11-27,ENTRY,HINDPETRO,1279.00,45.19,57803.09,45.19,,,116065.57,58262.48,2014-11-26,57
2014-11-27,ENTRY,SRF,340.00,169.92,57773.92,169.92,,,58262.48,488.57,2014-11-26,57
2014-12-26,EXIT,ASHOKLEY,2761.00,20.31,56068.71,20.94,20.31,-1743.37,488.57,56557.28,2014-12-24,58
2014-12-26,EXIT,HINDPETRO,1279.00,47.16,60313.92,45.19,47.16,2510.82,56557.28,116871.20,2014-12-24,58
2014-12-26,EXIT,SRF,340.00,160.85,54687.74,169.92,160.85,-3086.18,116871.20,171558.93,2014-12-24,58
2014-12-26,ENTRY,BAJFINANCE,1767.00,32.79,57936.01,32.79,,,174795.65,116859.64,2014-12-24,58
2014-12-26,ENTRY,BEL,2558.00,22.66,57958.50,22.66,,,116859.64,58901.13,2014-12-24,58
2014-12-26,ENTRY,PAGEIND,5.00,10898.19,54490.96,10898.19,,,58901.13,4410.18,2014-12-24,58
2015-01-23,EXIT,AUROPHARMA,113.00,560.51,63337.17,506.44,560.51,6109.62,4410.18,67747.34,2015-01-22,59
2015-01-23,EXIT,BEL,2558.00,26.91,68834.04,22.66,26.91,10875.54,67747.34,136581.39,2015-01-22,59
2015-01-23,ENTRY,KEI,1157.00,54.27,62785.27,54.27,,,136982.75,74197.47,2015-01-22,59
2015-01-23,ENTRY,PERSISTENT,154.00,405.69,62475.50,405.69,,,74197.47,11721.97,2015-01-22,59
2015-02-24,EXIT,EICHERMOT,44.00,1463.18,64380.09,1136.71,1463.18,14364.81,11721.97,76102.06,2015-02-23,60
2015-02-24,EXIT,KEI,1157.00,54.70,63289.35,54.27,54.70,504.07,76102.06,139391.41,2015-02-23,60
2015-02-24,EXIT,PAGEIND,5.00,10409.04,52045.21,10898.19,10409.04,-2445.75,139391.41,191436.61,2015-02-23,60
2015-02-24,EXIT,PERSISTENT,154.00,386.35,59497.96,405.69,386.35,-2977.54,191436.61,250934.57,2015-02-23,60
2015-02-24,ENTRY,BHARATFORG,108.00,584.25,63098.94,584.25,,,254704.00,191605.06,2015-02-23,60
2015-02-24,ENTRY,JSWENERGY,634.00,100.37,63633.21,100.37,,,191605.06,127971.85,2015-02-23,60
2015-02-24,ENTRY,SUZLON,2641.00,24.10,63656.33,24.10,,,127971.85,64315.52,2015-02-23,60
2015-02-24,ENTRY,TATAELXSI,140.00,453.46,63484.00,453.46,,,64315.52,831.52,2015-02-23,60
2015-03-24,EXIT,BAJFINANCE,1587.00,38.35,60858.74,32.79,38.35,8824.53,831.52,61690.27,2015-03-23,61
2015-03-24,EXIT,BHARATFORG,108.00,590.55,63779.34,584.25,590.55,680.40,61690.27,125469.61,2015-03-23,61
2015-03-24,ENTRY,PAGEIND,5.00,12577.19,62885.97,12577.19,,,130447.32,67561.36,2015-03-23,61
2015-03-24,ENTRY,PIIND,100.00,650.48,65047.58,650.48,,,67561.36,2513.78,2015-03-23,61
2015-04-24,EXIT,JSWENERGY,621.00,101.65,63124.35,100.37,101.65,795.92,2513.78,65638.12,2015-04-23,62
2015-04-24,EXIT,PAGEIND,5.00,11468.78,57343.92,12577.19,11468.78,-5542.05,65638.12,122982.04,2015-04-23,62
2015-04-24,EXIT,PIIND,100.00,626.61,62660.74,650.48,626.61,-2386.84,122982.04,185642.78,2015-04-23,62
2015-04-24,ENTRY,ADANIENT,645.00,96.99,62560.85,96.99,,,187991.95,125431.10,2015-04-23,62
2015-04-24,ENTRY,FORTIS,387.00,161.61,62542.81,161.61,,,125431.10,62888.28,2015-04-23,62
2015-04-24,ENTRY,UPL,240.00,260.13,62432.27,260.13,,,62888.28,456.01,2015-04-23,62
2015-06-22,EXIT,ADANIENT,605.00,50.01,30254.47,96.99,50.01,-28426.64,612.96,30867.43,2015-06-19,64
2015-06-22,EXIT,UPL,216.00,311.16,67210.39,260.13,311.16,11021.35,30867.43,98077.82,2015-06-19,64
2015-06-22,ENTRY,PAGEIND,4.00,13524.15,54096.59,13524.15,,,119961.92,65865.33,2015-06-19,64
2015-06-22,ENTRY,VOLTAS,189.00,315.74,59674.45,315.74,,,65865.33,6190.88,2015-06-19,64
2015-07-20,EXIT,FORTIS,352.00,190.60,67089.71,161.61,190.60,10203.22,6190.88,73280.59,2015-07-17,65
2015-07-20,EXIT,PAGEIND,4.00,13352.42,53409.68,13524.15,13352.42,-686.91,73280.59,126690.26,2015-07-17,65
2015-07-20,EXIT,SUZLON,2798.00,21.39,59861.49,24.10,21.39,-7579.03,126690.26,186551.75,2015-07-17,65
2015-07-20,EXIT,TATAELXSI,113.00,589.85,66653.18,453.46,589.85,15412.52,186551.75,253204.93,2015-07-17,65
2015-07-20,EXIT,VOLTAS,189.00,296.61,56058.37,315.74,296.61,-3616.08,253204.93,309263.30,2015-07-17,65
2015-07-20,ENTRY,AUROPHARMA,85.00,722.94,61450.29,722.94,,,309263.30,247813.01,2015-07-17,65
2015-07-20,ENTRY,EICHERMOT,31.00,1943.90,60260.85,1943.90,,,247813.01,187552.16,2015-07-17,65
2015-07-20,ENTRY,HINDPETRO,827.00,74.77,61833.55,74.77,,,187552.16,125718.61,2015-07-17,65
2015-07-20,ENTRY,KEI,760.00,81.33,61807.58,81.33,,,125718.61,63911.02,2015-07-17,65
2015-07-20,ENTRY,SRF,249.00,248.13,61785.16,248.13,,,63911.02,2125.86,2015-07-17,65
2015-08-17,EXIT,AUROPHARMA,85.00,724.13,61550.90,722.94,724.13,100.60,2125.86,63676.76,2015-08-14,66
2015-08-17,EXIT,EICHERMOT,31.00,1892.53,58668.31,1943.90,1892.53,-1592.54,63676.76,122345.07,2015-08-14,66
2015-08-17,EXIT,SRF,249.00,249.65,62161.91,248.13,249.65,376.75,122345.07,184506.98,2015-08-14,66
2015-08-17,ENTRY,BAJAJFINSV,332.00,194.56,64594.70,194.56,,,194382.71,129788.01,2015-08-14,66
2015-08-17,ENTRY,COFORGE,736.00,87.90,64691.16,87.90,,,129788.01,65096.85,2015-08-14,66
2015-08-17,ENTRY,GLENMARK,59.00,1093.23,64500.35,1093.23,,,65096.85,596.51,2015-08-14,66
2015-09-14,EXIT,COFORGE,736.00,78.84,58027.57,87.90,78.84,-6663.59,596.51,58624.08,2015-09-11,67
2015-09-14,EXIT,GLENMARK,59.00,968.89,57164.48,1093.23,968.89,-7335.87,58624.08,115788.55,2015-09-11,67
2015-09-14,ENTRY,SRF,269.00,220.75,59382.52,220.75,,,119119.59,59737.08,2015-09-11,67
2015-09-14,ENTRY,TATAELXSI,67.00,884.11,59235.61,884.11,,,59737.08,501.47,2015-09-11,67
2015-10-15,EXIT,BAJAJFINSV,333.00,176.18,58667.42,194.56,176.18,-6121.84,501.47,59168.89,2015-10-14,68
2015-10-15,EXIT,HINDPETRO,848.00,67.71,57421.87,74.77,67.71,-5981.81,59168.89,116590.76,2015-10-14,68
2015-10-15,EXIT,SRF,269.00,241.96,65086.55,220.75,241.96,5704.03,116590.76,181677.31,2015-10-14,68
2015-10-15,ENTRY,AUROPHARMA,78.00,767.40,59857.57,767.40,,,182131.05,122273.48,2015-10-14,68
2015-10-15,ENTRY,GODFRYPHLP,309.00,195.40,60379.41,195.40,,,122273.48,61894.07,2015-10-14,68
2015-10-15,ENTRY,GODREJPROP,180.00,334.38,60189.06,334.38,,,61894.07,1705.00,2015-10-14,68
2015-11-17,EXIT,AUROPHARMA,78.00,778.68,60736.96,767.40,778.68,879.39,1705.00,62441.96,2015-11-16,69
2015-11-17,EXIT,TATAELXSI,73.00,800.14,58410.42,884.11,800.14,-6129.88,62441.96,120852.38,2015-11-16,69
2015-11-17,ENTRY,COFORGE,648.00,104.10,67454.97,104.10,,,135172.79,67717.83,2015-11-16,69
2015-11-17,ENTRY,TRENT,482.00,139.89,67426.77,139.89,,,67717.83,291.05,2015-11-16,69
2015-12-16,EXIT,KEI,653.00,100.48,65610.68,81.33,100.48,12504.95,291.05,65901.73,2015-12-15,70
2015-12-16,ENTRY,APLAPOLLO,1089.00,65.55,71382.31,65.55,,,71901.20,518.88,2015-12-15,70
2016-01-14,EXIT,COFORGE,688.00,93.57,64376.50,104.10,93.57,-7242.36,518.88,64895.38,2016-01-13,71
2016-01-14,EXIT,GODREJPROP,215.00,316.47,68041.11,334.38,316.47,-3851.38,64895.38,132936.49,2016-01-13,71
2016-01-14,ENTRY,NHPC,6107.00,11.57,70667.89,11.57,,,141679.51,71011.62,2016-01-13,71
2016-01-14,ENTRY,RELIANCE,308.00,229.46,70673.14,229.46,,,71011.62,338.48,2016-01-13,71
2016-02-12,EXIT,RELIANCE,308.00,201.43,62040.38,229.46,201.43,-8632.76,338.48,62378.86,2016-02-11,72
2016-02-12,EXIT,TRENT,435.00,140.18,60980.25,139.89,140.18,128.29,62378.86,123359.11,2016-02-11,72
2016-02-12,ENTRY,BAJFINANCE,1018.00,59.67,60748.28,59.67,,,121589.45,60841.16,2016-02-11,72
2016-02-12,ENTRY,JSWSTEEL,672.00,90.29,60676.16,90.29,,,60841.16,165.01,2016-02-11,72
2016-04-13,EXIT,GODFRYPHLP,199.00,344.93,68640.68,195.40,344.93,29755.56,345.32,68986.00,2016-04-12,74
2016-04-13,EXIT,JSWSTEEL,649.00,116.53,75627.31,90.29,116.53,17027.87,68986.00,144613.31,2016-04-12,74
2016-04-13,ENTRY,MARICO,341.00,223.11,76081.29,223.11,,,152672.08,76590.79,2016-04-12,74
2016-04-13,ENTRY,TATASTEEL,3233.00,23.60,76300.25,23.60,,,76590.79,290.54,2016-04-12,74
2016-05-16,EXIT,APLAPOLLO,1049.00,79.37,83259.23,65.55,79.37,14498.85,290.54,83549.77,2016-05-13,75
2016-05-16,EXIT,MARICO,341.00,220.17,75079.46,223.11,220.17,-1001.84,83549.77,158629.23,2016-05-13,75
2016-05-16,EXIT,NHPC,5260.00,13.01,68442.23,11.57,13.01,7575.50,158629.23,227071.45,2016-05-13,75
2016-05-16,ENTRY,BIOCON,738.00,103.19,76157.68,103.19,,,228770.30,152612.62,2016-05-13,75
2016-05-16,ENTRY,SUPREMEIND,96.00,787.80,75628.48,787.80,,,152612.62,76984.14,2016-05-13,75
2016-05-16,ENTRY,UPL,218.00,349.00,76081.10,349.00,,,76984.14,903.04,2016-05-13,75
2016-06-13,EXIT,BAJFINANCE,1034.00,72.84,75311.46,59.67,72.84,13608.40,903.04,76214.50,2016-06-10,76
2016-06-13,EXIT,SUPREMEIND,96.00,793.89,76213.07,787.80,793.89,584.59,76214.50,152427.57,2016-06-10,76
2016-06-13,EXIT,TATASTEEL,3274.00,23.66,77456.62,23.60,23.66,188.75,152427.57,229884.19,2016-06-10,76
2016-06-13,EXIT,UPL,218.00,345.58,75337.51,349.00,345.58,-743.59,229884.19,305221.69,2016-06-10,76
2016-06-13,ENTRY,COROMANDEL,362.00,215.54,78025.31,215.54,,,312901.74,234876.43,2016-06-10,76
2016-06-13,ENTRY,HINDALCO,738.00,105.95,78192.12,105.95,,,234876.43,156684.31,2016-06-10,76
2016-06-13,ENTRY,M&MFIN,458.00,170.62,78144.49,170.62,,,156684.31,78539.82,2016-06-10,76
2016-06-13,ENTRY,TMPV,178.00,439.20,78177.72,439.20,,,78539.82,362.09,2016-06-10,76
2016-07-12,EXIT,BIOCON,672.00,121.36,81554.09,103.19,121.36,12207.25,362.09,81916.18,2016-07-11,77
2016-07-12,EXIT,COROMANDEL,362.00,213.13,77153.09,215.54,213.13,-872.22,81916.18,159069.27,2016-07-11,77
2016-07-12,EXIT,M&MFIN,458.00,190.30,87158.37,170.62,190.30,9013.88,159069.27,246227.64,2016-07-11,77
2016-07-12,ENTRY,APLAPOLLO,920.00,91.36,84046.73,91.36,,,252541.60,168494.87,2016-07-11,77
2016-07-12,ENTRY,HINDPETRO,878.00,95.69,84015.23,95.69,,,168494.87,84479.64,2016-07-11,77
2016-07-12,ENTRY,INDIANB,665.00,126.39,84052.00,126.39,,,84479.64,427.64,2016-07-11,77
2016-08-09,EXIT,APLAPOLLO,920.00,88.52,81433.88,91.36,88.52,-2612.84,427.64,81861.52,2016-08-08,78
2016-08-09,EXIT,TMPV,177.00,507.57,89840.74,439.20,507.57,12102.22,81861.52,171702.27,2016-08-08,78
2016-08-09,ENTRY,BIOCON,698.00,138.23,96485.77,138.23,,,193240.34,96754.58,2016-08-08,78
2016-08-09,ENTRY,COROMANDEL,419.00,229.94,96342.89,229.94,,,96754.58,411.68,2016-08-08,78
2016-09-08,EXIT,COROMANDEL,419.00,235.46,98657.67,229.94,235.46,2314.78,411.68,99069.35,2016-09-07,79
2016-09-08,ENTRY,GODFRYPHLP,244.00,422.92,103192.29,422.92,,,103429.08,236.79,2016-09-07,79
2016-10-07,EXIT,BIOCON,674.00,156.79,105676.75,138.23,156.79,12508.54,236.79,105913.54,2016-10-06,80
2016-10-07,EXIT,GODFRYPHLP,244.00,367.47,89661.73,422.92,367.47,-13530.56,105913.54,195575.27,2016-10-06,80
2016-10-07,ENTRY,MRF,1.00,53733.70,53733.70,53733.70,,,202788.02,149054.31,2016-10-06,80
2016-10-07,ENTRY,RADICO,782.00,129.40,101192.56,129.40,,,149054.31,47861.75,2016-10-06,80
2016-11-09,EXIT,HINDALCO,678.00,141.58,95989.63,105.95,141.58,24154.59,47861.75,143851.38,2016-11-08,81
2016-11-09,EXIT,HINDPETRO,806.00,114.14,91996.29,95.69,114.14,14870.69,143851.38,235847.67,2016-11-08,81
2016-11-09,EXIT,INDIANB,563.00,165.22,93019.35,126.39,165.22,21859.53,235847.67,328867.02,2016-11-08,81
2016-11-09,EXIT,RADICO,782.00,108.09,84523.32,129.40,108.09,-16669.24,328867.02,413390.34,2016-11-08,81
2016-11-09,ENTRY,ADANIPORTS,362.00,253.97,91938.04,253.97,,,413390.34,321452.30,2016-11-08,81
2016-11-09,ENTRY,GODFRYPHLP,260.00,353.22,91838.02,353.22,,,321452.30,229614.28,2016-11-08,81
2016-11-09,ENTRY,MOTILALOFS,202.00,455.30,91969.61,455.30,,,229614.28,137644.67,2016-11-08,81
2016-11-09,ENTRY,NMDC,5564.00,16.56,92166.86,16.56,,,137644.67,45477.80,2016-11-08,81
2016-12-08,EXIT,ADANIPORTS,362.00,265.25,96020.34,253.97,265.25,4082.30,45477.80,141498.15,2016-12-07,82
2016-12-08,EXIT,GODFRYPHLP,260.00,261.21,67915.71,353.22,261.21,-23922.31,141498.15,209413.86,2016-12-07,82
2016-12-08,EXIT,MOTILALOFS,202.00,498.33,100662.25,455.30,498.33,8692.64,209413.86,310076.11,2016-12-07,82
2016-12-08,EXIT,NMDC,5564.00,17.49,97304.55,16.56,17.49,5137.69,310076.11,407380.66,2016-12-07,82
2016-12-08,ENTRY,INDIANB,455.00,200.87,91394.62,200.87,,,407380.66,315986.04,2016-12-07,82
2016-12-08,ENTRY,NATIONALUM,2282.00,40.05,91403.97,40.05,,,315986.04,224582.08,2016-12-07,82
2016-12-08,ENTRY,ONGC,763.00,119.80,91409.17,119.80,,,224582.08,133172.91,2016-12-07,82
2016-12-08,ENTRY,TATACOMM,258.00,353.10,91098.78,353.10,,,133172.91,42074.14,2016-12-07,82
2017-01-05,EXIT,INDIANB,455.00,189.43,86188.72,200.87,189.43,-5205.90,42074.14,128262.85,2017-01-04,83
2017-01-05,ENTRY,MCX,388.00,227.92,88434.61,227.92,,,127358.46,38923.85,2017-01-04,83
2017-02-03,EXIT,MCX,388.00,213.78,82947.07,227.92,213.78,-5487.54,38923.85,121870.92,2017-02-02,84
2017-02-03,EXIT,MRF,1.00,50930.10,50930.10,53733.70,50930.10,-2803.60,121870.92,172801.03,2017-02-02,84
2017-02-03,EXIT,ONGC,752.00,121.61,91451.52,119.80,121.61,1360.18,172801.03,264252.55,2017-02-02,84
2017-02-03,ENTRY,COROMANDEL,317.00,295.83,93777.59,295.83,,,282514.97,188737.38,2017-02-02,84
2017-02-03,ENTRY,HINDPETRO,622.00,151.15,94016.69,151.15,,,188737.38,94720.69,2017-02-02,84
2017-02-03,ENTRY,INDIANB,401.00,234.16,93897.89,234.16,,,94720.69,822.79,2017-02-02,84
2017-03-06,EXIT,COROMANDEL,317.00,287.41,91108.33,295.83,287.41,-2669.26,822.79,91931.13,2017-03-03,85
2017-03-06,EXIT,HINDPETRO,622.00,150.39,93544.76,151.15,150.39,-471.94,91931.13,185475.88,2017-03-03,85
2017-03-06,EXIT,TATACOMM,225.00,408.83,91986.90,353.10,408.83,12540.30,185475.88,277462.79,2017-03-03,85
2017-03-06,ENTRY,ALKEM,48.00,1943.03,93265.58,1943.03,,,283782.99,190517.40,2017-03-03,85
2017-03-06,ENTRY,IDEA,1414.00,66.84,94510.50,66.84,,,190517.40,96006.90,2017-03-03,85
2017-03-06,ENTRY,KEI,556.00,169.78,94400.30,169.78,,,96006.90,1606.61,2017-03-03,85
2017-04-05,EXIT,ALKEM,48.00,1975.90,94843.42,1943.03,1975.90,1577.83,1606.61,96450.02,2017-04-03,86
2017-04-05,EXIT,IDEA,1414.00,51.31,72556.11,66.84,51.31,-21954.40,96450.02,169006.13,2017-04-03,86
2017-04-05,EXIT,INDIANB,397.00,232.14,92157.74,234.16,232.14,-803.52,169006.13,261163.86,2017-04-03,86
2017-04-05,EXIT,NATIONALUM,2112.00,44.50,93990.37,40.05,44.50,9395.64,261163.86,355154.23,2017-04-03,86
2017-04-05,ENTRY,ADANIENT,1537.00,59.76,91843.98,59.76,,,367519.91,275675.93,2017-04-03,86
2017-04-05,ENTRY,BLUESTARCO,280.00,327.20,91614.83,327.20,,,275675.93,184061.10,2017-04-03,86
2017-04-05,ENTRY,MOTILALOFS,125.00,732.72,91589.99,732.72,,,184061.10,92471.11,2017-04-03,86
2017-04-05,ENTRY,TRENT,342.00,268.46,91811.70,268.46,,,92471.11,659.42,2017-04-03,86
2017-05-05,EXIT,BLUESTARCO,280.00,313.93,87901.23,327.20,313.93,-3713.60,659.42,88560.64,2017-05-04,87
2017-05-05,EXIT,TRENT,342.00,252.56,86376.25,268.46,252.56,-5435.44,88560.64,174936.90,2017-05-04,87
2017-05-05,ENTRY,GODREJPROP,182.00,530.44,96539.36,530.44,,,194761.99,98222.63,2017-05-04,87
2017-05-05,ENTRY,TITAN,202.00,478.83,96722.80,478.83,,,98222.63,1499.83,2017-05-04,87
2017-06-02,EXIT,GODREJPROP,182.00,487.64,88751.00,530.44,487.64,-7788.36,1499.83,90250.83,2017-06-01,88
2017-06-02,EXIT,KEI,460.00,216.21,99456.33,169.78,216.21,21355.37,90250.83,189707.17,2017-06-01,88
2017-06-02,EXIT,TITAN,202.00,455.87,92086.34,478.83,455.87,-4636.46,189707.17,281793.51,2017-06-01,88
2017-06-02,ENTRY,ASTRAL,355.00,276.09,98011.63,276.09,,,294889.65,196878.02,2017-06-01,88
2017-06-02,ENTRY,PRESTIGE,402.00,244.01,98090.04,244.01,,,196878.02,98787.99,2017-06-01,88
2017-06-02,ENTRY,VOLTAS,202.00,485.86,98142.82,485.86,,,98787.99,645.17,2017-06-01,88
2017-07-03,EXIT,VOLTAS,202.00,434.89,87847.72,485.86,434.89,-10295.10,645.17,88492.89,2017-06-30,89
2017-07-03,ENTRY,INDIGO,91.00,1117.22,101667.22,1117.22,,,103394.20,1726.98,2017-06-30,89
2017-07-31,EXIT,ADANIENT,1451.00,74.38,107928.65,59.76,74.38,21223.64,1726.98,109655.63,2017-07-28,90
2017-07-31,EXIT,ASTRAL,332.00,280.24,93038.83,276.09,280.24,1377.25,109655.63,202694.46,2017-07-28,90
2017-07-31,EXIT,PRESTIGE,418.00,248.73,103969.50,244.01,248.73,1975.38,202694.46,306663.96,2017-07-28,90
2017-07-31,ENTRY,APLAPOLLO,657.00,157.68,103595.77,157.68,,,312589.00,208993.23,2017-07-28,90
2017-07-31,ENTRY,GODREJPROP,199.00,520.48,103576.34,520.48,,,208993.23,105416.89,2017-07-28,90
2017-07-31,ENTRY,INDUSTOWER,362.00,285.94,103511.01,285.94,,,105416.89,1905.88,2017-07-28,90
2017-08-30,EXIT,APLAPOLLO,657.00,148.00,97234.19,157.68,148.00,-6361.58,1905.88,99140.07,2017-08-29,91
2017-08-30,EXIT,GODREJPROP,199.00,542.38,107933.28,520.48,542.38,4356.94,99140.07,207073.35,2017-08-29,91
2017-08-30,EXIT,INDIGO,82.00,1161.77,95264.86,1117.22,1161.77,3652.63,207073.35,302338.21,2017-08-29,91
2017-08-30,EXIT,INDUSTOWER,362.00,275.40,99694.06,285.94,275.40,-3816.95,302338.21,402032.27,2017-08-29,91
2017-08-30,ENTRY,ASHOKLEY,2307.00,44.70,103111.45,44.70,,,412575.06,309463.61,2017-08-29,91
2017-08-30,ENTRY,JUBLFOOD,775.00,133.00,103077.89,133.00,,,309463.61,206385.71,2017-08-29,91
2017-08-30,ENTRY,RADICO,650.00,158.54,103048.38,158.54,,,206385.71,103337.34,2017-08-29,91
2017-08-30,ENTRY,TATASTEEL,2165.00,47.62,103106.97,47.62,,,103337.34,230.37,2017-08-29,91
2017-09-27,EXIT,ASHOKLEY,2307.00,47.85,110389.92,44.70,47.85,7278.47,230.37,110620.28,2017-09-26,92
2017-09-27,EXIT,MOTILALOFS,88.00,1180.73,103904.56,732.72,1180.73,39425.20,110620.28,214524.84,2017-09-26,92
2017-09-27,EXIT,RADICO,650.00,154.17,100210.60,158.54,154.17,-2837.78,214524.84,314735.44,2017-09-26,92
2017-09-27,ENTRY,KEI,334.00,315.63,105418.87,315.63,,,317182.94,211764.07,2017-09-26,92
2017-09-27,ENTRY,LTF,630.00,167.50,105526.53,167.50,,,211764.07,106237.54,2017-09-26,92
2017-09-27,ENTRY,TATACONSUM,551.00,191.69,105619.89,191.69,,,106237.54,617.64,2017-09-26,92
2017-10-27,EXIT,LTF,630.00,171.48,108035.24,167.50,171.48,2508.72,617.64,108652.89,2017-10-26,93
2017-10-27,EXIT,TATACONSUM,551.00,196.14,108074.98,191.69,196.14,2455.08,108652.89,216727.86,2017-10-26,93
2017-10-27,ENTRY,BHARTIARTL,260.00,434.10,112867.24,434.10,,,226593.43,113726.19,2017-10-26,93
2017-10-27,ENTRY,RADICO,555.00,203.93,113183.36,203.93,,,113726.19,542.83,2017-10-26,93
2017-11-24,EXIT,BHARTIARTL,260.00,421.72,109646.24,434.10,421.72,-3221.01,542.83,110189.06,2017-11-23,94
2017-11-24,EXIT,JUBLFOOD,689.00,167.43,115358.05,133.00,167.43,23718.48,110189.06,225547.11,2017-11-23,94
2017-11-24,EXIT,TATASTEEL,2059.00,53.40,109957.09,47.62,53.40,11898.31,225547.11,335504.20,2017-11-23,94
2017-11-24,ENTRY,BANKINDIA,693.00,174.41,120868.87,174.41,,,363472.83,242603.96,2017-11-23,94
2017-11-24,ENTRY,GODREJPROP,168.00,718.03,120628.91,718.03,,,242603.96,121975.05,2017-11-23,94
2017-11-24,ENTRY,TITAN,154.00,781.97,120422.97,781.97,,,121975.05,1552.08,2017-11-23,94
2017-12-22,EXIT,BANKINDIA,693.00,146.41,101461.42,174.41,146.41,-19407.44,1552.08,103013.50,2017-12-21,95
2017-12-22,EXIT,GODREJPROP,168.00,701.11,117786.66,718.03,701.11,-2842.26,103013.50,220800.16,2017-12-21,95
2017-12-22,EXIT,TITAN,154.00,832.41,128190.53,781.97,832.41,7767.56,220800.16,348990.69,2017-12-21,95
2017-12-22,ENTRY,BIOCON,447.00,267.97,119780.84,267.97,,,359870.95,240090.11,2017-12-21,95
2017-12-22,ENTRY,PAGEIND,5.00,22400.61,112003.06,22400.61,,,240090.11,128087.05,2017-12-21,95
2017-12-22,ENTRY,SAIL,1676.00,71.51,119847.36,71.51,,,128087.05,8239.69,2017-12-21,95
2018-01-22,EXIT,KEI,343.00,386.49,132567.09,315.63,386.49,24307.59,8239.69,140806.78,2018-01-19,96
2018-01-22,EXIT,PAGEIND,5.00,20047.32,100236.61,22400.61,20047.32,-11766.45,140806.78,241043.39,2018-01-19,96
2018-01-22,EXIT,SAIL,1676.00,76.99,129039.82,71.51,76.99,9192.46,241043.39,370083.21,2018-01-19,96
2018-01-22,ENTRY,ADANIENT,1221.00,106.18,129650.37,106.18,,,389643.90,259993.53,2018-01-19,96
2018-01-22,ENTRY,COFORGE,978.00,132.58,129662.02,132.58,,,259993.53,130331.51,2018-01-19,96
2018-01-22,ENTRY,JUBLFOOD,615.00,210.75,129612.62,210.75,,,130331.51,718.89,2018-01-19,96
2018-02-21,EXIT,COFORGE,978.00,139.48,136411.57,132.58,139.48,6749.55,718.89,137130.46,2018-02-20,97
2018-02-21,EXIT,JUBLFOOD,615.00,197.25,121306.60,210.75,197.25,-8306.02,137130.46,258437.06,2018-02-20,97
2018-02-21,ENTRY,MPHASIS,180.00,703.71,126668.37,703.71,,,253852.43,127184.06,2018-02-20,97
2018-02-21,ENTRY,TITAN,156.00,812.01,126673.19,812.01,,,127184.06,510.87,2018-02-20,97
2018-03-22,EXIT,ADANIENT,1185.00,87.09,103204.17,106.18,87.09,-22623.59,510.87,103715.04,2018-03-21,98
2018-03-22,EXIT,MPHASIS,180.00,686.84,123631.21,703.71,686.84,-3037.16,103715.04,227346.25,2018-03-21,98
2018-03-22,EXIT,TITAN,156.00,845.97,131971.71,812.01,845.97,5298.52,227346.25,359317.95,2018-03-21,98
2018-03-22,ENTRY,ASHOKLEY,2000.00,62.34,124683.38,62.34,,,374474.32,249790.94,2018-03-21,98
2018-03-22,ENTRY,COFORGE,726.00,171.72,124666.37,171.72,,,249790.94,125124.57,2018-03-21,98
2018-03-22,ENTRY,JUBLFOOD,574.00,217.20,124673.91,217.20,,,125124.57,450.66,2018-03-21,98
2018-04-23,EXIT,BIOCON,434.00,313.28,135965.19,267.97,313.28,19667.91,450.66,136415.85,2018-04-20,99
2018-04-23,ENTRY,JSWSTEEL,475.00,292.20,138793.29,292.20,,,139520.20,726.91,2018-04-20,99
2018-05-22,EXIT,ASHOKLEY,2116.00,55.84,118162.74,62.34,55.84,-13752.28,726.91,118889.65,2018-05-21,100
2018-05-22,EXIT,COFORGE,769.00,190.51,146505.11,171.72,190.51,14454.92,118889.65,265394.77,2018-05-21,100
2018-05-22,EXIT,JSWSTEEL,475.00,280.44,133210.51,292.20,280.44,-5582.78,265394.77,398605.28,2018-05-21,100
2018-05-22,ENTRY,KOTAKBANK,527.00,253.59,133643.59,253.59,,,401447.76,267804.18,2018-05-21,100
2018-05-22,ENTRY,MPHASIS,154.00,865.69,133315.82,865.69,,,267804.18,134488.36,2018-05-21,100
2018-05-22,ENTRY,PHOENIXLTD,379.00,352.43,133570.81,352.43,,,134488.36,917.55,2018-05-21,100
2018-06-19,EXIT,KOTAKBANK,527.00,261.24,137673.39,253.59,261.24,4029.80,917.55,138590.94,2018-06-18,101
2018-06-19,EXIT,MPHASIS,154.00,877.20,135089.17,865.69,877.20,1773.35,138590.94,273680.11,2018-06-18,101
2018-06-19,EXIT,PHOENIXLTD,379.00,317.33,120269.55,352.43,317.33,-13301.26,273680.11,393949.66,2018-06-18,101
2018-06-19,EXIT,RADICO,340.00,379.18,128921.40,203.93,379.18,59583.85,393949.66,522871.06,2018-06-18,101
2018-06-19,ENTRY,BAJFINANCE,620.00,216.34,134133.36,216.34,,,536781.58,402648.22,2018-06-18,101
2018-06-19,ENTRY,COFORGE,664.00,201.96,134098.50,201.96,,,402648.22,268549.72,2018-06-18,101
2018-06-19,ENTRY,NESTLEIND,297.00,450.25,133723.44,450.25,,,268549.72,134826.28,2018-06-18,101
2018-06-19,ENTRY,PAGEIND,5.00,24228.34,121141.69,24228.34,,,134826.28,13684.59,2018-06-18,101
2018-07-17,EXIT,COFORGE,664.00,205.47,136431.99,201.96,205.47,2333.49,13684.59,150116.58,2018-07-16,102
2018-07-17,EXIT,NESTLEIND,297.00,459.40,136441.04,450.25,459.40,2717.60,150116.58,286557.62,2018-07-16,102
2018-07-17,ENTRY,HINDUNILVR,90.00,1552.33,139709.43,1552.33,,,292371.33,152661.91,2018-07-16,102
2018-07-17,ENTRY,MPHASIS,143.00,974.80,139396.79,974.80,,,152661.91,13265.12,2018-07-16,102
2018-08-14,EXIT,HINDUNILVR,90.00,1518.94,136704.88,1552.33,1518.94,-3004.55,13265.12,149970.00,2018-08-13,103
2018-08-14,EXIT,JUBLFOOD,502.00,295.11,148146.11,217.20,295.11,39110.74,149970.00,298116.11,2018-08-13,103
2018-08-14,EXIT,MPHASIS,143.00,955.07,136575.56,974.80,955.07,-2821.23,298116.11,434691.67,2018-08-13,103
2018-08-14,EXIT,PAGEIND,5.00,30573.52,152867.61,24228.34,30573.52,31725.92,434691.67,587559.28,2018-08-13,103
2018-08-14,ENTRY,ADANIENT,1206.00,123.32,148729.28,123.32,,,595061.67,446332.38,2018-08-13,103
2018-08-14,ENTRY,COFORGE,631.00,235.55,148634.75,235.55,,,446332.38,297697.63,2018-08-13,103
2018-08-14,ENTRY,DABUR,366.00,405.69,148482.83,405.69,,,297697.63,149214.80,2018-08-13,103
2018-08-14,ENTRY,RELIANCE,282.00,526.74,148540.22,526.74,,,149214.80,674.58,2018-08-13,103
2018-09-14,EXIT,COFORGE,631.00,244.32,154168.87,235.55,244.32,5534.12,674.58,154843.45,2018-09-12,104
2018-09-14,EXIT,DABUR,366.00,421.81,154381.68,405.69,421.81,5898.86,154843.45,309225.13,2018-09-12,104
2018-09-14,EXIT,RELIANCE,282.00,557.46,157203.01,526.74,557.46,8662.78,309225.13,466428.14,2018-09-12,104
2018-09-14,ENTRY,MPHASIS,153.00,1024.79,156793.30,1024.79,,,472009.26,315215.97,2018-09-12,104
2018-09-14,ENTRY,NAUKRI,503.00,312.57,157220.29,312.57,,,315215.97,157995.67,2018-09-12,104
2018-09-14,ENTRY,PAGEIND,5.00,30902.15,154510.75,30902.15,,,157995.67,3484.92,2018-09-12,104
2018-10-16,EXIT,BAJFINANCE,616.00,225.44,138872.75,216.34,225.44,5604.76,3484.92,142357.67,2018-10-15,105
2018-10-16,EXIT,MPHASIS,153.00,888.37,135919.87,1024.79,888.37,-20873.43,142357.67,278277.54,2018-10-15,105
2018-10-16,EXIT,PAGEIND,5.00,26175.01,130875.04,30902.15,26175.01,-23635.71,278277.54,409152.57,2018-10-15,105
2018-10-16,ENTRY,AUROPHARMA,198.00,724.65,143480.87,724.65,,,431507.39,288026.52,2018-10-15,105
2018-10-16,ENTRY,TIINDIA,501.00,286.88,143728.88,286.88,,,288026.52,144297.64,2018-10-15,105
2018-10-16,ENTRY,WIPRO,1323.00,108.62,143709.11,108.62,,,144297.64,588.53,2018-10-15,105
2018-11-15,EXIT,NAUKRI,482.00,266.75,128573.51,312.57,266.75,-22082.91,588.53,129162.04,2018-11-14,106
2018-11-15,EXIT,WIPRO,1323.00,110.03,145572.84,108.62,110.03,1863.73,129162.04,274734.88,2018-11-14,106
2018-11-15,ENTRY,HAVELLS,224.00,639.12,143162.09,639.12,,,288221.75,145059.66,2018-11-14,106
2018-11-15,ENTRY,ICICIBANK,410.00,350.27,143611.27,350.27,,,145059.66,1448.38,2018-11-14,106
2018-12-14,EXIT,AUROPHARMA,191.00,713.19,136218.44,724.65,713.19,-2189.87,1448.38,137666.82,2018-12-13,107
2018-12-14,EXIT,HAVELLS,224.00,665.14,148992.40,639.12,665.14,5830.31,137666.82,286659.22,2018-12-13,107
2018-12-14,EXIT,ICICIBANK,410.00,334.10,136981.86,350.27,334.10,-6629.42,286659.22,423641.08,2018-12-13,107
2018-12-14,ENTRY,APOLLOHOSP,121.00,1201.75,145411.66,1201.75,,,437950.97,292539.31,2018-12-13,107
2018-12-14,ENTRY,SRF,343.00,424.70,145673.34,424.70,,,292539.31,146865.97,2018-12-13,107
2018-12-14,ENTRY,WIPRO,1267.00,115.07,145797.73,115.07,,,146865.97,1068.23,2018-12-13,107
2019-01-14,EXIT,ADANIENT,946.00,149.07,141017.37,123.32,149.07,24352.44,1068.23,142085.60,2019-01-11,108
2019-01-14,EXIT,APOLLOHOSP,121.00,1262.23,152729.62,1201.75,1262.23,7317.96,142085.60,294815.22,2019-01-11,108
2019-01-14,EXIT,SRF,343.00,398.30,136617.03,424.70,398.30,-9056.31,294815.22,431432.25,2019-01-11,108
2019-01-14,EXIT,TIINDIA,439.00,315.40,138459.12,286.88,315.40,12517.05,431432.25,569891.37,2019-01-11,108
2019-01-14,EXIT,WIPRO,1267.00,112.04,141948.51,115.07,112.04,-3849.23,569891.37,711839.88,2019-01-11,108
2019-01-14,ENTRY,AUROPHARMA,192.00,738.21,141736.24,738.21,,,711839.88,570103.64,2019-01-11,108
2019-01-14,ENTRY,COLPAL,127.00,1112.37,141270.78,1112.37,,,570103.64,428832.85,2019-01-11,108
2019-01-14,ENTRY,FEDERALBNK,1604.00,88.75,142358.93,88.75,,,428832.85,286473.92,2019-01-11,108
2019-01-14,ENTRY,INDIGO,135.00,1052.92,142143.69,1052.92,,,286473.92,144330.23,2019-01-11,108
2019-01-14,ENTRY,UPL,295.00,482.45,142321.87,482.45,,,144330.23,2008.36,2019-01-11,108
2019-02-11,EXIT,AUROPHARMA,192.00,732.50,140640.95,738.21,732.50,-1095.29,2008.36,142649.30,2019-02-08,109
2019-02-11,EXIT,COLPAL,127.00,1081.99,137412.70,1112.37,1081.99,-3858.08,142649.30,280062.00,2019-02-08,109
2019-02-11,EXIT,FEDERALBNK,1604.00,79.12,126901.53,88.75,79.12,-15457.40,280062.00,406963.53,2019-02-08,109
2019-02-11,EXIT,UPL,295.00,499.68,147404.80,482.45,499.68,5082.93,406963.53,554368.34,2019-02-08,109
2019-02-11,ENTRY,GODREJPROP,188.00,756.05,142136.55,756.05,,,572132.57,429996.01,2019-02-08,109
2019-02-11,ENTRY,RADICO,339.00,421.03,142728.67,421.03,,,429996.01,287267.35,2019-02-08,109
2019-02-11,ENTRY,SRF,330.00,432.14,142605.57,432.14,,,287267.35,144661.78,2019-02-08,109
2019-02-11,ENTRY,TITAN,138.00,1030.71,142237.45,1030.71,,,144661.78,2424.33,2019-02-08,109
2019-03-13,EXIT,GODREJPROP,188.00,713.55,134147.57,756.05,713.55,-7988.98,2424.33,136571.90,2019-03-12,110
2019-03-13,EXIT,RADICO,339.00,395.60,134108.59,421.03,395.60,-8620.08,136571.90,270680.49,2019-03-12,110
2019-03-13,EXIT,SRF,330.00,457.03,150818.27,432.14,457.03,8212.71,270680.49,421498.77,2019-03-12,110
2019-03-13,EXIT,TITAN,138.00,1058.35,146051.98,1030.71,1058.35,3814.53,421498.77,567550.75,2019-03-12,110
2019-03-13,ENTRY,GODFRYPHLP,478.00,300.96,143861.03,300.96,,,576467.70,432606.67,2019-03-12,110
2019-03-13,ENTRY,IDFCFIRSTB,2914.00,49.44,144075.29,49.44,,,432606.67,288531.38,2019-03-12,110
2019-03-13,ENTRY,KEI,338.00,425.07,143672.88,425.07,,,288531.38,144858.49,2019-03-12,110
2019-03-13,ENTRY,UPL,260.00,553.83,143995.69,553.83,,,144858.49,862.80,2019-03-12,110
2019-04-12,EXIT,GODFRYPHLP,478.00,330.60,158025.82,300.96,330.60,14164.80,862.80,158888.63,2019-04-11,111
2019-04-12,EXIT,KEI,338.00,390.53,131998.61,425.07,390.53,-11674.28,158888.63,290887.23,2019-04-11,111
2019-04-12,EXIT,UPL,260.00,567.64,147587.57,553.83,567.64,3591.89,290887.23,438474.81,2019-04-11,111
2019-04-12,ENTRY,ATGL,1164.00,129.69,150964.71,129.69,,,453465.72,302501.01,2019-04-11,111
2019-04-12,ENTRY,GODREJPROP,165.00,914.73,150930.20,914.73,,,302501.01,151570.81,2019-04-11,111
2019-04-12,ENTRY,SUZLON,24188.00,6.24,151026.34,6.24,,,151570.81,544.47,2019-04-11,111
2019-05-16,EXIT,ATGL,1164.00,118.27,137661.30,129.69,118.27,-13303.42,544.47,138205.76,2019-05-15,112
2019-05-16,EXIT,IDFCFIRSTB,2793.00,40.50,113111.15,49.44,40.50,-24981.60,138205.76,251316.92,2019-05-15,112
2019-05-16,EXIT,SUZLON,24188.00,4.82,116601.23,6.24,4.82,-34425.11,251316.92,367918.14,2019-05-15,112
2019-05-16,ENTRY,ICICIGI,128.00,1045.36,133806.31,1045.36,,,404159.16,270352.84,2019-05-15,112
2019-05-16,ENTRY,NAUKRI,360.00,373.36,134408.80,373.36,,,270352.84,135944.04,2019-05-15,112
2019-05-16,ENTRY,SRF,249.00,539.62,134366.55,539.62,,,135944.04,1577.49,2019-05-15,112
2019-06-14,EXIT,GODREJPROP,163.00,918.36,149692.83,914.73,918.36,592.08,1577.49,151270.32,2019-06-13,113
2019-06-14,EXIT,ICICIGI,128.00,1106.73,141661.47,1045.36,1106.73,7855.16,151270.32,292931.79,2019-06-13,113
2019-06-14,EXIT,NAUKRI,360.00,426.68,153604.02,373.36,426.68,19195.22,292931.79,446535.81,2019-06-13,113
2019-06-14,ENTRY,APLAPOLLO,957.00,152.80,146232.16,152.80,,,439753.73,293521.58,2019-06-13,113
2019-06-14,ENTRY,ATGL,838.00,174.42,146161.54,174.42,,,293521.58,147360.03,2019-06-13,113
2019-06-14,ENTRY,BAJFINANCE,424.00,344.61,146113.56,344.61,,,147360.03,1246.47,2019-06-13,113
2019-07-12,EXIT,APLAPOLLO,957.00,152.59,146032.17,152.80,152.59,-199.99,1246.47,147278.64,2019-07-11,114
2019-07-12,EXIT,BAJFINANCE,424.00,337.06,142912.21,344.61,337.06,-3201.35,147278.64,290190.84,2019-07-11,114
2019-07-12,EXIT,INDIGO,87.00,1345.50,117058.81,1052.92,1345.50,25455.09,290190.84,407249.65,2019-07-11,114
2019-07-12,EXIT,SRF,255.00,539.24,137504.95,539.62,539.24,-99.35,407249.65,544754.60,2019-07-11,114
2019-07-12,ENTRY,KEI,299.00,455.29,136131.54,455.29,,,545243.72,409112.18,2019-07-11,114
2019-07-12,ENTRY,SBIN,414.00,329.02,136212.45,329.02,,,409112.18,272899.73,2019-07-11,114
2019-07-12,ENTRY,TATACONSUM,564.00,241.51,136210.16,241.51,,,272899.73,136689.56,2019-07-11,114
2019-07-12,ENTRY,TRENT,305.00,446.38,136145.83,446.38,,,136689.56,543.74,2019-07-11,114
2019-08-09,EXIT,KEI,299.00,465.10,139065.42,455.29,465.10,2933.88,543.74,139609.16,2019-08-08,115
2019-08-09,EXIT,SBIN,414.00,268.56,111183.87,329.02,268.56,-25028.58,139609.16,250793.03,2019-08-08,115
2019-08-09,EXIT,TRENT,305.00,433.23,132134.38,446.38,433.23,-4011.44,250793.03,382927.41,2019-08-08,115
2019-08-09,ENTRY,BHARTIARTL,377.00,351.18,132395.17,351.18,,,397901.49,265506.32,2019-08-08,115
2019-08-09,ENTRY,HDFCLIFE,257.00,514.56,132242.51,514.56,,,265506.32,133263.81,2019-08-08,115
2019-08-09,ENTRY,SRF,236.00,561.31,132468.48,561.31,,,133263.81,795.33,2019-08-08,115
2019-09-12,EXIT,ATGL,822.00,137.86,113321.18,174.42,137.86,-30049.69,795.33,114116.51,2019-09-11,116
2019-09-12,EXIT,BHARTIARTL,377.00,338.34,127554.93,351.18,338.34,-4840.24,114116.51,241671.44,2019-09-11,116
2019-09-12,EXIT,SRF,236.00,553.61,130653.10,561.31,553.61,-1815.38,241671.44,372324.55,2019-09-11,116
2019-09-12,ENTRY,APOLLOHOSP,82.00,1544.59,126656.02,1544.59,,,381371.03,254715.01,2019-09-11,116
2019-09-12,ENTRY,BEL,3950.00,32.15,126982.47,32.15,,,254715.01,127732.55,2019-09-11,116
2019-09-12,ENTRY,TRENT,277.00,458.12,126900.33,458.12,,,127732.55,832.22,2019-09-11,116
2019-10-14,EXIT,APOLLOHOSP,82.00,1431.74,117402.55,1544.59,1431.74,-9253.46,832.22,118234.77,2019-10-11,117
2019-10-14,EXIT,BEL,3950.00,31.29,123588.48,32.15,31.29,-3393.99,118234.77,241823.25,2019-10-11,117
2019-10-14,EXIT,TATACONSUM,516.00,259.50,133903.06,241.51,259.50,9285.25,241823.25,375726.31,2019-10-11,117
2019-10-14,ENTRY,ASIANPAINT,77.00,1684.61,129715.19,1684.61,,,392777.10,263061.90,2019-10-11,117
2019-10-14,ENTRY,COLPAL,101.00,1286.15,129901.61,1286.15,,,263061.90,133160.29,2019-10-11,117
2019-10-14,ENTRY,PIIND,100.00,1302.75,130274.81,1302.75,,,133160.29,2885.48,2019-10-11,117
2019-11-13,EXIT,ASIANPAINT,77.00,1672.41,128775.39,1684.61,1672.41,-939.81,2885.48,131660.87,2019-11-11,118
2019-11-13,EXIT,HDFCLIFE,227.00,561.38,127432.41,514.56,561.38,10626.77,131660.87,259093.28,2019-11-11,118
2019-11-13,EXIT,PIIND,100.00,1385.47,138546.55,1302.75,1385.47,8271.74,259093.28,397639.83,2019-11-11,118
2019-11-13,EXIT,TRENT,257.00,509.56,130956.05,458.12,509.56,13218.21,397639.83,528595.89,2019-11-11,118
2019-11-13,ENTRY,ADANIENT,645.00,206.93,133471.86,206.93,,,534095.82,400623.96,2019-11-11,118
2019-11-13,ENTRY,GMRAIRPORT,6796.00,19.64,133475.08,19.64,,,400623.96,267148.88,2019-11-11,118
2019-11-13,ENTRY,MCX,631.00,211.36,133365.37,211.36,,,267148.88,133783.51,2019-11-11,118
2019-11-13,ENTRY,POLYCAB,157.00,847.15,133002.71,847.15,,,133783.51,780.81,2019-11-11,118
2019-12-11,EXIT,COLPAL,97.00,1248.15,121070.34,1286.15,1248.15,-3686.65,780.81,121851.15,2019-12-10,119
2019-12-11,EXIT,GMRAIRPORT,6796.00,18.15,123372.61,19.64,18.15,-10102.47,121851.15,245223.76,2019-12-10,119
2019-12-11,EXIT,MCX,631.00,208.65,131657.81,211.36,208.65,-1707.56,245223.76,376881.57,2019-12-10,119
2019-12-11,ENTRY,DIXON,189.00,688.88,130197.79,688.88,,,391896.45,261698.67,2019-12-10,119
2019-12-11,ENTRY,GODFRYPHLP,345.00,378.13,130454.18,378.13,,,261698.67,131244.49,2019-12-10,119
2019-12-11,ENTRY,TIINDIA,273.00,477.93,130474.47,477.93,,,131244.49,770.02,2019-12-10,119
2020-01-09,EXIT,ADANIENT,649.00,199.90,129737.25,206.93,199.90,-4562.34,770.02,130507.27,2020-01-08,120
2020-01-09,EXIT,GODFRYPHLP,345.00,387.66,133741.62,378.13,387.66,3287.45,130507.27,264248.90,2020-01-08,120
2020-01-09,EXIT,TIINDIA,273.00,475.86,129910.76,477.93,475.86,-563.71,264248.90,394159.66,2020-01-08,120
2020-01-09,ENTRY,GMRAIRPORT,6153.00,22.21,136645.13,22.21,,,411130.90,274485.77,2020-01-08,120
2020-01-09,ENTRY,TATACOMM,353.00,386.34,136377.71,386.34,,,274485.77,138108.06,2020-01-08,120
2020-01-09,ENTRY,TMPV,758.00,180.09,136505.77,180.09,,,138108.06,1602.29,2020-01-08,120
2020-02-06,EXIT,GMRAIRPORT,6153.00,20.81,128052.83,22.21,20.81,-8592.30,1602.29,129655.12,2020-02-05,121
2020-02-06,EXIT,POLYCAB,145.00,974.72,141333.86,847.15,974.72,18496.96,129655.12,270988.98,2020-02-05,121
2020-02-06,EXIT,TATACOMM,353.00,384.68,135793.23,386.34,384.68,-584.48,270988.98,406782.21,2020-02-05,121
2020-02-06,EXIT,TMPV,758.00,177.31,134401.13,180.09,177.31,-2104.64,406782.21,541183.35,2020-02-05,121
2020-02-06,ENTRY,ADANIENT,589.00,235.05,138445.79,235.05,,,555188.23,416742.45,2020-02-05,121
2020-02-06,ENTRY,AUBANK,252.00,549.22,138402.77,549.22,,,416742.45,278339.68,2020-02-05,121
2020-02-06,ENTRY,BHARTIARTL,274.00,505.11,138398.95,505.11,,,278339.68,139940.73,2020-02-05,121
2020-02-06,ENTRY,TATAELXSI,146.00,948.59,138493.92,948.59,,,139940.73,1446.81,2020-02-05,121
2020-03-06,EXIT,ADANIENT,589.00,212.97,125440.99,235.05,212.97,-13004.80,1446.81,126887.80,2020-03-05,122
2020-03-06,EXIT,DIXON,148.00,766.78,113483.44,688.88,766.78,11529.62,126887.80,240371.24,2020-03-05,122
2020-03-06,EXIT,TATAELXSI,146.00,870.31,127064.81,948.59,870.31,-11429.11,240371.24,367436.04,2020-03-05,122
2020-03-06,ENTRY,IRCTC,497.00,258.95,128698.44,258.95,,,386928.19,258229.74,2020-03-05,122
2020-03-06,ENTRY,SRF,170.00,753.12,128030.16,753.12,,,258229.74,130199.58,2020-03-05,122
2020-03-06,ENTRY,TIINDIA,256.00,502.46,128630.16,502.46,,,130199.58,1569.42,2020-03-05,122
2020-04-08,EXIT,AUBANK,227.00,229.23,52035.19,549.22,229.23,-72637.14,1569.42,53604.61,2020-04-07,123
2020-04-08,EXIT,SRF,170.00,561.42,95440.66,753.12,561.42,-32589.50,53604.61,149045.27,2020-04-07,123
2020-04-08,EXIT,TIINDIA,256.00,280.21,71733.73,502.46,280.21,-56896.43,149045.27,220779.00,2020-04-07,123
2020-04-08,ENTRY,DIXON,119.00,753.78,89699.33,753.78,,,271291.79,181592.46,2020-04-07,123
2020-04-08,ENTRY,DRREDDY,133.00,674.53,89713.07,674.53,,,181592.46,91879.39,2020-04-07,123
2020-04-08,ENTRY,NESTLEIND,116.00,774.28,89816.80,774.28,,,91879.39,2062.59,2020-04-07,123
2020-05-11,EXIT,DIXON,119.00,857.27,102015.19,753.78,857.27,12315.86,2062.59,104077.78,2020-05-08,124
2020-05-11,EXIT,DRREDDY,133.00,761.18,101237.07,674.53,761.18,11524.00,104077.78,205314.85,2020-05-08,124
2020-05-11,ENTRY,AUROPHARMA,159.00,629.11,100028.39,629.11,,,200699.53,100671.14,2020-05-08,124
2020-05-11,ENTRY,SUZLON,41171.00,2.43,100180.04,2.43,,,100671.14,491.10,2020-05-08,124
2020-06-09,EXIT,BHARTIARTL,199.00,547.54,108960.46,505.11,547.54,8444.43,491.10,109451.56,2020-06-08,125
2020-06-09,EXIT,NESTLEIND,121.00,774.38,93699.45,774.28,774.38,11.23,109451.56,203151.01,2020-06-08,125
2020-06-09,ENTRY,DIXON,119.00,1006.99,119831.67,1006.99,,,240800.94,120969.27,2020-06-08,125
2020-06-09,ENTRY,IDEA,9723.00,12.35,120079.05,12.35,,,120969.27,890.22,2020-06-08,125
2020-07-07,EXIT,AUROPHARMA,164.00,743.91,122002.00,629.11,743.91,18828.06,890.22,122892.21,2020-07-06,126
2020-07-07,EXIT,IRCTC,407.00,268.60,109319.88,258.95,268.60,3926.99,122892.21,232212.09,2020-07-06,126
2020-07-07,ENTRY,CIPLA,202.00,608.76,122969.92,608.76,,,247662.31,124692.38,2020-07-06,126
2020-07-07,ENTRY,RELIANCE,147.00,839.50,123406.61,839.50,,,124692.38,1285.77,2020-07-06,126
2020-08-04,EXIT,CIPLA,202.00,675.61,136472.62,608.76,675.61,13502.69,1285.77,137758.39,2020-08-03,127
2020-08-04,EXIT,IDEA,12597.00,8.70,109593.90,12.35,8.70,-45979.06,137758.39,247352.28,2020-08-03,127
2020-08-04,EXIT,SUZLON,25368.00,4.04,102490.30,2.43,4.04,40763.18,247352.28,349842.58,2020-08-03,127
2020-08-04,ENTRY,BDL,690.00,188.67,130183.10,188.67,,,391754.71,261571.60,2020-08-03,127
2020-08-04,ENTRY,LAURUSLABS,657.00,198.00,130084.37,198.00,,,261571.60,131487.23,2020-08-03,127
2020-08-04,ENTRY,TATACOMM,172.00,754.28,129736.35,754.28,,,131487.23,1750.88,2020-08-03,127
2020-09-01,EXIT,BDL,690.00,176.98,122114.97,188.67,176.98,-8068.13,1750.88,123865.86,2020-08-31,128
2020-09-01,EXIT,DIXON,80.00,1592.10,127368.19,1006.99,1592.10,46809.09,123865.86,251234.05,2020-08-31,128
2020-09-01,EXIT,RELIANCE,142.00,947.82,134590.91,839.50,947.82,15381.80,251234.05,385824.95,2020-08-31,128
2020-09-01,EXIT,TATACOMM,172.00,801.06,137781.76,754.28,801.06,8045.41,385824.95,523606.72,2020-08-31,128
2020-09-01,ENTRY,ADANIENT,478.00,279.15,133432.20,279.15,,,534843.22,401411.03,2020-08-31,128
2020-09-01,ENTRY,IDEA,12377.00,10.80,133671.60,10.80,,,401411.03,267739.43,2020-08-31,128
2020-09-01,ENTRY,PERSISTENT,293.00,455.89,133576.98,455.89,,,267739.43,134162.44,2020-08-31,128
2020-09-01,ENTRY,TATAPOWER,2349.00,56.90,133667.39,56.90,,,134162.44,495.05,2020-08-31,128
2020-09-29,EXIT,IDEA,12377.00,10.10,125007.70,10.80,10.10,-8663.90,495.05,125502.76,2020-09-28,129
2020-09-29,EXIT,PERSISTENT,293.00,612.35,179417.67,455.89,612.35,45840.69,125502.76,304920.43,2020-09-28,129
2020-09-29,EXIT,TATAPOWER,2349.00,52.03,122229.40,56.90,52.03,-11437.99,304920.43,427149.83,2020-09-28,129
2020-09-29,ENTRY,APLAPOLLO,540.00,276.50,149310.74,276.50,,,448977.43,299666.68,2020-09-28,129
2020-09-29,ENTRY,KPITTECH,1383.00,108.04,149418.45,108.04,,,299666.68,150248.23,2020-09-28,129
2020-09-29,ENTRY,TIINDIA,241.00,618.64,149092.26,618.64,,,150248.23,1155.97,2020-09-28,129
2020-10-28,EXIT,KPITTECH,1383.00,94.23,130323.89,108.04,94.23,-19094.57,1155.97,131479.85,2020-10-27,130
2020-10-28,EXIT,TIINDIA,241.00,641.61,154628.34,618.64,641.61,5536.07,131479.85,286108.19,2020-10-27,130
2020-10-28,ENTRY,DIXON,80.00,1904.18,152334.52,1904.18,,,307514.80,155180.28,2020-10-27,130
2020-10-28,ENTRY,PERSISTENT,272.00,563.92,153386.72,563.92,,,155180.28,1793.56,2020-10-27,130
2020-11-25,EXIT,DIXON,80.00,2187.55,175003.62,1904.18,2187.55,22669.09,1793.56,176797.18,2020-11-24,131
2020-11-25,EXIT,PERSISTENT,272.00,589.80,160426.28,563.92,589.80,7039.56,176797.18,337223.46,2020-11-24,131
2020-11-25,ENTRY,ATGL,490.00,341.04,167107.40,341.04,,,334837.75,167730.35,2020-11-24,131
2020-11-25,ENTRY,INDIGO,101.00,1652.71,166923.42,1652.71,,,167730.35,806.93,2020-11-24,131
2020-12-24,EXIT,APLAPOLLO,528.00,375.84,198444.26,276.50,375.84,52451.54,806.93,199251.19,2020-12-23,132
2020-12-24,EXIT,INDIGO,101.00,1647.22,166368.85,1652.71,1647.22,-554.57,199251.19,365620.04,2020-12-23,132
2020-12-24,ENTRY,INDUSINDBK,225.00,831.09,186995.44,831.09,,,374923.85,187928.42,2020-12-23,132
2020-12-24,ENTRY,TATAELXSI,111.00,1678.34,186296.06,1678.34,,,187928.42,1632.36,2020-12-23,132
2021-01-22,EXIT,ATGL,504.00,356.16,179504.87,341.04,356.16,7622.97,1632.36,181137.23,2021-01-21,133
2021-01-22,EXIT,INDUSINDBK,225.00,896.65,201746.81,831.09,896.65,14751.37,181137.23,382884.03,2021-01-21,133
2021-01-22,EXIT,LAURUSLABS,549.00,364.88,200321.19,198.00,364.88,91620.55,382884.03,583205.23,2021-01-21,133
2021-01-22,ENTRY,SHRIRAMFIN,971.00,220.06,213680.84,220.06,,,642821.75,429140.91,2021-01-21,133
2021-01-22,ENTRY,SUZLON,35535.00,6.01,213718.18,6.01,,,429140.91,215422.73,2021-01-21,133
2021-01-22,ENTRY,TMPV,741.00,288.32,213648.05,288.32,,,215422.73,1774.68,2021-01-21,133
2021-02-22,EXIT,SHRIRAMFIN,971.00,256.74,249294.22,220.06,256.74,35613.38,1774.68,251068.90,2021-02-19,134
2021-02-22,EXIT,SUZLON,35535.00,4.77,169669.39,6.01,4.77,-44048.79,251068.90,420738.29,2021-02-19,134
2021-02-22,EXIT,TATAELXSI,87.00,2560.97,222804.69,1678.34,2560.97,76788.86,420738.29,643542.98,2021-02-19,134
2021-02-22,ENTRY,ATGL,471.00,501.67,236286.37,501.67,,,710959.12,474672.75,2021-02-19,134
2021-02-22,ENTRY,DIXON,60.00,3893.51,233610.71,3893.51,,,474672.75,241062.04,2021-02-19,134
2021-02-22,ENTRY,INDIANB,1974.00,119.86,236611.01,119.86,,,241062.04,4451.03,2021-02-19,134
2021-03-23,EXIT,INDIANB,1974.00,103.38,204076.97,119.86,103.38,-32534.04,4451.03,208528.00,2021-03-22,135
2021-03-23,ENTRY,APLAPOLLO,438.00,625.79,274095.26,625.79,,,279714.62,5619.36,2021-03-22,135
2021-04-26,EXIT,DIXON,67.00,3878.56,259863.24,3893.51,3878.56,-1002.06,5619.36,265482.60,2021-04-23,136
2021-04-26,ENTRY,TATAELXSI,98.00,3060.40,299918.93,3060.40,,,302770.52,2851.59,2021-04-23,136
2021-05-25,EXIT,APLAPOLLO,476.00,616.09,293256.53,625.79,616.09,-4618.69,2851.59,296108.12,2021-05-24,137
2021-05-25,EXIT,TATAELXSI,98.00,3376.28,330875.66,3060.40,3376.28,30956.73,296108.12,626983.78,2021-05-24,137
2021-05-25,EXIT,TMPV,1042.00,307.42,320330.44,288.32,307.42,19896.88,626983.78,947314.22,2021-05-24,137
2021-05-25,ENTRY,BHEL,4554.00,71.95,327662.87,71.95,,,984500.15,656837.28,2021-05-24,137
2021-05-25,ENTRY,JSWENERGY,2892.00,113.29,327623.51,113.29,,,656837.28,329213.78,2021-05-24,137
2021-05-25,ENTRY,KPITTECH,1374.00,238.38,327536.60,238.38,,,329213.78,1677.18,2021-05-24,137
2021-07-20,EXIT,ADANIENT,233.00,1337.02,311524.58,279.15,1337.02,246483.36,2573.89,314098.47,2021-07-19,139
2021-07-20,EXIT,ATGL,262.00,811.06,212498.11,501.67,811.06,81060.69,314098.47,526596.59,2021-07-19,139
2021-07-20,EXIT,BHEL,5333.00,63.29,337551.47,71.95,63.29,-46160.89,526596.59,864148.06,2021-07-19,139
2021-07-20,ENTRY,BSE,2415.00,141.00,340507.95,141.00,,,1021585.27,681077.32,2021-07-19,139
2021-07-20,ENTRY,LAURUSLABS,519.00,654.94,339914.30,654.94,,,681077.32,341163.02,2021-07-19,139
2021-07-20,ENTRY,TATASTEEL,3104.00,109.69,340483.87,109.69,,,341163.02,679.15,2021-07-19,139
2021-08-18,EXIT,LAURUSLABS,519.00,688.63,357396.89,654.94,688.63,17482.59,679.15,358076.04,2021-08-17,140
2021-08-18,ENTRY,RADICO,423.00,910.24,385031.09,910.24,,,385885.64,854.55,2021-08-17,140
2021-09-17,EXIT,KPITTECH,1100.00,316.98,348681.10,238.38,316.98,86461.12,854.55,349535.65,2021-09-16,141
2021-09-17,EXIT,RADICO,423.00,902.94,381942.12,910.24,902.94,-3088.98,349535.65,731477.77,2021-09-16,141
2021-09-17,EXIT,TATASTEEL,2960.00,123.92,366805.81,109.69,123.92,42117.58,731477.77,1098283.57,2021-09-16,141
2021-09-17,ENTRY,IRCTC,556.00,729.07,405361.08,729.07,,,1218063.97,812702.89,2021-09-16,141
2021-09-17,ENTRY,MPHASIS,143.00,2832.63,405065.49,2832.63,,,812702.89,407637.40,2021-09-16,141
2021-09-17,ENTRY,SRF,181.00,2232.04,403998.50,2232.04,,,407637.40,3638.91,2021-09-16,141
2021-10-18,EXIT,BSE,3100.00,149.24,462639.93,141.00,149.24,25548.97,3638.91,466278.84,2021-10-14,142
2021-10-18,ENTRY,GODREJPROP,194.00,2512.80,487483.95,2512.80,,,495064.79,7580.84,2021-10-14,142
2021-11-16,EXIT,GODREJPROP,194.00,2332.62,452529.18,2512.80,2332.62,-34954.77,7580.84,460110.02,2021-11-15,143
2021-11-16,EXIT,MPHASIS,161.00,3070.82,494401.55,2832.63,3070.82,38348.80,460110.02,954511.57,2021-11-15,143
2021-11-16,EXIT,SRF,203.00,2169.05,440317.29,2232.04,2169.05,-12785.99,954511.57,1394828.86,2021-11-15,143
2021-11-16,ENTRY,ATGL,270.00,1623.62,438377.65,1623.62,,,1317273.35,878895.70,2021-11-15,143
2021-11-16,ENTRY,KPITTECH,1070.00,409.97,438671.66,409.97,,,878895.70,440224.05,2021-11-15,143
2021-11-16,ENTRY,PRESTIGE,902.00,486.47,438792.77,486.47,,,440224.05,1431.28,2021-11-15,143
2021-12-15,EXIT,JSWENERGY,1371.00,289.39,396748.36,113.29,289.39,241433.07,1431.28,398179.64,2021-12-14,144
2021-12-15,EXIT,KPITTECH,1070.00,502.29,537445.29,409.97,502.29,98773.64,398179.64,935624.93,2021-12-14,144
2021-12-15,EXIT,PRESTIGE,902.00,457.78,412915.72,486.47,457.78,-25877.05,935624.93,1348540.65,2021-12-14,144
2021-12-15,ENTRY,BSE,1847.00,245.41,453267.99,245.41,,,1361681.57,908413.58,2021-12-14,144
2021-12-15,ENTRY,IDEA,29540.00,15.35,453439.01,15.35,,,908413.58,454974.57,2021-12-14,144
2021-12-15,ENTRY,TATAPOWER,2048.00,221.37,453356.01,221.37,,,454974.57,1618.56,2021-12-14,144
2022-01-12,EXIT,ATGL,239.00,1797.37,429570.54,1623.62,1797.37,41525.13,1618.56,431189.10,2022-01-11,145
2022-01-12,EXIT,IDEA,29540.00,12.20,360387.99,15.35,12.20,-93051.02,431189.10,791577.09,2022-01-11,145
2022-01-12,EXIT,IRCTC,557.00,830.19,462418.26,729.07,830.19,56328.11,791577.09,1253995.35,2022-01-11,145
2022-01-12,ENTRY,KPITTECH,592.00,710.76,420771.63,710.76,,,1262999.61,842227.98,2022-01-11,145
2022-01-12,ENTRY,SUZLON,38199.00,11.02,420898.24,11.02,,,842227.98,421329.73,2022-01-11,145
2022-01-12,ENTRY,TMPV,854.00,492.82,420864.17,492.82,,,421329.73,465.56,2022-01-11,145
2022-03-11,EXIT,SUZLON,42009.00,9.27,389589.83,11.02,9.27,-73289.15,445.96,390035.79,2022-03-10,147
2022-03-11,EXIT,TATAPOWER,1781.00,224.17,399244.19,221.37,224.17,4992.70,390035.79,789279.98,2022-03-10,147
2022-03-11,EXIT,TMPV,832.00,402.94,335248.01,492.82,402.94,-74774.23,789279.98,1124527.99,2022-03-10,147
2022-03-11,ENTRY,NATIONALUM,3968.00,101.29,401912.97,101.29,,,1206306.85,804393.88,2022-03-10,147
2022-03-11,ENTRY,ONGC,3003.00,133.80,401814.33,133.80,,,804393.88,402579.56,2022-03-10,147
2022-03-11,ENTRY,POWERINDIA,119.00,3369.49,400968.97,3369.49,,,402579.56,1610.59,2022-03-10,147
2022-04-11,EXIT,KPITTECH,701.00,597.87,419103.58,710.76,597.87,-79141.21,1610.59,420714.17,2022-04-08,148
2022-04-11,EXIT,NATIONALUM,3968.00,104.93,416343.18,101.29,104.93,14430.20,420714.17,837057.35,2022-04-08,148
2022-04-11,EXIT,ONGC,3003.00,132.64,398320.26,133.80,132.64,-3494.06,837057.35,1235377.61,2022-04-08,148
2022-04-11,EXIT,POWERINDIA,119.00,3461.06,411865.67,3369.49,3461.06,10896.70,1235377.61,1647243.28,2022-04-08,148
2022-04-11,ENTRY,ATGL,166.00,2465.39,409254.38,2465.39,,,1642385.08,1233130.70,2022-04-08,148
2022-04-11,ENTRY,BDL,1171.00,350.57,410523.25,350.57,,,1233130.70,822607.46,2022-04-08,148
2022-04-11,ENTRY,NMDC,10834.00,37.89,410550.36,37.89,,,822607.46,412057.09,2022-04-08,148
2022-04-11,ENTRY,TATAELXSI,49.00,8284.20,405925.70,8284.20,,,412057.09,6131.40,2022-04-08,148
2022-05-12,EXIT,BSE,1436.00,230.21,330579.58,245.41,230.21,-21825.85,6131.40,336710.98,2022-05-11,149
2022-05-12,EXIT,NMDC,10834.00,30.82,333851.54,37.89,30.82,-76698.82,336710.98,670562.52,2022-05-11,149
2022-05-12,EXIT,TATAELXSI,49.00,6462.97,316685.31,8284.20,6462.97,-89240.38,670562.52,987247.83,2022-05-11,149
2022-05-12,ENTRY,ADANIENT,166.00,2098.32,348320.43,2098.32,,,1048920.66,700600.23,2022-05-11,149
2022-05-12,ENTRY,AUBANK,555.00,628.20,348648.42,628.20,,,700600.23,351951.82,2022-05-11,149
2022-05-12,ENTRY,NTPC,2646.00,131.81,348769.06,131.81,,,351951.82,3182.76,2022-05-11,149
2022-06-09,EXIT,AUBANK,555.00,631.13,350275.91,628.20,631.13,1627.49,3182.76,353458.66,2022-06-08,150
2022-06-09,EXIT,NTPC,2646.00,135.47,358463.39,131.81,135.47,9694.33,353458.66,711922.06,2022-06-08,150
2022-06-09,ENTRY,ITC,1683.00,221.19,372266.96,221.19,,,748009.83,375742.87,2022-06-08,150
2022-06-09,ENTRY,TATAELXSI,45.00,8162.64,367318.61,8162.64,,,375742.87,8424.26,2022-06-08,150
2022-07-07,EXIT,TATAELXSI,45.00,7745.08,348528.65,8162.64,7745.08,-18789.96,8424.26,356952.91,2022-07-06,151
2022-07-07,ENTRY,M&M,348.00,1068.32,371774.99,1068.32,,,374703.41,2928.42,2022-07-06,151
2022-08-04,EXIT,ITC,1549.00,254.40,394059.59,221.19,254.40,51432.43,2928.42,396988.01,2022-08-03,152
2022-08-04,ENTRY,PAYTM,547.00,805.30,440499.09,805.30,,,444737.50,4238.41,2022-08-03,152
2022-09-06,EXIT,BDL,1057.00,406.77,429955.17,350.57,406.77,59397.47,4238.41,434193.58,2022-09-05,153
2022-09-06,EXIT,PAYTM,547.00,716.00,391652.00,805.30,716.00,-48847.09,434193.58,825845.58,2022-09-05,153
2022-09-06,ENTRY,BEL,4376.00,105.42,461296.40,105.42,,,925384.87,464088.48,2022-09-05,153
2022-09-06,ENTRY,KALYANKJIL,5626.00,82.00,461309.24,82.00,,,464088.48,2779.23,2022-09-05,153
2022-10-04,EXIT,ATGL,130.00,3177.64,413093.40,2465.39,3177.64,92592.98,2779.23,415872.63,2022-10-03,154
2022-10-04,EXIT,BEL,4376.00,96.23,421110.62,105.42,96.23,-40185.78,415872.63,836983.25,2022-10-03,154
2022-10-04,EXIT,M&M,360.00,1220.06,439222.93,1068.32,1220.06,54628.12,836983.25,1276206.18,2022-10-03,154
2022-10-04,ENTRY,COCHINSHIP,1972.00,228.48,450556.27,228.48,,,1354193.99,903637.72,2022-10-03,154
2022-10-04,ENTRY,TATAINVEST,1953.00,230.67,450502.44,230.67,,,903637.72,453135.28,2022-10-03,154
2022-10-04,ENTRY,TIINDIA,166.00,2711.95,450184.41,2711.95,,,453135.28,2950.87,2022-10-03,154
2022-11-03,EXIT,TATAINVEST,1953.00,226.67,442686.95,230.67,226.67,-7815.49,2950.87,445637.82,2022-11-02,155
2022-11-03,ENTRY,IDFCFIRSTB,8870.00,54.71,485274.89,54.71,,,490766.10,5491.21,2022-11-02,155
2022-12-02,EXIT,ADANIENT,136.00,3897.91,530115.46,2098.32,3897.91,244744.50,5491.21,535606.66,2022-12-01,156
2022-12-02,EXIT,IDFCFIRSTB,8870.00,58.34,517450.26,54.71,58.34,32175.37,535606.66,1053056.92,2022-12-01,156
2022-12-02,EXIT,TIINDIA,171.00,2786.59,476507.74,2711.95,2786.59,12763.56,1053056.92,1529564.66,2022-12-01,156
2022-12-02,ENTRY,BANKINDIA,7088.00,73.37,520052.38,73.37,,,1560374.93,1040322.55,2022-12-01,156
2022-12-02,ENTRY,GODFRYPHLP,909.00,571.56,519549.68,571.56,,,1040322.55,520772.87,2022-12-01,156
2022-12-02,ENTRY,RVNL,7212.00,72.11,520031.46,72.11,,,520772.87,741.41,2022-12-01,156
2023-01-30,EXIT,COCHINSHIP,2037.00,226.38,461139.71,228.48,226.38,-4267.55,742.96,461882.67,2023-01-27,158
2023-01-30,EXIT,KALYANKJIL,4137.00,109.56,453243.37,82.00,109.56,114026.11,461882.67,915126.05,2023-01-27,158
2023-01-30,ENTRY,OIL,3572.00,137.58,491442.46,137.58,,,983379.39,491936.93,2023-01-27,158
2023-01-30,ENTRY,PERSISTENT,219.00,2241.50,490889.02,2241.50,,,491936.93,1047.91,2023-01-27,158
2023-02-27,EXIT,GODFRYPHLP,822.00,537.27,441638.83,571.56,537.27,-28184.98,1047.91,442686.74,2023-02-24,159
2023-02-27,ENTRY,SUPREMEIND,177.00,2640.48,467365.76,2640.48,,,470388.29,3022.53,2023-02-24,159
2023-03-28,EXIT,BANKINDIA,7597.00,61.76,469227.97,73.37,61.76,-88170.16,3022.53,472250.50,2023-03-27,160
2023-03-28,EXIT,PERSISTENT,197.00,2138.46,421276.97,2241.50,2138.46,-20299.00,472250.50,893527.47,2023-03-27,160
2023-03-28,EXIT,RVNL,7781.00,64.00,497973.42,72.11,64.00,-63086.59,893527.47,1391500.89,2023-03-27,160
2023-03-28,EXIT,SUPREMEIND,177.00,2375.03,420380.03,2640.48,2375.03,-46985.74,1391500.89,1811880.92,2023-03-27,160
2023-03-28,ENTRY,KALYANKJIL,4153.00,110.65,459509.27,110.65,,,1838352.24,1378842.97,2023-03-27,160
2023-03-28,ENTRY,KPITTECH,536.00,856.35,459002.16,856.35,,,1378842.97,919840.80,2023-03-27,160
2023-03-28,ENTRY,POLICYBZR,784.00,586.00,459424.00,586.00,,,919840.80,460416.80,2023-03-27,160
2023-03-28,ENTRY,RADICO,389.00,1179.65,458884.31,1179.65,,,460416.80,1532.50,2023-03-27,160
2023-05-02,EXIT,KALYANKJIL,4153.00,102.40,425251.23,110.65,102.40,-34258.04,1532.50,426783.73,2023-04-28,161
2023-05-02,EXIT,OIL,3038.00,154.57,469595.79,137.58,154.57,51622.06,426783.73,896379.52,2023-04-28,161
2023-05-02,EXIT,RADICO,389.00,1122.01,436461.16,1179.65,1122.01,-22423.15,896379.52,1332840.68,2023-04-28,161
2023-05-02,ENTRY,AUROPHARMA,746.00,612.92,457239.14,612.92,,,1373084.20,915845.06,2023-04-28,161
2023-05-02,ENTRY,GVT&D,2601.00,175.83,457337.32,175.83,,,915845.06,458507.74,2023-04-28,161
2023-05-02,ENTRY,RVNL,4137.00,110.55,457327.45,110.55,,,458507.74,1180.30,2023-04-28,161
2023-05-30,EXIT,AUROPHARMA,746.00,609.05,454353.40,612.92,609.05,-2885.74,1180.30,455533.70,2023-05-29,162
2023-05-30,EXIT,POLICYBZR,759.00,604.70,458967.31,586.00,604.70,14193.31,455533.70,914501.01,2023-05-29,162
2023-05-30,ENTRY,GLENMARK,798.00,592.81,473061.38,592.81,,,947136.90,474075.52,2023-05-29,162
2023-05-30,ENTRY,ITC,1250.00,378.53,473167.60,378.53,,,474075.52,907.92,2023-05-29,162
2023-06-27,EXIT,GLENMARK,798.00,641.87,512215.96,592.81,641.87,39154.58,907.92,513123.88,2023-06-26,163
2023-06-27,EXIT,ITC,1250.00,382.91,478639.59,378.53,382.91,5471.99,513123.88,991763.47,2023-06-26,163
2023-06-27,EXIT,KPITTECH,487.00,1054.17,513381.94,856.35,1054.17,96340.80,991763.47,1505145.41,2023-06-26,163
2023-06-27,ENTRY,AUROPHARMA,711.00,716.12,509164.37,716.12,,,1529001.40,1019837.03,2023-06-26,163
2023-06-27,ENTRY,DIXON,114.00,4466.16,509141.86,4466.16,,,1019837.03,510695.17,2023-06-26,163
2023-06-27,ENTRY,ETERNAL,6781.00,75.15,509592.16,75.15,,,510695.17,1103.01,2023-06-26,163
2023-07-26,EXIT,AUROPHARMA,711.00,781.09,555355.92,716.12,781.09,46191.55,1103.01,556458.93,2023-07-25,164
2023-07-26,EXIT,DIXON,114.00,4130.94,470927.31,4466.16,4130.94,-38214.55,556458.93,1027386.24,2023-07-25,164
2023-07-26,EXIT,GVT&D,2395.00,258.53,619169.29,175.83,258.53,198053.23,1027386.24,1646555.53,2023-07-25,164
2023-07-26,ENTRY,BSE,2289.00,240.25,549923.00,240.25,,,1650048.84,1100125.84,2023-07-25,164
2023-07-26,ENTRY,GLENMARK,706.00,778.90,549904.67,778.90,,,1100125.84,550221.17,2023-07-25,164
2023-07-26,ENTRY,SUZLON,30469.00,18.05,549965.43,18.05,,,550221.17,255.75,2023-07-25,164
2023-08-24,EXIT,GLENMARK,706.00,755.09,533092.30,778.90,755.09,-16812.37,255.75,533348.05,2023-08-23,165
2023-08-24,ENTRY,KALYANKJIL,2792.00,220.46,615510.69,220.46,,,616010.92,500.22,2023-08-23,165
2023-09-22,EXIT,RVNL,5004.00,157.56,788448.10,110.55,157.56,235277.55,500.22,788948.32,2023-09-21,166
2023-09-22,ENTRY,JSWENERGY,1783.00,392.51,699838.08,392.51,,,700523.54,685.46,2023-09-21,166
2023-10-23,EXIT,ETERNAL,7036.00,113.80,800696.82,75.15,113.80,271941.41,685.46,801382.28,2023-10-20,167
2023-10-23,EXIT,JSWENERGY,1783.00,405.67,723301.16,392.51,405.67,23463.08,801382.28,1524683.44,2023-10-20,167
2023-10-23,ENTRY,IDEA,74529.00,11.80,879442.21,11.80,,,1759601.58,880159.37,2023-10-20,167
2023-10-23,ENTRY,NMDC,18630.00,47.21,879436.88,47.21,,,880159.37,722.48,2023-10-20,167
2023-12-21,EXIT,IDEA,74040.00,13.25,981030.00,11.80,13.25,107357.99,169.42,981199.42,2023-12-20,169
2023-12-21,EXIT,SUZLON,27066.00,34.30,928363.78,18.05,34.30,439822.50,981199.42,1909563.20,2023-12-20,169
2023-12-21,ENTRY,COCHINSHIP,1666.00,606.95,1011175.72,606.95,,,2023464.90,1012289.18,2023-12-20,169
2023-12-21,ENTRY,PRESTIGE,952.00,1061.82,1010851.61,1061.82,,,1012289.18,1437.57,2023-12-20,169
2024-01-19,EXIT,COCHINSHIP,1666.00,862.30,1436589.45,606.95,862.30,425413.73,1437.57,1438027.02,2024-01-18,170
2024-01-19,EXIT,KALYANKJIL,3199.00,361.79,1157379.26,220.46,361.79,452143.33,1438027.02,2595406.28,2024-01-18,170
2024-01-19,EXIT,NMDC,18704.00,61.71,1154235.54,47.21,61.71,271305.45,2595406.28,3749641.82,2024-01-18,170
2024-01-19,ENTRY,GVT&D,1891.00,636.49,1203609.37,636.49,,,3613624.18,2410014.81,2024-01-18,170
2024-01-19,ENTRY,HINDPETRO,4545.00,264.85,1203750.74,264.85,,,2410014.81,1206264.08,2024-01-18,170
2024-01-19,ENTRY,RVNL,4974.00,242.01,1203746.67,242.01,,,1206264.08,2517.40,2024-01-18,170
2024-02-20,EXIT,BSE,1577.00,763.01,1203272.04,240.25,763.01,824404.16,2517.40,1205789.44,2024-02-19,171
2024-02-20,EXIT,PRESTIGE,915.00,1165.87,1066769.15,1061.82,1165.87,95204.84,1205789.44,2272558.60,2024-02-19,171
2024-02-20,EXIT,RVNL,4974.00,263.53,1310773.68,242.01,263.53,107027.01,2272558.60,3583332.27,2024-02-19,171
2024-02-20,ENTRY,HUDCO,7237.00,180.37,1305309.07,180.37,,,3916828.84,2611519.77,2024-02-19,171
2024-02-20,ENTRY,OFSS,184.00,7058.22,1298712.51,7058.22,,,2611519.77,1312807.26,2024-02-19,171
2024-02-20,ENTRY,TRENT,322.00,4047.77,1303382.95,4047.77,,,1312807.26,9424.31,2024-02-19,171
2024-03-20,EXIT,HINDPETRO,3960.00,266.78,1056432.78,264.85,266.78,7620.26,9424.31,1065857.09,2024-03-19,172
2024-03-20,EXIT,TRENT,322.00,3961.49,1275599.80,4047.77,3961.49,-27783.15,1065857.09,2341456.89,2024-03-19,172
2024-03-20,ENTRY,NHPC,16111.00,78.89,1270918.64,78.89,,,2544794.28,1273875.64,2024-03-19,172
2024-03-20,ENTRY,OIL,3634.00,349.68,1270719.69,349.68,,,1273875.64,3155.95,2024-03-19,172
2024-04-23,EXIT,HUDCO,7633.00,183.74,1402493.96,180.37,183.74,25759.94,3155.95,1405649.92,2024-04-22,173
2024-04-23,EXIT,NHPC,16111.00,84.68,1364323.46,78.89,84.68,93404.82,1405649.92,2769973.38,2024-04-22,173
2024-04-23,ENTRY,IREDA,8001.00,170.45,1363806.83,170.45,,,2729154.83,1365348.00,2024-04-22,173
2024-04-23,ENTRY,NATIONALUM,8008.00,170.32,1363886.79,170.32,,,1365348.00,1461.21,2024-04-22,173
2024-05-23,EXIT,IREDA,8001.00,186.96,1495838.99,170.45,186.96,132032.16,1461.21,1497300.20,2024-05-22,174
2024-05-23,EXIT,NATIONALUM,8008.00,177.36,1420320.86,170.32,177.36,56434.07,1497300.20,2917621.06,2024-05-22,174
2024-05-23,EXIT,OIL,3602.00,414.54,1493167.29,349.68,414.54,233637.21,2917621.06,4410788.34,2024-05-22,174
2024-05-23,ENTRY,GODFRYPHLP,1249.00,1255.13,1567652.48,1255.13,,,4708864.93,3141212.45,2024-05-22,174
2024-05-23,ENTRY,HUDCO,6319.00,248.09,1567665.11,248.09,,,3141212.45,1573547.34,2024-05-22,174
2024-05-23,ENTRY,RVNL,4639.00,337.88,1567403.74,337.88,,,1573547.34,6143.60,2024-05-22,174
2024-06-21,EXIT,GVT&D,1062.00,1571.34,1668766.73,636.49,1571.34,992810.54,6143.60,1674910.33,2024-06-20,175
2024-06-21,EXIT,HUDCO,6319.00,264.91,1673967.48,248.09,264.91,106302.38,1674910.33,3348877.82,2024-06-20,175
2024-06-21,EXIT,OFSS,220.00,9104.40,2002967.17,7058.22,9104.40,450158.74,3348877.82,5351844.98,2024-06-20,175
2024-06-21,EXIT,RVNL,4639.00,379.73,1761559.09,337.88,379.73,194155.35,5351844.98,7113404.07,2024-06-20,175
2024-06-21,ENTRY,COCHINSHIP,802.00,2200.81,1765050.81,2200.81,,,7065277.59,5300226.78,2024-06-20,175
2024-06-21,ENTRY,DIXON,154.00,11467.36,1765974.00,11467.36,,,5300226.78,3534252.78,2024-06-20,175
2024-06-21,ENTRY,M&M,628.00,2811.43,1765579.72,2811.43,,,3534252.78,1768673.06,2024-06-20,175
2024-06-21,ENTRY,TRENT,331.00,5326.20,1762972.19,5326.20,,,1768673.06,5700.88,2024-06-20,175
2024-07-22,EXIT,GODFRYPHLP,1284.00,1343.06,1724494.90,1255.13,1343.06,112913.01,5700.88,1730195.78,2024-07-19,176
2024-07-22,EXIT,M&M,628.00,2700.76,1696078.47,2811.43,2700.76,-69501.25,1730195.78,3426274.24,2024-07-19,176
2024-07-22,EXIT,TRENT,331.00,5099.52,1687939.84,5326.20,5099.52,-75032.35,3426274.24,5114214.08,2024-07-19,176
2024-07-22,ENTRY,EXIDEIND,3314.00,532.64,1765175.92,532.64,,,5309074.80,3543898.88,2024-07-19,176
2024-07-22,ENTRY,IREDA,6520.00,270.75,1765296.27,270.75,,,3543898.88,1778602.61,2024-07-19,176
2024-07-22,ENTRY,RVNL,2915.00,605.63,1765425.94,605.63,,,1778602.61,13176.67,2024-07-19,176
2024-08-20,EXIT,EXIDEIND,3314.00,492.99,1633772.22,532.64,492.99,-131403.70,13176.67,1646948.90,2024-08-19,177
2024-08-20,EXIT,IREDA,6520.00,242.54,1581357.62,270.75,242.54,-183938.65,1646948.90,3228306.51,2024-08-19,177
2024-08-20,ENTRY,OIL,2559.00,656.63,1680324.44,656.63,,,3368378.45,1688054.01,2024-08-19,177
2024-08-20,ENTRY,TRENT,250.00,6696.23,1674058.29,6696.23,,,1688054.01,13995.72,2024-08-19,177
2024-09-17,EXIT,COCHINSHIP,792.00,1769.13,1401150.42,2200.81,1769.13,-341892.27,13995.72,1415146.13,2024-09-16,178
2024-09-17,EXIT,DIXON,130.00,13982.01,1817661.61,11467.36,13982.01,326904.34,1415146.13,3232807.75,2024-09-16,178
2024-09-17,EXIT,OIL,2559.00,580.41,1485259.14,656.63,580.41,-195065.31,3232807.75,4718066.88,2024-09-16,178
2024-09-17,EXIT,TRENT,250.00,7399.79,1849946.71,6696.23,7399.79,175888.42,4718066.88,6568013.60,2024-09-16,178
2024-09-17,ENTRY,GODFRYPHLP,622.00,2617.99,1628391.21,2617.99,,,6518999.51,4890608.30,2024-09-16,178
2024-09-17,ENTRY,KALYANKJIL,2334.00,698.20,1629598.02,698.20,,,4890608.30,3261010.28,2024-09-16,178
2024-09-17,ENTRY,PAYTM,2390.00,681.70,1629263.03,681.70,,,3261010.28,1631747.25,2024-09-16,178
2024-09-17,ENTRY,SUZLON,19132.00,85.18,1629663.77,85.18,,,1631747.25,2083.48,2024-09-16,178
2024-10-16,EXIT,RVNL,3059.00,467.56,1430268.28,605.63,467.56,-422369.10,2083.48,1432351.76,2024-10-15,179
2024-10-16,EXIT,SUZLON,19132.00,73.71,1410219.70,85.18,73.71,-219444.06,1432351.76,2842571.46,2024-10-15,179
2024-10-16,ENTRY,POWERINDIA,95.00,16171.95,1536335.04,16171.95,,,3094457.97,1558122.94,2024-10-15,179
2024-10-16,ENTRY,TRENT,191.00,8093.36,1545831.90,8093.36,,,1558122.94,12291.04,2024-10-15,179
2024-11-13,EXIT,PAYTM,2121.00,791.00,1677711.00,681.70,791.00,231825.27,12291.04,1690002.04,2024-11-12,180
2024-11-13,EXIT,POWERINDIA,95.00,12843.21,1220104.82,16171.95,12843.21,-316230.22,1690002.04,2910106.85,2024-11-12,180
2024-11-13,EXIT,TRENT,191.00,6485.67,1238762.19,8093.36,6485.67,-307069.71,2910106.85,4148869.05,2024-11-12,180
2024-11-13,ENTRY,BSE,898.00,1570.08,1409933.60,1570.08,,,4234913.24,2824979.64,2024-11-12,180
2024-11-13,ENTRY,COFORGE,883.00,1597.58,1410660.42,1597.58,,,2824979.64,1414319.21,2024-11-12,180
2024-11-13,ENTRY,FORTIS,2209.00,638.47,1410373.21,638.47,,,1414319.21,3946.00,2024-11-12,180
2024-12-13,EXIT,KALYANKJIL,2018.00,754.70,1522990.90,698.20,754.70,114023.97,3946.00,1526936.90,2024-12-12,181
2024-12-13,ENTRY,DIXON,87.00,17617.60,1532730.82,17617.60,,,1536994.48,4263.66,2024-12-12,181
2025-01-13,EXIT,FORTIS,2124.00,682.47,1449562.10,638.47,682.47,93458.56,4263.66,1453825.76,2025-01-10,182
2025-01-13,EXIT,GODFRYPHLP,790.00,1539.95,1216561.87,2617.99,1539.95,-851652.05,1453825.76,2670387.63,2025-01-10,182
2025-01-13,ENTRY,MAXHEALTH,1260.00,1119.02,1409962.34,1119.02,,,2830624.59,1420662.25,2025-01-10,182
2025-01-13,ENTRY,PREMIERENE,1267.00,1112.80,1409913.77,1112.80,,,1420662.25,10748.47,2025-01-10,182
2025-02-07,EXIT,DIXON,85.00,14706.58,1250059.52,17617.60,14706.58,-247436.11,10748.47,1260807.99,2025-02-06,183
2025-02-07,EXIT,MAXHEALTH,1260.00,1129.69,1423404.92,1119.02,1129.69,13442.58,1260807.99,2684212.92,2025-02-06,183
2025-02-07,EXIT,PREMIERENE,1267.00,1020.78,1293327.28,1112.80,1020.78,-116586.49,2684212.92,3977540.20,2025-02-06,183
2025-02-07,ENTRY,LAURUSLABS,2144.00,634.03,1359355.68,634.03,,,4081422.62,2722066.94,2025-02-06,183
2025-02-07,ENTRY,RADICO,603.00,2251.73,1357793.79,2251.73,,,2722066.94,1364273.14,2025-02-06,183
2025-02-07,ENTRY,SRF,469.00,2894.84,1357679.21,2894.84,,,1364273.14,6593.94,2025-02-06,183
2025-03-10,EXIT,BSE,745.00,1381.99,1029581.73,1570.08,1381.99,-140129.34,6593.94,1036175.66,2025-03-07,184
2025-03-10,EXIT,COFORGE,806.00,1520.55,1225563.32,1597.58,1520.55,-62083.68,1036175.66,2261738.99,2025-03-07,184
2025-03-10,EXIT,RADICO,603.00,2186.77,1318622.14,2251.73,2186.77,-39171.65,2261738.99,3580361.13,2025-03-07,184
2025-03-10,ENTRY,BLUESTARCO,593.00,2080.75,1233885.43,2080.75,,,3706779.17,2472893.74,2025-03-07,184
2025-03-10,ENTRY,INDIGO,265.00,4658.13,1234403.92,4658.13,,,2472893.74,1238489.82,2025-03-07,184
2025-03-10,ENTRY,SBICARD,1484.00,831.89,1234518.29,831.89,,,1238489.82,3971.53,2025-03-07,184
2025-04-09,EXIT,BLUESTARCO,593.00,1954.08,1158771.76,2080.75,1954.08,-75113.66,3971.53,1162743.30,2025-04-08,185
2025-04-09,EXIT,LAURUSLABS,2169.00,562.46,1219967.32,634.03,562.46,-155239.06,1162743.30,2382710.61,2025-04-08,185
2025-04-09,EXIT,SBICARD,1484.00,837.27,1242503.93,831.89,837.27,7985.64,2382710.61,3625214.54,2025-04-08,185
2025-04-09,ENTRY,BAJFINANCE,1410.00,870.74,1227745.39,870.74,,,3687359.22,2459613.83,2025-04-08,185
2025-04-09,ENTRY,BDL,963.00,1274.52,1227360.72,1274.52,,,2459613.83,1232253.10,2025-04-08,185
2025-04-09,ENTRY,GODFRYPHLP,549.00,2235.49,1227282.25,2235.49,,,1232253.10,4970.85,2025-04-08,185
2025-05-13,EXIT,BAJFINANCE,1410.00,890.62,1255775.33,870.74,890.62,28029.94,4970.85,1260746.18,2025-05-12,186
2025-05-13,EXIT,INDIGO,239.00,5491.72,1312521.03,4658.13,5491.72,199228.43,1260746.18,2573267.20,2025-05-12,186
2025-05-13,EXIT,SRF,447.00,2999.31,1340691.35,2894.84,2999.31,46698.59,2573267.20,3913958.55,2025-05-12,186
2025-05-13,ENTRY,NYKAA,7000.00,199.00,1393000.00,199.00,,,4181385.38,2788385.38,2025-05-12,186
2025-05-13,ENTRY,SBICARD,1559.00,893.52,1392997.21,893.52,,,2788385.38,1395388.17,2025-05-12,186
2025-05-13,ENTRY,UPL,2096.00,664.33,1392438.04,664.33,,,1395388.17,2950.13,2025-05-12,186
2025-06-10,EXIT,BDL,891.00,1961.56,1747752.16,1274.52,1961.56,612156.73,2950.13,1750702.29,2025-06-09,187
2025-06-10,EXIT,NYKAA,7000.00,203.96,1427720.05,199.00,203.96,34720.05,1750702.29,3178422.34,2025-06-09,187
2025-06-10,EXIT,SBICARD,1559.00,1017.44,1586182.07,893.52,1017.44,193184.86,3178422.34,4764604.41,2025-06-09,187
2025-06-10,EXIT,UPL,2096.00,631.99,1324657.24,664.33,631.99,-67780.80,4764604.41,6089261.65,2025-06-09,187
2025-06-10,ENTRY,BSE,495.00,3001.39,1485689.45,3001.39,,,5950088.44,4464398.99,2025-06-09,187
2025-06-10,ENTRY,COROMANDEL,622.00,2390.32,1486777.45,2390.32,,,4464398.99,2977621.54,2025-06-09,187
2025-06-10,ENTRY,MODEFENCE,14949.00,99.50,1487425.50,99.50,,,2977621.54,1490196.04,2025-06-09,187
2025-06-10,ENTRY,POWERINDIA,82.00,18135.41,1487103.56,18135.41,,,1490196.04,3092.49,2025-06-09,187
2025-07-08,EXIT,BSE,495.00,2633.06,1303366.26,3001.39,2633.06,-182323.19,3092.49,1306458.75,2025-07-07,188
2025-07-08,EXIT,COROMANDEL,622.00,2243.00,1395148.88,2390.32,2243.00,-91628.57,1306458.75,2701607.62,2025-07-07,188
2025-07-08,EXIT,POWERINDIA,82.00,19619.62,1608809.19,18135.41,19619.62,121705.63,2701607.62,4310416.81,2025-07-07,188
2025-07-08,ENTRY,ABCAPITAL,5273.00,276.25,1456666.25,276.25,,,4372094.12,2915427.87,2025-07-07,188
2025-07-08,ENTRY,BDL,754.00,1931.69,1456495.00,1931.69,,,2915427.87,1458932.86,2025-07-07,188
2025-07-08,ENTRY,LAURUSLABS,1882.00,773.59,1455897.96,773.59,,,1458932.86,3034.90,2025-07-07,188
2025-08-05,EXIT,ABCAPITAL,5273.00,279.00,1471167.00,276.25,279.00,14500.75,3034.90,1474201.90,2025-08-04,189
2025-08-05,EXIT,BDL,754.00,1583.19,1193725.28,1931.69,1583.19,-262769.72,1474201.90,2667927.19,2025-08-04,189
2025-08-05,EXIT,MODEFENCE,14944.00,86.90,1298633.62,99.50,86.90,-188294.38,2667927.19,3966560.81,2025-08-04,189
2025-08-05,ENTRY,BSE,578.00,2485.45,1436591.32,2485.45,,,4315953.50,2879362.18,2025-08-04,189
2025-08-05,ENTRY,ETERNAL,4685.00,306.90,1437826.47,306.90,,,2879362.18,1441535.71,2025-08-04,189
2025-08-05,ENTRY,POWERINDIA,67.00,21188.80,1419649.29,21188.80,,,1441535.71,21886.42,2025-08-04,189
2025-09-04,EXIT,BSE,578.00,2233.12,1290741.47,2485.45,2233.12,-145849.85,21886.42,1312627.89,2025-09-03,190
2025-09-04,EXIT,GODFRYPHLP,468.00,3430.19,1605330.74,2235.49,3430.19,559122.91,1312627.89,2917958.63,2025-09-03,190
2025-09-04,EXIT,LAURUSLABS,1672.00,883.39,1477029.56,773.59,883.39,183585.68,2917958.63,4394988.19,2025-09-03,190
2025-09-04,EXIT,POWERINDIA,67.00,19384.37,1298752.90,21188.80,19384.37,-120896.39,4394988.19,5693741.09,2025-09-03,190
2025-09-04,ENTRY,GLENMARK,716.00,2018.04,1444914.70,2018.04,,,5784597.09,4339682.39,2025-09-03,190
2025-09-04,ENTRY,GVT&D,511.00,2828.00,1445108.14,2828.00,,,4339682.39,2894574.25,2025-09-03,190
2025-09-04,ENTRY,HEROMOTOCO,271.00,5321.48,1442119.96,5321.48,,,2894574.25,1452454.29,2025-09-03,190
2025-09-04,ENTRY,PAYTM,1115.00,1296.00,1445040.00,1296.00,,,1452454.29,7414.29,2025-09-03,190
2025-10-03,EXIT,GLENMARK,716.00,1957.25,1401392.75,2018.04,1957.25,-43521.95,7414.29,1408807.04,2025-10-01,191
2025-10-03,EXIT,HEROMOTOCO,271.00,5282.81,1431641.34,5321.48,5282.81,-10478.62,1408807.04,2840448.38,2025-10-01,191
2025-10-03,EXIT,PAYTM,1115.00,1148.60,1280688.97,1296.00,1148.60,-164351.03,2840448.38,4121137.35,2025-10-01,191
2025-10-03,ENTRY,EICHERMOT,205.00,6927.46,1420128.57,6927.46,,,4280460.26,2860331.69,2025-10-01,191
2025-10-03,ENTRY,LAURUSLABS,1639.00,870.41,1426609.31,870.41,,,2860331.69,1433722.38,2025-10-01,191
2025-10-03,ENTRY,TATAINVEST,1352.00,1054.56,1425766.85,1054.56,,,1433722.38,7955.54,2025-10-01,191
2025-11-03,EXIT,EICHERMOT,205.00,6957.15,1426214.83,6927.46,6957.15,6086.26,7955.54,1434170.37,2025-10-31,192
2025-11-03,EXIT,ETERNAL,4373.00,316.45,1383835.90,306.90,316.45,41762.23,1434170.37,2818006.27,2025-10-31,192
2025-11-03,EXIT,GVT&D,463.00,3032.49,1404044.77,2828.00,3032.49,94680.65,2818006.27,4222051.04,2025-10-31,192
2025-11-03,EXIT,TATAINVEST,1352.00,793.91,1073360.33,1054.56,793.91,-352406.52,4222051.04,5295411.37,2025-10-31,192
2025-11-03,ENTRY,HEROMOTOCO,254.00,5393.49,1369947.00,5393.49,,,5491595.80,4121648.81,2025-10-31,192
2025-11-03,ENTRY,HINDALCO,1627.00,843.45,1372293.04,843.45,,,4121648.81,2749355.76,2025-10-31,192
2025-11-03,ENTRY,IDEA,150031.00,9.15,1372783.59,9.15,,,2749355.76,1376572.17,2025-10-31,192
2025-11-03,ENTRY,PAYTM,1055.00,1300.10,1371605.47,1300.10,,,1376572.17,4966.70,2025-10-31,192
2025-12-02,EXIT,HINDALCO,1627.00,806.79,1312649.29,843.45,806.79,-59643.75,4966.70,1317615.99,2025-12-01,193
2025-12-02,EXIT,LAURUSLABS,1434.00,1027.18,1472972.23,870.41,1027.18,224797.88,1317615.99,2790588.22,2025-12-01,193
2025-12-02,EXIT,PAYTM,1055.00,1366.70,1441868.45,1300.10,1366.70,70262.97,2790588.22,4232456.67,2025-12-01,193
2025-12-02,ENTRY,ASHOKLEY,9302.00,157.32,1463356.64,157.32,,,4391163.45,2927806.81,2025-12-01,193
2025-12-02,ENTRY,LTF,4782.00,306.00,1463289.64,306.00,,,2927806.81,1464517.17,2025-12-01,193
2025-12-02,ENTRY,NATIONALUM,5612.00,260.75,1463302.76,260.75,,,1464517.17,1214.41,2025-12-01,193
2025-12-31,EXIT,HEROMOTOCO,239.00,5519.16,1319078.81,5393.49,5519.16,30034.19,1214.41,1320293.22,2025-12-30,194
2025-12-31,EXIT,LTF,4782.00,301.30,1440806.61,306.00,301.30,-22483.03,1320293.22,2761099.83,2025-12-30,194
2025-12-31,ENTRY,BHARATFORG,1062.00,1484.69,1576743.67,1484.69,,,3155488.33,1578744.66,2025-12-30,194
2025-12-31,ENTRY,SHRIRAMFIN,1613.00,977.47,1576660.39,977.47,,,1578744.66,2084.27,2025-12-30,194
2026-01-29,EXIT,BHARATFORG,1062.00,1455.02,1545227.85,1484.69,1455.02,-31515.82,2084.27,1547312.12,2026-01-28,195
2026-01-29,ENTRY,PSUBNKBEES,16586.00,99.70,1653624.15,99.70,,,1654467.53,843.38,2026-01-28,195
2026-02-26,EXIT,IDEA,164704.00,10.75,1770568.00,9.15,10.75,263526.46,843.38,1771411.38,2026-02-25,196
2026-02-26,EXIT,PSUBNKBEES,16586.00,110.40,1831094.43,99.70,110.40,177470.28,1771411.38,3602505.80,2026-02-25,196
2026-02-26,ENTRY,BHARATFORG,909.00,1896.35,1723778.94,1896.35,,,3450277.72,1726498.78,2026-02-25,196
2026-02-26,ENTRY,INDUSTOWER,3867.00,445.92,1724365.46,445.92,,,1726498.78,2133.32,2026-02-25,196
2026-03-30,EXIT,ASHOKLEY,8287.00,156.63,1297976.92,157.32,156.63,-5703.64,2133.32,1300110.24,2026-03-27,197
2026-03-30,EXIT,INDUSTOWER,3867.00,409.63,1584053.45,445.92,409.63,-140312.00,1300110.24,2884163.69,2026-03-27,197
2026-03-30,EXIT,SHRIRAMFIN,1592.00,883.01,1405744.23,977.47,883.01,-150389.27,2884163.69,4289907.92,2026-03-27,197
2026-03-30,ENTRY,GVT&D,418.00,3645.98,1524017.83,3645.98,,,4575920.57,3051902.74,2026-03-27,197
2026-03-30,ENTRY,LENSKART,3047.00,500.30,1524414.06,500.30,,,3051902.74,1527488.68,2026-03-27,197
2026-03-30,ENTRY,MCX,644.00,2365.40,1523320.24,2365.40,,,1527488.68,4168.43,2026-03-27,197
2026-04-30,EXIT,GVT&D,418.00,4483.90,1874270.85,3645.98,4483.90,350253.02,4168.43,1878439.28,2026-04-29,198
2026-04-30,EXIT,LENSKART,3047.00,511.75,1559302.25,500.30,511.75,34888.19,1878439.28,3437741.53,2026-04-29,198
2026-04-30,EXIT,MCX,644.00,2967.73,1911217.00,2365.40,2967.73,387896.76,3437741.53,5348958.53,2026-04-29,198
2026-04-30,ENTRY,GROWW,8249.00,213.20,1758686.77,213.20,,,5277678.47,3518991.69,2026-04-29,198
2026-04-30,ENTRY,ONGC,5793.00,303.61,1758801.36,303.61,,,3518991.69,1760190.33,2026-04-29,198
2026-04-30,ENTRY,POWERINDIA,53.00,32967.13,1747257.86,32967.13,,,1760190.33,12932.47,2026-04-29,198
2026-05-28,EXIT,BHARATFORG,926.00,1932.74,1789713.61,1896.35,1932.74,33696.78,12932.47,1802646.09,2026-05-27,199
2026-05-28,EXIT,GROWW,8249.00,187.35,1545450.20,213.20,187.35,-213236.57,1802646.09,3348096.29,2026-05-27,199
2026-05-28,EXIT,NATIONALUM,4111.00,431.95,1775755.28,260.75,431.95,703831.25,3348096.29,5123851.57,2026-05-27,199
2026-05-28,EXIT,ONGC,5793.00,272.89,1580844.61,303.61,272.89,-177956.75,5123851.57,6704696.17,2026-05-27,199
2026-05-28,ENTRY,ADANIENT,585.00,2971.77,1738486.32,2971.77,,,6967483.42,5228997.10,2026-05-27,199
2026-05-28,ENTRY,ATGL,2151.00,808.27,1738583.82,808.27,,,5228997.10,3490413.28,2026-05-27,199
2026-05-28,ENTRY,BSE,410.00,4237.24,1737267.09,4237.24,,,3490413.28,1753146.18,2026-05-27,199
2026-05-28,ENTRY,OFSS,168.00,10299.50,1730316.00,10299.50,,,1753146.18,22830.18,2026-05-27,199
2026-06-25,EXIT,BSE,410.00,3894.74,1596843.09,4237.24,3894.74,-140424.01,22830.18,1619673.27,2026-06-24,200
2026-06-25,EXIT,POWERINDIA,46.00,34291.81,1577423.29,32967.13,34291.81,60935.34,1619673.27,3197096.56,2026-06-24,200
2026-06-25,ENTRY,BHEL,4126.00,403.40,1664423.12,403.40,,,3334919.56,1670496.44,2026-06-24,200
2026-06-25,ENTRY,LAURUSLABS,1143.00,1455.50,1663636.50,1455.50,,,1670496.44,6859.94,2026-06-24,200
2026-07-23,EXIT,ATGL,2302.00,682.00,1569964.00,808.27,682.00,-290668.25,6859.94,1576823.94,2026-07-22,201
2026-07-23,ENTRY,KALYANKJIL,2879.00,595.67,1714932.43,595.67,,,1727701.74,12769.30,2026-07-22,201
2026-08-20,EXIT,ADANIENT,544.00,3000.00,1632000.00,2971.77,3000.00,15356.31,12769.30,1644769.30,2026-08-19,202
2026-08-20,EXIT,BHEL,4128.00,422.90,1745731.17,403.40,422.90,80501.26,1644769.30,3390500.48,2026-08-19,202
2026-08-20,EXIT,KALYANKJIL,2879.00,598.26,1722387.42,595.67,598.26,7454.99,3390500.48,5112887.90,2026-08-19,202
2026-08-20,ENTRY,EXIDEIND,3818.00,464.90,1774988.18,464.90,,,5328440.90,3553452.72,2026-08-19,202
2026-08-20,ENTRY,IDEA,125540.00,14.14,1775135.64,14.14,,,3553452.72,1778317.08,2026-08-19,202
2026-08-20,ENTRY,RADICO,376.00,4710.80,1771260.73,4710.80,,,1778317.08,7056.35,2026-08-19,202
2026-09-17,EXIT,EXIDEIND,3818.00,415.35,1585806.32,464.90,415.35,-189181.85,7056.35,1592862.67,2026-09-16,203
2026-09-17,EXIT,IDEA,125540.00,14.25,1788945.00,14.14,14.25,13809.36,1592862.67,3381807.67,2026-09-16,203
2026-09-17,EXIT,OFSS,150.00,11500.00,1725000.00,10299.50,11500.00,180075.00,3381807.67,5106807.67,2026-09-16,203
2026-09-17,EXIT,RADICO,376.00,4450.00,1673200.00,4710.80,4450.00,-98060.73,5106807.67,6780007.67,2026-09-16,203
2026-09-17,ENTRY,COFORGE,976.00,1766.80,1724396.85,1766.80,,,6905275.67,5180878.83,2026-09-16,203
2026-09-17,ENTRY,KALYANKJIL,2976.00,580.00,1726080.00,580.00,,,5180878.83,3454798.83,2026-09-16,203
2026-09-17,ENTRY,LENSKART,2545.00,678.00,1725510.00,678.00,,,3454798.83,1729288.83,2026-09-16,203
2026-09-17,ENTRY,PAYTM,961.00,1795.00,1724995.00,1795.00,,,1729288.83,4293.83,2026-09-16,203
